Workbook

Sheet Sec1
C1: HOMEWORK | G1: TESTS
A2: 38028 | C2: Win | D2: Exl | E2: Acc | F2: Wrd | G2: Windows | J2: Excel | M2: Access | P2: Word | S2: Total | T2: %
A3: =COUNTIF($A$6:$A$29,">0") -> 11 | G3: A | H3: B | I3: C | J3: A | K3: B | L3: C | M3: A | N3: B | O3: C | P3: A | Q3: B | R3: C | S3: 120
A4: Lab | B4: ID | C4: 40 | D4: 40 | E4: 40 | F4: 40 | G4: 29 | H4: 26 | I4: 25 | J4: 30 | K4: 28 | L4: 22 | M4: 23 | N4: 28 | O4: 29 | P4: 28 | Q4: 30 | R4: 22 | S4: 480
A6: 1 | B6: 1937 | C6: 39 | G6: 28 | H6: 25 | I6: 25 | S6: =SUM(C6:R6) -> 117 | T6: =IF(S6>0,(S6/ABS($S$3)*100),0) -> 97.5
A7: 1 | B7: 4470 | C7: 40 | G7: 29 | H7: 23 | I7: 21 | S7: =SUM(C7:R7) -> 113 | T7: =IF(S7>0,(S7/ABS($S$3)*100),0) -> 94.166667
A8: 1 | B8: 4276 | C8: 40 | G8: 24 | H8: 25 | I8: 23 | S8: =SUM(C8:R8) -> 112 | T8: =IF(S8>0,(S8/ABS($S$3)*100),0) -> 93.333333
A9: 1 | B9: 4149 | C9: 40 | G9: 28 | H9: 23 | I9: 21 | S9: =SUM(C9:R9) -> 112 | T9: =IF(S9>0,(S9/ABS($S$3)*100),0) -> 93.333333
A10: 1 | B10: 4926 | C10: 38 | G10: 29 | H10: 23 | I10: 21 | S10: =SUM(C10:R10) -> 111 | T10: =IF(S10>0,(S10/ABS($S$3)*100),0) -> 92.5
A11: 1 | B11: 6563 | C11: 39 | G11: 27 | H11: 24 | I11: 19 | S11: =SUM(C11:R11) -> 109 | T11: =IF(S11>0,(S11/ABS($S$3)*100),0) -> 90.833333
A12: 1 | B12: 6022 | C12: 39 | G12: 27 | H12: 24 | I12: 18 | S12: =SUM(C12:R12) -> 108 | T12: =IF(S12>0,(S12/ABS($S$3)*100),0) -> 90
A13: 1 | B13: 0175 | C13: 40 | G13: 26 | H13: 23 | I13: 18 | S13: =SUM(C13:R13) -> 107 | T13: =IF(S13>0,(S13/ABS($S$3)*100),0) -> 89.166667
A14: 1 | B14: 6624 | C14: 40 | G14: 21 | H14: 21 | I14: 19 | S14: =SUM(C14:R14) -> 101 | T14: =IF(S14>0,(S14/ABS($S$3)*100),0) -> 84.166667
A15: 1 | B15: 1314 | C15: 36 | G15: 24 | H15: 16 | I15: 15 | S15: =SUM(C15:R15) -> 91 | T15: =IF(S15>0,(S15/ABS($S$3)*100),0) -> 75.833333
A16: 1 | B16: 6854 | S16: =SUM(C16:R16) -> 0 | T16: =IF(S16>0,(S16/ABS($S$3)*100),0) -> 0
C30: =SUM(C$6:C$28) -> 391 | D30: =SUM(D$6:D$28) -> 0 | E30: =SUM(E$6:E$28) -> 0 | F30: =SUM(F$6:F$28) -> 0 | G30: =SUM(G$6:G$28) -> 263 | H30: =SUM(H$6:H$28) -> 227 | I30: =SUM(I$6:I$28) -> 200 | J30: =SUM(J$6:J$28) -> 0 | ... S30: =SUM(S$6:S$28) -> 1081
A32: Sec 1 Avg. | C32: =IF(C$30>0,AVERAGE(C$6:C$29),0) -> 39.1 | D32: =IF(D$30>0,AVERAGE(D$6:D$29),0) -> 0 | E32: =IF(E$30>0,AVERAGE(E$6:E$29),0) -> 0 | F32: =IF(F$30>0,AVERAGE(F$6:F$29),0) -> 0 | G32: =IF(G$30>0,AVERAGE(G$6:G$29),0) -> 26.3 | H32: =IF(H$30>0,AVERAGE(H$6:H$29),0) -> 22.7 | I32: =IF(I$30>0,AVERAGE(I$6:I$29),0) -> 20 | J32: =IF(J$30>0,AVERAGE(J$6:J$29),0) -> 0 | ... S32: =IF(S$30>0,AVERAGE(S$6:S$29),0) -> 98.272727 | T32: =IF(S32>0,(S32/ABS($S$3)*100),0) -> 81.893939
A34: All sections | C34: =IF(C$30>0,AVERAGE('Sec1'!C$6:C$16,'Sec2'!C$6:C$21,'Sec3'!C$6:C$11,'Sec4'!C$6:C$22,'Sec5'!C$6:C$13),0) -> 38.038462 | D34: =IF(D$30>0,AVERAGE('Sec1'!D$6:D$16,'Sec2'!D$6:D$21,'Sec3'!D$6:D$11,'Sec4'!D$6:D$22,'Sec5'!D$6:D$13),0) -> 0 | E34: =IF(E$30>0,AVERAGE('Sec1'!E$6:E$16,'Sec2'!E$6:E$21,'Sec3'!E$6:E$11,'Sec4'!E$6:E$22,'Sec5'!E$6:E$13),0) -> 0 | F34: =IF(F$30>0,AVERAGE('Sec1'!F$6:F$16,'Sec2'!F$6:F$21,'Sec3'!F$6:F$11,'Sec4'!F$6:F$22,'Sec5'!F$6:F$13),0) -> 0 | G34: =IF(G$30>0,AVERAGE('Sec1'!G$6:G$16,'Sec2'!G$6:G$21,'Sec3'!G$6:G$11,'Sec4'!G$6:G$22,'Sec5'!G$6:G$13),0) -> 25.730769 | H34: =IF(H$30>0,AVERAGE('Sec1'!H$6:H$16,'Sec2'!H$6:H$21,'Sec3'!H$6:H$11,'Sec4'!H$6:H$22,'Sec5'!H$6:H$13),0) -> 22.096154 | I34: =IF(I$30>0,AVERAGE('Sec1'!I$6:I$16,'Sec2'!I$6:I$21,'Sec3'!I$6:I$11,'Sec4'!I$6:I$22,'Sec5'!I$6:I$13),0) -> 19 | J34: =IF(J$30>0,AVERAGE('Sec1'!J$6:J$16,'Sec2'!J$6:J$21,'Sec3'!J$6:J$11,'Sec4'!J$6:J$22,'Sec5'!J$6:J$13),0) -> 0 | ... T34: =IF(T$30>0,AVERAGE('Sec1'!T$6:T$16,'Sec2'!T$6:T$21,'Sec3'!T$6:T$11,'Sec4'!T$6:T$22,'Sec5'!T$6:T$13),0) -> 78.347701

Sheet Sec2
C1: HOMEWORK | G1: TESTS
A2: 38028 | C2: Win | D2: Exl | E2: Acc | F2: Wrd | G2: Windows | J2: Excel | M2: Access | P2: Word | S2: Total | T2: %
A3: =COUNTIF($A$6:$A$29,">0") -> 16 | G3: A | H3: B | I3: C | J3: A | K3: B | L3: C | M3: A | N3: B | O3: C | P3: A | Q3: B | R3: C | S3: 120
A4: Lab | B4: ID | C4: 40 | D4: 40 | E4: 40 | F4: 40 | G4: 29 | H4: 26 | I4: 25 | J4: 30 | K4: 28 | L4: 22 | M4: 23 | N4: 28 | O4: 29 | P4: 28 | Q4: 30 | R4: 22 | S4: 480
A6: 2 | B6: 5230 | C6: 39 | G6: 28 | H6: 22 | I6: 22 | S6: =SUM(C6:R6) -> 111 | T6: =IF(S6>0,(S6/ABS($S$3)*100),0) -> 92.5
A7: 2 | B7: 2620 | C7: 38 | G7: 27 | H7: 24 | I7: 21 | S7: =SUM(C7:R7) -> 110 | T7: =IF(S7>0,(S7/ABS($S$3)*100),0) -> 91.666667
A8: 2 | B8: 2997 | C8: 39 | G8: 27 | H8: 22 | I8: 19 | S8: =SUM(C8:R8) -> 107 | T8: =IF(S8>0,(S8/ABS($S$3)*100),0) -> 89.166667
A9: 2 | B9: 4436 | C9: 37 | G9: 25 | H9: 24 | I9: 21 | S9: =SUM(C9:R9) -> 107 | T9: =IF(S9>0,(S9/ABS($S$3)*100),0) -> 89.166667
A10: 2 | B10: 0511 | C10: 38 | G10: 27 | H10: 22 | I10: 19 | S10: =SUM(C10:R10) -> 106 | T10: =IF(S10>0,(S10/ABS($S$3)*100),0) -> 88.333333
A11: 2 | B11: 4118 | C11: 39 | G11: 28 | H11: 19 | I11: 20 | S11: =SUM(C11:R11) -> 106 | T11: =IF(S11>0,(S11/ABS($S$3)*100),0) -> 88.333333
A12: 2 | B12: 7537 | C12: 38 | G12: 26 | H12: 19 | I12: 19 | S12: =SUM(C12:R12) -> 102 | T12: =IF(S12>0,(S12/ABS($S$3)*100),0) -> 85
A13: 2 | B13: 7063 | C13: 32 | G13: 29 | H13: 25 | I13: 15 | S13: =SUM(C13:R13) -> 101 | T13: =IF(S13>0,(S13/ABS($S$3)*100),0) -> 84.166667
A14: 2 | B14: 5464 | C14: 38 | G14: 22 | H14: 20 | I14: 17 | S14: =SUM(C14:R14) -> 97 | T14: =IF(S14>0,(S14/ABS($S$3)*100),0) -> 80.833333
A15: 2 | B15: 5639 | C15: 39 | G15: 22 | H15: 18 | I15: 15 | S15: =SUM(C15:R15) -> 94 | T15: =IF(S15>0,(S15/ABS($S$3)*100),0) -> 78.333333
A16: 2 | B16: 8167 | C16: 35 | G16: 21 | H16: 24 | I16: 12 | S16: =SUM(C16:R16) -> 92 | T16: =IF(S16>0,(S16/ABS($S$3)*100),0) -> 76.666667
A17: 2 | B17: 0980 | C17: 32 | G17: 22 | H17: 20 | I17: 16 | S17: =SUM(C17:R17) -> 90 | T17: =IF(S17>0,(S17/ABS($S$3)*100),0) -> 75
... A19: 2 | B19: 6734 | C19: 39 | G19: 21 | H19: 12 | I19: 13 | S19: =SUM(C19:R19) -> 85 | T19: =IF(S19>0,(S19/ABS($S$3)*100),0) -> 70.833333
A20: 2 | B20: 4558 | C20: x | G20: x | H20: x | I20: x | S20: =SUM(C20:R20) -> 0 | T20: =IF(S20>0,(S20/ABS($S$3)*100),0) -> 0
A21: 2 | B21: 9704 | C21: x | G21: x | H21: x | I21: x | S21: =SUM(C21:R21) -> 0 | T21: =IF(S21>0,(S21/ABS($S$3)*100),0) -> 0
B30: Total | C30: =SUM(C$6:C$29) -> 519 | D30: =SUM(D$6:D$29) -> 0 | E30: =SUM(E$6:E$29) -> 0 | F30: =SUM(F$6:F$29) -> 0 | G30: =SUM(G$6:G$29) -> 346 | H30: =SUM(H$6:H$29) -> 287 | I30: =SUM(I$6:I$29) -> 245 | J30: =SUM(J$6:J$29) -> 0 | ... S30: =SUM(S$6:S$29) -> 1397
A32: Sec 2 Avg. | C32: =IF(C$30>0,AVERAGE(C$6:C$29),0) -> 37.071429 | D32: =IF(D$30>0,AVERAGE(D$6:D$29),0) -> 0 | E32: =IF(E$30>0,AVERAGE(E$6:E$29),0) -> 0 | F32: =IF(F$30>0,AVERAGE(F$6:F$29),0) -> 0 | G32: =IF(G$30>0,AVERAGE(G$6:G$29),0) -> 24.714286 | H32: =IF(H$30>0,AVERAGE(H$6:H$29),0) -> 20.5 | I32: =IF(I$30>0,AVERAGE(I$6:I$29),0) -> 17.5 | J32: =IF(J$30>0,AVERAGE(J$6:J$29),0) -> 0 | ... S32: =IF(S$30>0,AVERAGE(S$6:S$29),0) -> 87.3125 | T32: =IF(S32>0,(S32/ABS($S$3)*100),0) -> 72.760417
A34: All sections | C34: =IF(C$30>0,AVERAGE('Sec1'!C$6:C$16,'Sec2'!C$6:C$21,'Sec3'!C$6:C$11,'Sec4'!C$6:C$22,'Sec5'!C$6:C$13),0) -> 38.038462 | D34: =IF(D$30>0,AVERAGE('Sec1'!D$6:D$16,'Sec2'!D$6:D$21,'Sec3'!D$6:D$11,'Sec4'!D$6:D$22,'Sec5'!D$6:D$13),0) -> 0 | E34: =IF(E$30>0,AVERAGE('Sec1'!E$6:E$16,'Sec2'!E$6:E$21,'Sec3'!E$6:E$11,'Sec4'!E$6:E$22,'Sec5'!E$6:E$13),0) -> 0 | F34: =IF(F$30>0,AVERAGE('Sec1'!F$6:F$16,'Sec2'!F$6:F$21,'Sec3'!F$6:F$11,'Sec4'!F$6:F$22,'Sec5'!F$6:F$13),0) -> 0 | G34: =IF(G$30>0,AVERAGE('Sec1'!G$6:G$16,'Sec2'!G$6:G$21,'Sec3'!G$6:G$11,'Sec4'!G$6:G$22,'Sec5'!G$6:G$13),0) -> 25.730769 | H34: =IF(H$30>0,AVERAGE('Sec1'!H$6:H$16,'Sec2'!H$6:H$21,'Sec3'!H$6:H$11,'Sec4'!H$6:H$22,'Sec5'!H$6:H$13),0) -> 22.096154 | I34: =IF(I$30>0,AVERAGE('Sec1'!I$6:I$16,'Sec2'!I$6:I$21,'Sec3'!I$6:I$11,'Sec4'!I$6:I$22,'Sec5'!I$6:I$13),0) -> 19 | J34: =IF(J$30>0,AVERAGE('Sec1'!J$6:J$16,'Sec2'!J$6:J$21,'Sec3'!J$6:J$11,'Sec4'!J$6:J$22,'Sec5'!J$6:J$13),0) -> 0 | ... T34: =IF(T$30>0,AVERAGE('Sec1'!T$6:T$16,'Sec2'!T$6:T$21,'Sec3'!T$6:T$11,'Sec4'!T$6:T$22,'Sec5'!T$6:T$13),0) -> 78.347701

Sheet Sec3
C1: HOMEWORK | G1: TESTS
A2: 38028 | C2: Win | D2: Exl | E2: Acc | F2: Wrd | G2: Windows | J2: Excel | M2: Access | P2: Word | S2: Total | T2: %
A3: =COUNTIF($A$6:$A$29,">0") -> 6 | G3: A | H3: B | I3: C | J3: A | K3: B | L3: C | M3: A | N3: B | O3: C | P3: A | Q3: B | R3: C | S3: 120
A4: Lab | B4: ID | C4: 40 | D4: 40 | E4: 40 | F4: 40 | G4: 29 | H4: 26 | I4: 25 | J4: 30 | K4: 28 | L4: 22 | M4: 23 | N4: 28 | O4: 29 | P4: 28 | Q4: 30 | R4: 22 | S4: 480
A6: 3 | B6: 7818 | C6: 40 | G6: 27 | H6: 24 | I6: 23 | S6: =SUM(C6:R6) -> 114 | T6: =IF(S6>0,(S6/ABS($S$3)*100),0) -> 95
A7: 3 | B7: 1164 | C7: 40 | G7: 27 | H7: 23 | I7: 21 | S7: =SUM(C7:R7) -> 111 | T7: =IF(S7>0,(S7/ABS($S$3)*100),0) -> 92.5
A8: 3 | B8: 2768 | C8: 39 | G8: 27 | H8: 24 | I8: 20 | S8: =SUM(C8:R8) -> 110 | T8: =IF(S8>0,(S8/ABS($S$3)*100),0) -> 91.666667
A9: 3 | B9: 2786 | C9: 40 | G9: 24 | H9: 23 | I9: 23 | S9: =SUM(C9:R9) -> 110 | T9: =IF(S9>0,(S9/ABS($S$3)*100),0) -> 91.666667
A10: 3 | B10: 6183 | C10: 40 | G10: 27 | H10: 22 | I10: 19 | S10: =SUM(C10:R10) -> 108 | T10: =IF(S10>0,(S10/ABS($S$3)*100),0) -> 90
A11: 3 | B11: 0236 | C11: 40 | G11: 28 | H11: 24 | I11: 15 | S11: =SUM(C11:R11) -> 107 | T11: =IF(S11>0,(S11/ABS($S$3)*100),0) -> 89.166667
B30: Total | C30: =SUM(C$6:C$24) -> 239 | D30: =SUM(D$6:D$24) -> 0 | E30: =SUM(E$6:E$24) -> 0 | F30: =SUM(F$6:F$24) -> 0 | G30: =SUM(G$6:G$24) -> 160 | H30: =SUM(H$6:H$24) -> 140 | I30: =SUM(I$6:I$24) -> 121 | J30: =SUM(J$6:J$24) -> 0 | ... S30: =SUM(S$6:S$24) -> 660
A32: Sec 3 Avg. | C32: =IF(C$30>0,AVERAGE(C$6:C$29),0) -> 39.833333 | D32: =IF(D$30>0,AVERAGE(D$6:D$29),0) -> 0 | E32: =IF(E$30>0,AVERAGE(E$6:E$29),0) -> 0 | F32: =IF(F$30>0,AVERAGE(F$6:F$29),0) -> 0 | G32: =IF(G$30>0,AVERAGE(G$6:G$29),0) -> 26.666667 | H32: =IF(H$30>0,AVERAGE(H$6:H$29),0) -> 23.333333 | I32: =IF(I$30>0,AVERAGE(I$6:I$29),0) -> 20.166667 | J32: =IF(J$30>0,AVERAGE(J$6:J$29),0) -> 0 | ... S32: =IF(S$30>0,AVERAGE(S$6:S$29),0) -> 110 | T32: =IF(S32>0,(S32/ABS($S$3)*100),0) -> 91.666667
A34: All sections | C34: =IF(C$30>0,AVERAGE('Sec1'!C$6:C$16,'Sec2'!C$6:C$21,'Sec3'!C$6:C$11,'Sec4'!C$6:C$22,'Sec5'!C$6:C$13),0) -> 38.038462 | D34: =IF(D$30>0,AVERAGE('Sec1'!D$6:D$16,'Sec2'!D$6:D$21,'Sec3'!D$6:D$11,'Sec4'!D$6:D$22,'Sec5'!D$6:D$13),0) -> 0 | E34: =IF(E$30>0,AVERAGE('Sec1'!E$6:E$16,'Sec2'!E$6:E$21,'Sec3'!E$6:E$11,'Sec4'!E$6:E$22,'Sec5'!E$6:E$13),0) -> 0 | F34: =IF(F$30>0,AVERAGE('Sec1'!F$6:F$16,'Sec2'!F$6:F$21,'Sec3'!F$6:F$11,'Sec4'!F$6:F$22,'Sec5'!F$6:F$13),0) -> 0 | G34: =IF(G$30>0,AVERAGE('Sec1'!G$6:G$16,'Sec2'!G$6:G$21,'Sec3'!G$6:G$11,'Sec4'!G$6:G$22,'Sec5'!G$6:G$13),0) -> 25.730769 | H34: =IF(H$30>0,AVERAGE('Sec1'!H$6:H$16,'Sec2'!H$6:H$21,'Sec3'!H$6:H$11,'Sec4'!H$6:H$22,'Sec5'!H$6:H$13),0) -> 22.096154 | I34: =IF(I$30>0,AVERAGE('Sec1'!I$6:I$16,'Sec2'!I$6:I$21,'Sec3'!I$6:I$11,'Sec4'!I$6:I$22,'Sec5'!I$6:I$13),0) -> 19 | J34: =IF(J$30>0,AVERAGE('Sec1'!J$6:J$16,'Sec2'!J$6:J$21,'Sec3'!J$6:J$11,'Sec4'!J$6:J$22,'Sec5'!J$6:J$13),0) -> 0 | ... T34: =IF(T$30>0,AVERAGE('Sec1'!T$6:T$16,'Sec2'!T$6:T$21,'Sec3'!T$6:T$11,'Sec4'!T$6:T$22,'Sec5'!T$6:T$13),0) -> 78.347701

Sheet Sec4
C1: HOMEWORK | G1: TESTS
A2: 38028 | C2: Win | D2: Exl | E2: Acc | F2: Wrd | G2: Windows | J2: Excel | M2: Access | P2: Word | S2: Total | T2: %
A3: =COUNTIF($A$6:$A$29,">0") -> 17 | G3: A | H3: B | I3: C | J3: A | K3: B | L3: C | M3: A | N3: B | O3: C | P3: A | Q3: B | R3: C | S3: 120
A4: Lab | B4: ID | C4: 40 | D4: 40 | E4: 40 | F4: 40 | G4: 29 | H4: 26 | I4: 25 | J4: 30 | K4: 28 | L4: 22 | M4: 23 | N4: 28 | O4: 29 | P4: 28 | Q4: 30 | R4: 22 | S4: 480
A6: 4 | B6: 5855 | C6: 40 | G6: 27 | H6: 25 | I6: 22 | S6: =SUM(C6:R6) -> 114 | T6: =IF(S6>0,(S6/ABS($S$3)*100),0) -> 95
A7: 4 | B7: 8050 | C7: 39 | G7: 29 | H7: 23 | I7: 23 | S7: =SUM(C7:R7) -> 114 | T7: =IF(S7>0,(S7/ABS($S$3)*100),0) -> 95
A8: 4 | B8: 6573 | C8: 40 | G8: 29 | H8: 23 | I8: 20 | S8: =SUM(C8:R8) -> 112 | T8: =IF(S8>0,(S8/ABS($S$3)*100),0) -> 93.333333
A9: 4 | B9: 9999 | C9: 38 | G9: 28 | H9: 25 | I9: 21 | S9: =SUM(C9:R9) -> 112 | T9: =IF(S9>0,(S9/ABS($S$3)*100),0) -> 93.333333
A10: 4 | B10: 7286 | C10: 39 | G10: 28 | H10: 22 | I10: 22 | S10: =SUM(C10:R10) -> 111 | T10: =IF(S10>0,(S10/ABS($S$3)*100),0) -> 92.5
A11: 4 | B11: 6893 | C11: 39 | G11: 28 | H11: 23 | I11: 20 | S11: =SUM(C11:R11) -> 110 | T11: =IF(S11>0,(S11/ABS($S$3)*100),0) -> 91.666667
A12: 4 | B12: 8692 | C12: 36 | G12: 29 | H12: 24 | I12: 21 | S12: =SUM(C12:R12) -> 110 | T12: =IF(S12>0,(S12/ABS($S$3)*100),0) -> 91.666667
A13: 4 | B13: 1266 | C13: 39 | G13: 26 | H13: 23 | I13: 21 | S13: =SUM(C13:R13) -> 109 | T13: =IF(S13>0,(S13/ABS($S$3)*100),0) -> 90.833333
A14: 4 | B14: 6276 | C14: 40 | G14: 26 | H14: 24 | I14: 17 | S14: =SUM(C14:R14) -> 107 | T14: =IF(S14>0,(S14/ABS($S$3)*100),0) -> 89.166667
A15: 4 | B15: 2644 | C15: 39 | G15: 25 | H15: 22 | I15: 19 | S15: =SUM(C15:R15) -> 105 | T15: =IF(S15>0,(S15/ABS($S$3)*100),0) -> 87.5
A16: 4 | B16: 0014 | C16: 38 | G16: 27 | H16: 22 | I16: 17 | S16: =SUM(C16:R16) -> 104 | T16: =IF(S16>0,(S16/ABS($S$3)*100),0) -> 86.666667
A17: 4 | B17: 2389 | C17: 39 | G17: 25 | H17: 22 | I17: 18 | S17: =SUM(C17:R17) -> 104 | T17: =IF(S17>0,(S17/ABS($S$3)*100),0) -> 86.666667
A18: 4 | B18: 3477 | C18: 29 | G18: 26 | H18: 23 | I18: 20 | S18: =SUM(C18:R18) -> 98 | T18: =IF(S18>0,(S18/ABS($S$3)*100),0) -> 81.666667
A19: 4 | B19: 9511 | C19: 39 | G19: 22 | H19: 18 | I19: 17 | S19: =SUM(C19:R19) -> 96 | T19: =IF(S19>0,(S19/ABS($S$3)*100),0) -> 80
A20: 4 | B20: 3601 | G20: 24 | H20: 24 | I20: 19 | S20: =SUM(C20:R20) -> 67 | T20: =IF(S20>0,(S20/ABS($S$3)*100),0) -> 55.833333
A21: 4 | B21: 4705 | C21: 39 | S21: =SUM(C21:R21) -> 39 | T21: =IF(S21>0,(S21/ABS($S$3)*100),0) -> 32.5
A22: 4 | B22: 1793 | S22: =SUM(C22:R22) -> 0 | T22: =IF(S22>0,(S22/ABS($S$3)*100),0) -> 0
B30: Total | C30: =SUM(C$6:C$29) -> 573 | D30: =SUM(D$6:D$29) -> 0 | E30: =SUM(E$6:E$29) -> 0 | F30: =SUM(F$6:F$29) -> 0 | G30: =SUM(G$6:G$29) -> 399 | H30: =SUM(H$6:H$29) -> 343 | I30: =SUM(I$6:I$29) -> 297 | J30: =SUM(J$6:J$29) -> 0 | ... S30: =SUM(S$6:S$29) -> 1612
A32: Sec 4 Avg. | C32: =IF(C$30>0,AVERAGE(C$6:C$29),0) -> 38.2 | D32: =IF(D$30>0,AVERAGE(D$6:D$29),0) -> 0 | E32: =IF(E$30>0,AVERAGE(E$6:E$29),0) -> 0 | F32: =IF(F$30>0,AVERAGE(F$6:F$29),0) -> 0 | G32: =IF(G$30>0,AVERAGE(G$6:G$29),0) -> 26.6 | H32: =IF(H$30>0,AVERAGE(H$6:H$29),0) -> 22.866667 | I32: =IF(I$30>0,AVERAGE(I$6:I$29),0) -> 19.8 | J32: =IF(J$30>0,AVERAGE(J$6:J$29),0) -> 0 | ... S32: =IF(S$30>0,AVERAGE(S$6:S$29),0) -> 94.823529 | T32: =IF(S32>0,(S32/ABS($S$3)*100),0) -> 79.019608
A34: All sections | C34: =IF(C$30>0,AVERAGE('Sec1'!C$6:C$16,'Sec2'!C$6:C$21,'Sec3'!C$6:C$11,'Sec4'!C$6:C$22,'Sec5'!C$6:C$13),0) -> 38.038462 | D34: =IF(D$30>0,AVERAGE('Sec1'!D$6:D$16,'Sec2'!D$6:D$21,'Sec3'!D$6:D$11,'Sec4'!D$6:D$22,'Sec5'!D$6:D$13),0) -> 0 | E34: =IF(E$30>0,AVERAGE('Sec1'!E$6:E$16,'Sec2'!E$6:E$21,'Sec3'!E$6:E$11,'Sec4'!E$6:E$22,'Sec5'!E$6:E$13),0) -> 0 | F34: =IF(F$30>0,AVERAGE('Sec1'!F$6:F$16,'Sec2'!F$6:F$21,'Sec3'!F$6:F$11,'Sec4'!F$6:F$22,'Sec5'!F$6:F$13),0) -> 0 | G34: =IF(G$30>0,AVERAGE('Sec1'!G$6:G$16,'Sec2'!G$6:G$21,'Sec3'!G$6:G$11,'Sec4'!G$6:G$22,'Sec5'!G$6:G$13),0) -> 25.730769 | H34: =IF(H$30>0,AVERAGE('Sec1'!H$6:H$16,'Sec2'!H$6:H$21,'Sec3'!H$6:H$11,'Sec4'!H$6:H$22,'Sec5'!H$6:H$13),0) -> 22.096154 | I34: =IF(I$30>0,AVERAGE('Sec1'!I$6:I$16,'Sec2'!I$6:I$21,'Sec3'!I$6:I$11,'Sec4'!I$6:I$22,'Sec5'!I$6:I$13),0) -> 19 | J34: =IF(J$30>0,AVERAGE('Sec1'!J$6:J$16,'Sec2'!J$6:J$21,'Sec3'!J$6:J$11,'Sec4'!J$6:J$22,'Sec5'!J$6:J$13),0) -> 0 | ... T34: =IF(T$30>0,AVERAGE('Sec1'!T$6:T$16,'Sec2'!T$6:T$21,'Sec3'!T$6:T$11,'Sec4'!T$6:T$22,'Sec5'!T$6:T$13),0) -> 78.347701

Sheet Sec5
C1: HOMEWORK | G1: TESTS
A2: 38028 | C2: Win | D2: Exl | E2: Acc | F2: Wrd | G2: Windows | J2: Excel | M2: Access | P2: Word | S2: Total | T2: %
A3: =COUNTIF($A$6:$A$29,">0") -> 8 | G3: A | H3: B | I3: C | J3: A | K3: B | L3: C | M3: A | N3: B | O3: C | P3: A | Q3: B | R3: C | S3: 120
A4: Lab | B4: ID | C4: 40 | D4: 40 | E4: 40 | F4: 40 | G4: 29 | H4: 26 | I4: 25 | J4: 30 | K4: 28 | L4: 22 | M4: 23 | N4: 28 | O4: 29 | P4: 28 | Q4: 30 | R4: 22 | S4: 480
A6: 5 | B6: 1091 | C6: 40 | G6: 28 | H6: 26 | I6: 24 | S6: =SUM(C6:R6) -> 118 | T6: =IF(S6>0,(S6/ABS($S$3)*100),0) -> 98.333333
A7: 5 | B7: 0338 | C7: 38 | G7: 27 | H7: 23 | I7: 23 | S7: =SUM(C7:R7) -> 111 | T7: =IF(S7>0,(S7/ABS($S$3)*100),0) -> 92.5
A8: 5 | B8: 7347 | C8: 35 | G8: 25 | H8: 23 | I8: 22 | S8: =SUM(C8:R8) -> 105 | T8: =IF(S8>0,(S8/ABS($S$3)*100),0) -> 87.5
A9: 5 | B9: 5217 | C9: 39 | G9: 24 | H9: 21 | I9: 15 | S9: =SUM(C9:R9) -> 99 | T9: =IF(S9>0,(S9/ABS($S$3)*100),0) -> 82.5
A10: 5 | B10: 8208 | C10: 40 | G10: 22 | H10: 19 | I10: 14 | S10: =SUM(C10:R10) -> 95 | T10: =IF(S10>0,(S10/ABS($S$3)*100),0) -> 79.166667
A11: 5 | B11: 7009 | C11: 35 | G11: 23 | H11: 18 | I11: 14 | S11: =SUM(C11:R11) -> 90 | T11: =IF(S11>0,(S11/ABS($S$3)*100),0) -> 75
A12: 5 | B12: 5210 | C12: 29 | G12: 21 | H12: 22 | I12: 13 | S12: =SUM(C12:R12) -> 85 | T12: =IF(S12>0,(S12/ABS($S$3)*100),0) -> 70.833333
A13: 5 | B13: 3883 | C13: x | G13: x | H13: x | I13: x | S13: =SUM(C13:R13) -> 0 | T13: =IF(S13>0,(S13/ABS($S$3)*100),0) -> 0
B30: Total | C30: =SUM(C$6:C$29) -> 256 | D30: =SUM(D$6:D$29) -> 0 | E30: =SUM(E$6:E$29) -> 0 | F30: =SUM(F$6:F$29) -> 0 | G30: =SUM(G$6:G$29) -> 170 | H30: =SUM(H$6:H$29) -> 152 | I30: =SUM(I$6:I$29) -> 125 | J30: =SUM(J$6:J$29) -> 0 | ... S30: =SUM(S$6:S$29) -> 703
A32: Sec 5 Avg. | C32: =IF(C$30>0,AVERAGE(C$6:C$29),0) -> 36.571429 | D32: =IF(D$30>0,AVERAGE(D$6:D$29),0) -> 0 | E32: =IF(E$30>0,AVERAGE(E$6:E$29),0) -> 0 | F32: =IF(F$30>0,AVERAGE(F$6:F$29),0) -> 0 | G32: =IF(G$30>0,AVERAGE(G$6:G$29),0) -> 24.285714 | H32: =IF(H$30>0,AVERAGE(H$6:H$29),0) -> 21.714286 | I32: =IF(I$30>0,AVERAGE(I$6:I$29),0) -> 17.857143 | J32: =IF(J$30>0,AVERAGE(J$6:J$29),0) -> 0 | ... S32: =IF(S$30>0,AVERAGE(S$6:S$29),0) -> 87.875 | T32: =IF(S32>0,(S32/ABS($S$3)*100),0) -> 73.229167
A34: All sections | C34: =IF(C$30>0,AVERAGE('Sec1'!C$6:C$16,'Sec2'!C$6:C$21,'Sec3'!C$6:C$11,'Sec4'!C$6:C$22,'Sec5'!C$6:C$13),0) -> 38.038462 | D34: =IF(D$30>0,AVERAGE('Sec1'!D$6:D$16,'Sec2'!D$6:D$21,'Sec3'!D$6:D$11,'Sec4'!D$6:D$22,'Sec5'!D$6:D$13),0) -> 0 | E34: =IF(E$30>0,AVERAGE('Sec1'!E$6:E$16,'Sec2'!E$6:E$21,'Sec3'!E$6:E$11,'Sec4'!E$6:E$22,'Sec5'!E$6:E$13),0) -> 0 | F34: =IF(F$30>0,AVERAGE('Sec1'!F$6:F$16,'Sec2'!F$6:F$21,'Sec3'!F$6:F$11,'Sec4'!F$6:F$22,'Sec5'!F$6:F$13),0) -> 0 | G34: =IF(G$30>0,AVERAGE('Sec1'!G$6:G$16,'Sec2'!G$6:G$21,'Sec3'!G$6:G$11,'Sec4'!G$6:G$22,'Sec5'!G$6:G$13),0) -> 25.730769 | H34: =IF(H$30>0,AVERAGE('Sec1'!H$6:H$16,'Sec2'!H$6:H$21,'Sec3'!H$6:H$11,'Sec4'!H$6:H$22,'Sec5'!H$6:H$13),0) -> 22.096154 | I34: =IF(I$30>0,AVERAGE('Sec1'!I$6:I$16,'Sec2'!I$6:I$21,'Sec3'!I$6:I$11,'Sec4'!I$6:I$22,'Sec5'!I$6:I$13),0) -> 19 | J34: =IF(J$30>0,AVERAGE('Sec1'!J$6:J$16,'Sec2'!J$6:J$21,'Sec3'!J$6:J$11,'Sec4'!J$6:J$22,'Sec5'!J$6:J$13),0) -> 0 | ... T34: =IF(T$30>0,AVERAGE('Sec1'!T$6:T$16,'Sec2'!T$6:T$21,'Sec3'!T$6:T$11,'Sec4'!T$6:T$22,'Sec5'!T$6:T$13),0) -> 78.347701
