Workbook
Name Print_Area_MI: Spring2004!#REF!

Sheet student
C1: GRADE CALCULATOR
A2: Input Your
A3: Student ID # ----------> | C3: <----then hit enter to calculate your grade.
B5: Your Grade | E5: Class Average
A6: Current points | B6: =VLOOKUP($B$3,Spring2004!$U$25:'Spring2004'!$V$54,2,FALSE) -> #N/A | E6: =Spring2004!V51 -> 191.02308
A7: Current grade | B7: =VLOOKUP(B6,Spring2004!$U$1:'Spring2004'!$V$9, 2) -> #N/A | E7: =VLOOKUP(E6,Spring2004!$U$1:'Spring2004'!$V$9, 2) -> B
A8: Your Rank in Class | B8: =VLOOKUP($B$3,Spring2004!$U$25:'Spring2004'!$AG$53,13, FALSE) -> #N/A
B9: Multiple Choice | C9: Essay | E9: Multiple Choice | F9: Essay
A10: Exam #1 | B10: =VLOOKUP(B3,Spring2004!$U$25:'Spring2004'!$Y$53,5, FALSE) -> #N/A | C10: =VLOOKUP($B$3,Spring2004!$U$25:'Spring2004'!$Z$53,6, FALSE) -> #N/A | E10: =Spring2004!$Y51 -> 50.461538 | F10: =Spring2004!$Z51 -> 31.538462
A11: Exam #2 | B11: =VLOOKUP(B3,Spring2004!$U$25:'Spring2004'!$AA$53,7, FALSE) -> #N/A | C11: =VLOOKUP($B$3,Spring2004!$U$25:'Spring2004'!$AB$53,8, FALSE) -> #N/A | E11: =Spring2004!$AA51 -> 41 | F11: =Spring2004!$AB51 -> 27.461538
A12: Exam #3 | B12: =VLOOKUP(B3,Spring2004!$U$25:'Spring2004'!$AC$64,9, FALSE) -> #N/A | C12: =VLOOKUP($B$3,Spring2004!$U$25:'Spring2004'!$AD$64,10, FALSE) -> #N/A | E12: =Spring2004!$AC51 -> 0 | F12: =Spring2004!$AD51 -> 0
A13: Final Exam | B13: =VLOOKUP(B3,Spring2004!$U$25:'Spring2004'!$AE$64,11, FALSE) -> #N/A | C13: =VLOOKUP($B$3,Spring2004!$U$25:'Spring2004'!$AI$54,12, FALSE) -> #N/A | E13: =Spring2004!$AF51 -> 0 | F13: =Spring2004!$AD52 -> 0
A15: Homework | B15: =VLOOKUP(B3,Spring2004!U24:'Spring2004'!Y53,4,FALSE) -> #N/A | E15: =Spring2004!$X51 -> 21.269231
A16: In-Class Tasks | B16: =VLOOKUP(B3,Spring2004!U25:'Spring2004'!Y54,3,FALSE) -> #N/A | E16: =Spring2004!$W51 -> 19.292308
A18: * Note - If you would like to protect the privacy of your grade please submit a new ID of your choosing to the Instructor.

Sheet Spring2004
U1: 0 | V1: F
U2: =0.25*AC3 -> 62.5 | V2: D
U3: =0.55*AC3 -> 137.5 | V3: C | AC3: 250
U4: =0.65*AC3 -> 162.5 | V4: C+
U5: =0.7*AC3 -> 175 | V5: B-
U6: =0.76*AC3 -> 190 | V6: B
U7: =0.86*AC3 -> 215 | V7: B+
U8: =0.89*AC3 -> 222.5 | V8: A-
U9: =0.93*AC3 -> 232.5 | V9: A
C23: In-Class Tasks and Pop-quizzes | M23: Homework | V23: Total | W23: Total | X23: Total | Y23: Exam 1 | AA23: Exam 2 | AC23: Exam 3 | AE23: Final | AG23: Your
A24: 1 | B24: 2 | C24: 3 | D24: 4 | E24: 5 | F24: 6 | G24: 7 | H24: 8 | I24: 9 | J24: 10 | K24: 1 | L24: 2 | M24: 3 | N24: 4 | O24: 5 | P24: 6 | Q24: 7 | R24: 8 | S24: 9 | T24: 10 | U24: Student ID | V24: Points | W24: In-Class Tasks | X24: Homeworks | Y24: Multiple | Z24: Essay | AA24: Multiple | AB24: Essay | AC24: Multiple | AD24: Essay | AE24: Multiple | AF24: Essay | AG24: Rank
A25: 5 | B25: 3.75 | C25: 4.5 | D25: 5 | E25: 0 | F25: 2.25 | G25: 0 | H25: 0 | I25: 0 | J25: 0 | K25: 5 | L25: 5 | M25: 5 | N25: 5 | O25: 5 | P25: 0 | Q25: 0 | R25: 0 | S25: 0 | T25: 0 | U25: 201626197 | V25: =SUM(W25:AF25) -> 233.5 | W25: =SUM(A25:J25) -> 20.5 | X25: =SUM(K25:T25) -> 25 | Y25: 54 | Z25: 40 | AA25: 54 | AB25: 40 | AC25: 0 | AD25: 0 | AE25: 0 | AF25: 0 | AG25: 1 | AH25: 233.5 | AI25: 69 | AJ25: 26 | AK25: d
A26: 5 | B26: 4 | C26: 4.5 | D26: 5 | E26: 0 | F26: 4 | G26: 0 | H26: 0 | I26: 0 | J26: 0 | K26: 5 | L26: 5 | M26: 5 | N26: 5 | O26: 5 | P26: 0 | Q26: 0 | R26: 0 | S26: 0 | T26: 0 | U26: 146905573 | V26: =SUM(W26:AF26) -> 222.5 | W26: =SUM(A26:J26) -> 22.5 | X26: =SUM(K26:T26) -> 25 | Y26: 54 | Z26: 40 | AA26: 46 | AB26: 35 | AC26: 0 | AD26: 0 | AE26: 0 | AF26: 0 | AG26: 5 | AH26: 222.5 | AI26: 107.75 | AJ26: 25 | AK26: d
A27: 5 | B27: 4.25 | C27: 3.5 | D27: 5 | E27: 0 | F27: 2.5 | G27: 0 | H27: 0 | I27: 0 | J27: 0 | K27: 4.5 | L27: 5 | M27: 5 | N27: 2 | O27: 5 | P27: 0 | Q27: 0 | R27: 0 | S27: 0 | T27: 0 | U27: 205628483 | V27: =SUM(W27:AF27) -> 139.75 | W27: =SUM(A27:J27) -> 20.25 | X27: =SUM(K27:T27) -> 21.5 | Y27: 48 | Z27: 10 | AA27: 30 | AB27: 10 | AC27: 0 | AD27: 0 | AE27: 0 | AF27: 0 | AG27: 24 | AH27: 139.75 | AI27: 139.75 | AJ27: 24 | AK27: c
A28: 5 | B28: 0 | C28: 4.25 | D28: 5 | E28: 0 | F28: 2.25 | G28: 0 | H28: 0 | I28: 0 | J28: 0 | K28: 4.5 | L28: 5 | M28: 5 | N28: 5 | O28: 2 | P28: 0 | Q28: 0 | R28: 0 | S28: 0 | T28: 0 | U28: 142804315 | V28: =SUM(W28:AF28) -> 171 | W28: =SUM(A28:J28) -> 16.5 | X28: =SUM(K28:T28) -> 21.5 | Y28: 48 | Z28: 20 | AA28: 40 | AB28: 25 | AC28: 0 | AD28: 0 | AE28: 0 | AF28: 0 | AG28: 19 | AH28: 171 | AI28: 148.25 | AJ28: 23 | AK28: c
A29: 5 | B29: 3.75 | C29: 5 | D29: 5 | E29: 0 | F29: 0 | G29: 0 | H29: 0 | I29: 0 | J29: 0 | K29: 5 | L29: 5 | M29: 3 | N29: 5 | O29: 5 | P29: 0 | Q29: 0 | R29: 0 | S29: 0 | T29: 0 | U29: 216190049 | V29: =SUM(W29:AF29) -> 189.75 | W29: =SUM(A29:J29) -> 18.75 | X29: =SUM(K29:T29) -> 23 | Y29: 52 | Z29: 25 | AA29: 46 | AB29: 25 | AC29: 0 | AD29: 0 | AE29: 0 | AF29: 0 | AG29: 17 | AH29: 189.75 | AI29: 164.75 | AJ29: 22 | AK29: c+
A30: 5 | B30: 3.75 | C30: 4.25 | D30: 5 | E30: 0 | F30: 3 | G30: 0 | H30: 0 | I30: 0 | J30: 0 | K30: 4.5 | L30: 5 | M30: 5 | N30: 5 | O30: 5 | P30: 0 | Q30: 0 | R30: 0 | S30: 0 | T30: 0 | U30: 194683102 | V30: =SUM(W30:AF30) -> 197.5 | W30: =SUM(A30:J30) -> 21 | X30: =SUM(K30:T30) -> 24.5 | Y30: 48 | Z30: 30 | AA30: 34 | AB30: 40 | AC30: 0 | AD30: 0 | AE30: 0 | AF30: 0 | AG30: 16 | AH30: 197.5 | AI30: 167.75 | AJ30: 21 | AK30: c+
A31: 5 | B31: 4.5 | C31: 4.5 | D31: 5 | E31: 0 | F31: 2.25 | G31: 0 | H31: 0 | I31: 0 | J31: 0 | K31: 5 | L31: 5 | M31: 5 | N31: 5 | O31: 5 | P31: 0 | Q31: 0 | R31: 0 | S31: 0 | T31: 0 | U31: 169664178 | V31: =SUM(W31:AF31) -> 217.25 | W31: =SUM(A31:J31) -> 21.25 | X31: =SUM(K31:T31) -> 25 | Y31: 54 | Z31: 40 | AA31: 50 | AB31: 27 | AC31: 0 | AD31: 0 | AE31: 0 | AF31: 0 | AG31: 9 | AH31: 217.25 | AI31: 170 | AJ31: 20 | AK31: c+
A32: 5 | B32: 4.25 | C32: 4.5 | D32: 5 | E32: 0 | F32: 4 | G32: 0 | H32: 0 | I32: 0 | J32: 0 | K32: 3.5 | L32: 4.5 | M32: 5 | N32: 2 | O32: 3 | P32: 0 | Q32: 0 | R32: 0 | S32: 0 | T32: 0 | U32: 314929651 | V32: =SUM(W32:AF32) -> 167.75 | W32: =SUM(A32:J32) -> 22.75 | X32: =SUM(K32:T32) -> 18 | Y32: 42 | Z32: 25 | AA32: 40 | AB32: 20 | AC32: 0 | AD32: 0 | AE32: 0 | AF32: 0 | AG32: 21 | AH32: 167.75 | AI32: 171 | AJ32: 19 | AK32: c+
A33: 5 | B33: 3.5 | C33: 4.25 | D33: 5 | E33: 0 | F33: 2.25 | G33: 0 | H33: 0 | I33: 0 | J33: 0 | K33: 5 | L33: 5 | M33: 0 | N33: 5 | O33: 5 | P33: 0 | Q33: 0 | R33: 0 | S33: 0 | T33: 0 | U33: 145942820 | V33: =SUM(W33:AF33) -> 170 | W33: =SUM(A33:J33) -> 20 | X33: =SUM(K33:T33) -> 20 | Y33: 56 | Z33: 20 | AA33: 32 | AB33: 22 | AC33: 0 | AD33: 0 | AE33: 0 | AF33: 0 | AG33: 20 | AH33: 170 | AI33: 171.25 | AJ33: 18 | AK33: c+
A34: 5 | B34: 4.25 | C34: 4.5 | D34: 5 | E34: 0 | F34: 2.5 | G34: 0 | H34: 0 | I34: 0 | J34: 0 | K34: 5 | L34: 5 | M34: 5 | N34: 5 | O34: 5 | P34: 0 | Q34: 0 | R34: 0 | S34: 0 | T34: 0 | U34: 200648173 | V34: =SUM(W34:AF34) -> 219.25 | W34: =SUM(A34:J34) -> 21.25 | X34: =SUM(K34:T34) -> 25 | Y34: 50 | Z34: 35 | AA34: 48 | AB34: 40 | AC34: 0 | AD34: 0 | AE34: 0 | AF34: 0 | AG34: 7 | AH34: 219.25 | AI34: 189.75 | AJ34: 17 | AK34: b-
A35: 5 | B35: 4.5 | C35: 4.5 | D35: 5 | E35: 0 | F35: 2.25 | G35: 0 | H35: 0 | I35: 0 | J35: 0 | K35: 4.5 | L35: 5 | M35: 5 | N35: 2 | O35: 5 | P35: 0 | Q35: 0 | R35: 0 | S35: 0 | T35: 0 | U35: 18749362 | V35: =SUM(W35:AF35) -> 210.75 | W35: =SUM(A35:J35) -> 21.25 | X35: =SUM(K35:T35) -> 21.5 | Y35: 54 | Z35: 40 | AA35: 34 | AB35: 40 | AC35: 0 | AD35: 0 | AE35: 0 | AF35: 0 | AG35: 13 | AH35: 210.75 | AI35: 197.5 | AJ35: 16 | AK35: b
A36: 5 | B36: 0 | C36: 0 | D36: 0 | E36: 0 | F36: 0 | G36: 0 | H36: 0 | I36: 0 | J36: 0 | K36: 0 | L36: 0 | M36: 0 | N36: 0 | O36: 0 | P36: 0 | Q36: 0 | R36: 0 | S36: 0 | T36: 0 | U36: 234316084 | V36: =SUM(W36:AF36) -> 69 | W36: =SUM(A36:J36) -> 5 | X36: =SUM(K36:T36) -> 0 | Y36: 38 | Z36: 5 | AA36: 16 | AB36: 5 | AC36: 0 | AD36: 0 | AE36: 0 | AF36: 0 | AG36: 26 | AH36: 69 | AI36: 201.75 | AJ36: 15 | AK36: b
... A50: 5 | B50: 3 | C50: 4 | D50: 5 | E50: 0 | F50: 3.5 | G50: 0 | H50: 0 | I50: 0 | J50: 0 | K50: 5 | L50: 4.5 | M50: 5 | N50: 5 | O50: 5 | P50: 0 | Q50: 0 | R50: 0 | S50: 0 | T50: 0 | U50: 176662642 | V50: =SUM(W50:AF50) -> 206 | W50: =SUM(A50:J50) -> 20.5 | X50: =SUM(K50:T50) -> 24.5 | Y50: 56 | Z50: 40 | AA50: 40 | AB50: 25 | AC50: 0 | AD50: 0 | AE50: 0 | AF50: 0 | AG50: 14 | AH50: 206 | AI50: 233.5 | AJ50: 1 | AK50: a
A51: =AVERAGE(A25:A50) -> 5 | B51: =AVERAGE(B25:B50) -> 3.6480769 | C51: =AVERAGE(C25:C50) -> 3.8653846 | D51: =AVERAGE(D25:D50) -> 4.2307692 | E51: =AVERAGE(E25:E50) -> 0 | F51: =AVERAGE(F25:F50) -> 2.5480769 | G51: =AVERAGE(G25:G50) -> 0 | H51: =AVERAGE(H25:H50) -> 0 | ... R51: =AVERAGE(R25:R50) -> 0 | S51: =AVERAGE(I25:I50) -> 0 | T51: =AVERAGE(J25:J50) -> 0 | U51: -100 | V51: =SUM(W51:AF51) -> 191.02308 | W51: =AVERAGE(W25:W50) -> 19.292308 | X51: =AVERAGE(X25:X50) -> 21.269231 | Y51: =AVERAGE(Y25:Y50) -> 50.461538 | Z51: =AVERAGE(Z25:Z50) -> 31.538462 | AA51: =AVERAGE(AA25:AA50) -> 41 | AB51: =AVERAGE(AB25:AB50) -> 27.461538 | AC51: =AVERAGE(AC25:AC50) -> 0 | AD51: =AVERAGE(AD25:AD50) -> 0 | ... AG51: =AVERAGE(AG25:AG50) -> 13.5
