Workbook
Name Revised: ' High School Courses'!$A$1

Sheet  High School Courses
A1: As of: 24 February 2003 @ 1:00 | G1: File Name 03-04COR.XLS
A2: NOTE: USE THE TABS AT THE BOTTOM OF THIS SHEET TO SWITCH BETWEEN GRADES 9-12, GRADES 5-8, GRADES K-6, IB COURSES & AFCENT
A3: Scroll to the bottom of the sheet for changes (Drops and Adds) since the last publication
A4: SUBJECT AREA COLUMN: GC = Computer, GE = Soc Studies, GF = Fine Arts, GG = US Government, GH = Health, GL = Language Arts, GM = Math,
A5: GP = Phys Ed, GS = Science, GU = US Hist, GV = Careers, GD = Second Language (The G means "meets Graduation Requirements")
A6: COURSE TITLE | B6: TITLE LEN | C6: CODE | D6: GRADE | E6: LENGTH | F6: SUBJECT AREA | G6: COMMENT
A7: Staff Assistant | B7: =LEN(A7) -> 15 | C7: AAC301 | D7: 9-12 | E7: 36 | F7: No Credit | G7: (No Credit)
A8: Lunch | B8: =LEN(A8) -> 5 | C8: AAC102 | D8: 5-12 | E8: 36 | F8: No Credit | G8: (No Credit)
A9: Learning Strat I | B9: =LEN(A9) -> 16 | C9: AAC331X1 | D9: 9-12 | E9: 36 | F9: Elective | G9: Only for students on IEP. Expand Course Sequencing - Policy Change No Repeat Code
A10: Learning Strat II | B10: =LEN(A10) -> 17 | C10: AAC331X2 | D10: 9-12 | E10: 36 | F10: Elective | G10: Only for students on IEP. Expand Course Sequencing - Policy Change No Repeat Code
A11: Learning Strat III | B11: =LEN(A11) -> 18 | C11: AAC331X3 | D11: 9-12 | E11: 36 | F11: Elective | G11: Only for students on IEP. Expand Course Sequencing - Policy Change No Repeat Code
A12: Learning Strat IV | B12: =LEN(A12) -> 17 | C12: AAC331X4 | D12: 9-12 | E12: 36 | F12: Elective | G12: Only for students on IEP. Expand Course Sequencing - Policy Change No Repeat Code
A13: Advisory | B13: =LEN(A13) -> 8 | C13: AAD301 | D13: 9-12 | E13: 36 | F13: No Credit | G13: (No Credit)
A14: Seminar | B14: =LEN(A14) -> 7 | C14: AAH301 | D14: 9-12 | E14: 36 | F14: No Credit | G14: (No Credit)
A15: Seminar 9 | B15: =LEN(A15) -> 9 | C15: AAH301X1 | D15: 9 | E15: 36 | F15: No Credit | G15: (No Credit) New Course Expansion for Grade Level
A16: Seminar 10 | B16: =LEN(A16) -> 10 | C16: AAH301X2 | D16: 10 | E16: 36 | F16: No Credit | G16: (No Credit) New Course Expansion for Grade Level
A17: Seminar 11 | B17: =LEN(A17) -> 10 | C17: AAH301X3 | D17: 11 | E17: 36 | F17: No Credit | G17: (No Credit) New Course Expansion for Grade Level
A18: Seminar 12 | B18: =LEN(A18) -> 10 | C18: AAH301X4 | D18: 12 | E18: 36 | F18: No Credit | G18: (No Credit) New Course Expansion for Grade Level
A19: Avid Tutor I | B19: =LEN(A19) -> 12 | C19: AAT501X1 | D19: 11-12 | E19: 36 | F19: Elective | G19: Course Title Change, Course Code Change, and Remove "R" Repeatable.
A20: Avid Tutor II | B20: 13 | C20: AAT501X2 | D20: 11-12 | E20: 36 | F20: Elective | G20: Expand Course Sequencing - Policy Change of No Repeating Course Codes "R".
A21: Yearbook Production | B21: =LEN(A21) -> 19 | C21: AAY301 | D21: 9-12 | E21: 36 | F21: Elective | G21: Can be taken for credit
A22: Yearbook Prod II | B22: =LEN(A22) -> 16 | C22: AAY401 | D22: 10-12 | E22: 36 | F22: Elective | G22: New Course
A23: Fundamentals of Art | B23: =LEN(A23) -> 19 | C23: ARA301 | D23: 9-12 | E23: 36 | F23: GF
A24: Art Appreciation | B24: =LEN(A24) -> 16 | C24: ARA302 | D24: 9-12 | E24: 36 | F24: GF
A25: AP Art History* | B25: =LEN(A25) -> 15 | C25: ARA611 | D25: 12 | E25: 36 | F25: GF | G25: (Weighted - Must Take AP Exam)
A26: AP Art History | B26: 14 | C26: ARA611U | D26: 12 | E26: 36 | F26: GF | G26: New Course (Unweighted - Did Not Take AP Exam)
A27: AP Studio Art Draw* | B27: =LEN(A27) -> 19 | C27: ARA613 | D27: 12 | E27: 36 | F27: GF | G27: (Weighted - Must Take AP Exam)
A28: AP Studio Art Draw | B28: =LEN(A28) -> 18 | C28: ARA613U | D28: 12 | E28: 36 | F28: GF | G28: New Course (Unweighted - Did Not Take AP Exam)
A29: AP Studio Art2D Des* | B29: =LEN(A29) -> 20 | C29: ARA614 | D29: 12 | E29: 36 | F29: GF | G29: (Weighted - Must Take AP Exam)
A30: AP Studio Art2D Des | B30: =LEN(A30) -> 19 | C30: ARA614U | D30: 12 | E30: 36 | F30: GF | G30: New Course (Unweighted - Did Not Take AP Exam)
A31: AP Studio Art3D Des* | B31: =LEN(A31) -> 20 | C31: ARA615 | D31: 12 | E31: 36 | F31: GF | G31: (Weighted - Must Take AP Exam)
A32: AP Studio Art3D Des | B32: =LEN(A32) -> 19 | C32: ARA615U | D32: 12 | E32: 36 | F32: GF | G32: New Course (Unweighted - Did Not Take AP Exam)
A33: Computer Art | B33: =LEN(A33) -> 12 | C33: ARC301 | D33: 9-12 | E33: 36 | F33: GF
A34: Sculpture | B34: =LEN(A34) -> 9 | C34: ARC401 | D34: 9-12 | E34: 36 | F34: GF
A35: Ceramics I | B35: =LEN(A35) -> 10 | C35: ARE401X1 | D35: 9-12 | E35: 36 | F35: GF | G35: Course Title Change, Course Code Change, and Remove "R" Repeatable.
A36: Ceramics II | B36: =LEN(A36) -> 11 | C36: ARE401X2 | D36: 9-12 | E36: 36 | F36: GF | G36: Expand Course Sequencing - Policy Change of No Repeating Course Codes "R".
A37: Ceramics III | B37: =LEN(A37) -> 12 | C37: ARE401X3 | D37: 9-12 | E37: 36 | F37: GF | G37: Expand Course Sequencing - Policy Change of No Repeating Course Codes "R".
A38: Ceramics IV | B38: =LEN(A38) -> 11 | C38: ARE401X4 | D38: 9-12 | E38: 36 | F38: GF | G38: Expand Course Sequencing - Policy Change of No Repeating Course Codes "R".
A39: Photography I | B39: =LEN(A39) -> 13 | C39: ARH401X1 | D39: 9-12 | E39: 36 | F39: GF | G39: Course Title Change, Course Code Change, and Remove "R" Repeatable.
A40: Photography II | B40: =LEN(A40) -> 14 | C40: ARH401X2 | D40: 9-12 | E40: 36 | F40: GF | G40: Expand Course Sequencing - Policy Change of No Repeating Course Codes "R".
A41: Photography III | B41: =LEN(A41) -> 15 | C41: ARH401X3 | D41: 9-12 | E41: 36 | F41: GF | G41: Expand Course Sequencing - Policy Change of No Repeating Course Codes "R".
A42: Photography IV | B42: =LEN(A42) -> 14 | C42: ARH401X4 | D42: 9-12 | E42: 36 | F42: GF | G42: Expand Course Sequencing - Policy Change of No Repeating Course Codes "R".
A43: Printmaking | B43: =LEN(A43) -> 11 | C43: ARK401 | D43: 9-12 | E43: 36 | F43: GF
A44: Commercial Art | B44: =LEN(A44) -> 14 | C44: ARM401 | D44: 9-12 | E44: 36 | F44: GF
A45: Painting | B45: =LEN(A45) -> 8 | C45: ARP401 | D45: 9-12 | E45: 36 | F45: GF
A46: Creative Crafts | B46: =LEN(A46) -> 15 | C46: ARR401 | D46: 9-12 | E46: 36 | F46: GF
A47: Studio Art I | B47: =LEN(A47) -> 12 | C47: ARS401X1 | D47: 9-12 | E47: 36 | F47: GF | G47: Course Title Change, Course Code Change, and Remove "R" Repeatable.
A48: Studio Art II | B48: =LEN(A48) -> 13 | C48: ARS401X2 | D48: 9-12 | E48: 36 | F48: GF | G48: Expand Course Sequencing - Policy Change of No Repeating Course Codes "R".
A49: Studio Art III | B49: =LEN(A49) -> 14 | C49: ARS401X3 | D49: 9-12 | E49: 36 | F49: GF | G49: Expand Course Sequencing - Policy Change of No Repeating Course Codes "R".
A50: Studio Art IV | B50: =LEN(A50) -> 13 | C50: ARS401X4 | D50: 9-12 | E50: 36 | F50: GF | G50: Expand Course Sequencing - Policy Change of No Repeating Course Codes "R".
A51: Video Art | B51: =LEN(A51) -> 9 | C51: ARV301 | D51: 9-12 | E51: 36 | F51: GF
A52: Drawing | B52: =LEN(A52) -> 7 | C52: ARW401 | D52: 9-12 | E52: 36 | F52: GF
A53: Personal Finances | B53: =LEN(A53) -> 17 | C53: BCA301 | D53: 9-12 | E53: 36 | F53: GV | G53: Course Title Changed From Financial Management
A54: Accounting I | B54: =LEN(A54) -> 12 | C54: BCA401 | D54: 10-12 | E54: 36 | F54: GV | G54: Course Title Change
A55: Accounting II | B55: =LEN(A55) -> 13 | C55: BCA501 | D55: 11-12 | E55: 36 | F55: GV | G55: Course Title Change
A56: WordProcess Sfwr App | B56: =LEN(A56) -> 20 | C56: BCB303 | D56: 9-12 | E56: 18 | F56: GC | G56: New Course. For Certification
A57: PresentationSfwr App | B57: =LEN(A57) -> 20 | C57: BCB304 | D57: 9-12 | E57: 18 | F57: GC | G57: New Course. For Certification
A58: Database Sfwr App | B58: =LEN(A58) -> 17 | C58: BCB305 | D58: 9-12 | E58: 36 | F58: GC | G58: New Course. For Certification
A59: Spreadsheet Sfwr App | B59: =LEN(A59) -> 20 | C59: BCB306 | D59: 9-12 | E59: 36 | F59: GC | G59: New Course. For Certification
A60: Imaging Sfwr App | B60: =LEN(A60) -> 16 | C60: BCB307 | D60: 9-12 | E60: 36 | F60: GC | G60: New Course. For Certification
A61: Office Tech & Mgmt | B61: =LEN(A61) -> 18 | C61: BCB401 | D61: 10-12 | E61: 36 | F61: GV
A62: Business Law | B62: =LEN(A62) -> 12 | C62: BCB501 | D62: 11-12 | E62: 36 | F62: GV
A63: Java I | B63: =LEN(A63) -> 6 | C63: BCC305 | D63: 9-12 | E63: 18 | F63: GC | G63: New Course
A64: Java I/Tel | B64: =LEN(A64) -> 10 | C64: BCC3050T | D64: 9-12 | E64: 18 | F64: GC | G64: New Course
A65: Java II | B65: =LEN(A65) -> 7 | C65: BCC306 | D65: 9-12 | E65: 18 | F65: GC | G65: New Course
A66: Java II/Tel | B66: =LEN(A66) -> 11 | C66: BCC3060T | D66: 9-12 | E66: 18 | F66: GC | G66: New Course
A67: VB Program I | B67: =LEN(A67) -> 12 | C67: BCC307 | D67: 9-12 | E67: 18 | F67: GC | G67: New Course
A68: VB Program I/Tel | B68: =LEN(A68) -> 16 | C68: BCC3070T | D68: 9-12 | E68: 18 | F68: GC | G68: New Course Code - replaces BCC3020T
A69: VB Program II | B69: =LEN(A69) -> 13 | C69: BCC308 | D69: 9-12 | E69: 18 | F69: GC | G69: New Course
A70: VB Program II/Tel | B70: =LEN(A70) -> 17 | C70: BCC3080T | D70: 9-12 | E70: 18 | F70: GC | G70: New Course
A71: C++ Programming I | B71: =LEN(A71) -> 17 | C71: BCC401 | D71: 10-12 | E71: 18 | F71: GC | G71: Course Title Change
A72: C++ Program I/Tel | B72: =LEN(A72) -> 17 | C72: BCC4010T | D72: 10-12 | E72: 18 | F72: GC | G72: Course Title Change
A73: C++ Programming II | B73: =LEN(A73) -> 18 | C73: BCC402 | D73: 10-12 | E73: 18 | F73: GC | G73: Course Title Change
A74: C++ Program II/Tel | B74: =LEN(A74) -> 18 | C74: BCC4020T | D74: 10-12 | E74: 18 | F74: GC | G74: Course Title Change
... A84: Entrepreneur/E-Com | B84: =LEN(A84) -> 18 | C84: BCM501 | D84: 11-12 | E84: 18 | F84: GV | G84: Course Title Change
A85: Int'l Business | B85: =LEN(A85) -> 14 | C85: BCM502 | D85: 11-12 | E85: 36 | F85: GV
A86: Marketing | B86: =LEN(A86) -> 9 | C86: BCM503 | D86: 11-12 | E86: 36 | F86: GV
A87: Computer Apps I | B87: =LEN(A87) -> 15 | C87: BCT301 | D87: 9-12 | E87: 18 | F87: GC
A88: Computer Apps II | B88: =LEN(A88) -> 16 | C88: BCT302 | D88: 9-12 | E88: 18 | F88: GC
A89: Fluency in Comp Sci | B89: =LEN(A89) -> 19 | C89: BCT307 | D89: 9-12 | E89: 18 | F89: GC | G89: New Course
A90: Tech Leader Comm | B90: =LEN(A90) -> 16 | C90: BCT308 | D90: 9-12 | E90: 36 | F90: GC
A91: Network Admin/Sec | B91: =LEN(A91) -> 17 | C91: BCT309 | D91: 11-12 | E91: 18 | F91: GC | G91: New Course
A92: Keyboarding Apps | B92: =LEN(A92) -> 16 | C92: BCT30A | D92: 9-12 | E92: 18 | F92: Elective | G92: New Course. Collapse Keyboarding I, Keyboarding II, and Word Processing
A93: Presentation & Publ | B93: =LEN(A93) -> 19 | C93: BCT401 | D93: 10-12 | E93: 18 | F93: GC
A94: Interactive Multimed | B94: =LEN(A94) -> 20 | C94: BCT405 | D94: 9-12 | E94: 36 | F94: GC | G94: Collapse Multimedia I and II. Cannot receive credit for BCT404, BCT501, BCT405.
A95: Emerging Tech | B95: =LEN(A95) -> 13 | C95: BCT406 | D95: 10-12 | E95: 18 | F95: GC or GV | G95: New Course.
A96: Web Site Dev/Mgt | B96: =LEN(A96) -> 16 | C96: BCT407 | D96: 9-12 | E96: 18 | F96: GC or GV | G96: New Course
A97: CISCO Networking I | B97: =LEN(A97) -> 18 | C97: BCT502 | D97: 11-12 | E97: 36 | F97: GC | G97: New Comment - For Certification
A98: CISCO Networking II | B98: =LEN(A98) -> 19 | C98: BCT602 | D98: 11-12 | E98: 36 | F98: GC | G98: New Comment - For Certification
A99: Advance Comp Studies | B99: =LEN(A99) -> 20 | C99: BCT504 | D99: 11-12 | E99: 18 | F99: GC | G99: New Course
A100: Driver Education | B100: =LEN(A100) -> 16 | C100: DEE401 | D100: 10-12 | E100: 18 | F100: Elective
A101: Drama | B101: =LEN(A101) -> 5 | C101: DRA301 | D101: 9-12 | E101: 36 | F101: GF
A102: Drama/Theater II | B102: =LEN(A102) -> 16 | C102: DRA401 | D102: 9-12 | E102: 36 | F102: GF
A103: Drama/Theater III | B103: =LEN(A103) -> 17 | C103: DRA501 | D103: 11-12 | E103: 36 | F103: GF | G103: New Course
A104: Drama/Theater IV | B104: =LEN(A104) -> 16 | C104: DRA601 | D104: 601 | E104: 36 | F104: GF | G104: New Course
A105: Arabic I | B105: =LEN(A105) -> 8 | C105: FLA301 | D105: 9-12 | E105: 36 | F105: GD
A106: Arabic II | B106: =LEN(A106) -> 9 | C106: FLA401 | D106: 9-12 | E106: 36 | F106: GD
A107: Arabic III | B107: =LEN(A107) -> 10 | C107: FLA501 | D107: 9-12 | E107: 36 | F107: GD
A108: Arabic IV | B108: =LEN(A108) -> 9 | C108: FLA601 | D108: 10-12 | E108: 36 | F108: GD
A109: Arabic V | B109: =LEN(A109) -> 8 | C109: FLA602 | D109: 11-12 | E109: 36 | F109: GD
...

Sheet  Middle School Courses
A1: =' High School Courses'!$A$1 -> As of: 24 February 2003 @ 1:00 | H1: =' High School Courses'!$G$1 -> File Name 03-04COR.XLS
A2: NOTE: USE THE TABS AT THE BOTTOM OF THIS SHEET TO SWITCH BETWEEN GRADES 9-12, GRADES 5-8, K-6, IB COURSES & AFCENT
A3: Scroll to the bottom of the sheet for changes (Drops and Adds) since the last publication
A4: COURSE TITLE | B4: TITLE LEN | C4: CODE | D4: GRADE | E4: LENGTH | F4: SUBJECT AREA | G4: REP | H4: COMMENT
A5: Staff Assistant M | B5: =LEN(A5) -> 17 | C5: AAC101 | D5: 5-8 | E5: 18 | F5: No Credit
A6: Lunch | B6: =LEN(A6) -> 5 | C6: AAC102 | D6: 5-12 | E6: 36 | F6: No Credit
A7: Learning Strateg. M | B7: =LEN(A7) -> 19 | C7: AAC131 | D7: 5-8 | E7: 36 | F7: No Credit | H7: Only for students on IEP
A8: Advisory 5 | B8: =LEN(A8) -> 10 | C8: AADE01 | D8: 5 | E8: 36 | F8: No Credit
A9: Advisory 6 | B9: =LEN(A9) -> 10 | C9: AADF01 | D9: 6 | E9: 36 | F9: No Credit
A10: Advisory 7 | B10: =LEN(A10) -> 10 | C10: AAD101 | D10: 7 | E10: 36 | F10: No Credit
A11: Advisory 8 | B11: =LEN(A11) -> 10 | C11: AAD201 | D11: 8 | E11: 36 | F11: No Credit
A12: Seminar M | B12: =LEN(A12) -> 9 | C12: AAH101 | D12: 5-8 | E12: 36 | F12: No Credit
A13: Study Skills | B13: =LEN(A13) -> 12 | C13: AAS101 | D13: 5-8 | E13: 9 | F13: No Credit
A14: YearbookProduction M | B14: =LEN(A14) -> 20 | C14: AAY101 | D14: 7-8 | E14: 36 | F14: No Credit
A15: Art 5 A | B15: =LEN(A15) -> 7 | C15: ARAE01 | D15: 5 | E15: 9 | F15: No Credit
A16: Art 5 B | B16: =LEN(A16) -> 7 | C16: ARAE02 | D16: 5 | E16: 9 | F16: No Credit
A17: Art 5 AB | B17: =LEN(A17) -> 8 | C17: ARAE03 | D17: 5 | E17: 18 | F17: No Credit
A18: Art 6 A | B18: =LEN(A18) -> 7 | C18: ARAF01 | D18: 6 | E18: 9 | F18: No Credit
A19: Art 6 B | B19: =LEN(A19) -> 7 | C19: ARAF02 | D19: 6 | E19: 9 | F19: No Credit
A20: Art 6 AB | B20: =LEN(A20) -> 8 | C20: ARAF03 | D20: 6 | E20: 18 | F20: No Credit
A21: Art 7-8 A | B21: =LEN(A21) -> 9 | C21: ARA101 | D21: 7-8 | E21: 9 | F21: No Credit
A22: Art 7-8 B | B22: =LEN(A22) -> 9 | C22: ARA102 | D22: 7-8 | E22: 9 | F22: No Credit
A23: Art 7-8 AB | B23: =LEN(A23) -> 10 | C23: ARA103 | D23: 7-8 | E23: 18 | F23: No Credit
A24: Business Enterprise | B24: =LEN(A24) -> 19 | C24: BCB101 | D24: 6-8 | E24: 36 | F24: No Credit
A25: Computer Apps A | B25: =LEN(A25) -> 15 | C25: BCT101 | D25: 6-8 | E25: 9 | F25: No Credit | H25: Course Title Change from Technology Applic A
A26: Computer Apps B | B26: =LEN(A26) -> 15 | C26: BCT102 | D26: 6-8 | E26: 9 | F26: No Credit | H26: Course Title Change from Technology Applic B
A27: Computer Apps AB | B27: =LEN(A27) -> 16 | C27: BCT103 | D27: 6-8 | E27: 18 | F27: No Credit | H27: Course Title Change from Technology Applic AB
A28: Computer Apps | B28: =LEN(A28) -> 13 | C28: BCT104 | D28: 6-8 | E28: 36 | F28: No Credit | H28: Course Title Change from Technology Applic
A29: Keyboarding I A | B29: =LEN(A29) -> 15 | C29: BCT105 | D29: 4-8 | E29: 9 | F29: No Credit
A30: Keyboarding I B | B30: =LEN(A30) -> 15 | C30: BCT106 | D30: 4-8 | E30: 9 | F30: No Credit
A31: Keyboarding I AB | B31: =LEN(A31) -> 16 | C31: BCT107 | D31: 4-8 | E31: 18 | F31: No Credit
A32: Tech Leader Comm M | B32: =LEN(A32) -> 18 | C32: BCT108 | D32: 7-8 | E32: 36 | F32: No Credit
A33: Intro Programming A | B33: =LEN(A33) -> 19 | C33: BCC101 | D33: 7-8 | E33: 9 | F33: No Credit
A34: Intro Programming B | B34: =LEN(A34) -> 19 | C34: BCC102 | D34: 7-8 | E34: 9 | F34: No Credit
A35: Intro Programming AB | B35: =LEN(A35) -> 20 | C35: BCC103 | D35: 7-8 | E35: 18 | F35: No Credit
A36: Drama A | B36: =LEN(A36) -> 7 | C36: DRA101 | D36: 6-8 | E36: 9 | F36: No Credit
A37: Drama B | B37: =LEN(A37) -> 7 | C37: DRA102 | D37: 6-8 | E37: 9 | F37: No Credit
A38: Drama AB | B38: =LEN(A38) -> 8 | C38: DRA103 | D38: 6-8 | E38: 18 | F38: No Credit
A39: Mini Course 5 | B39: =LEN(A39) -> 13 | C39: EXME01 | D39: 5 | E39: N/A | F39: No Credit | H39: Length is less than 9 weeks. PACIFIC ONLY
A40: Mini Course 6 | B40: =LEN(A40) -> 13 | C40: EXMF01 | D40: 6 | E40: N/A | F40: No Credit | H40: Length is less than 9 weeks. PACIFIC ONLY
A41: Mini Course 7 | B41: =LEN(A41) -> 13 | C41: EXM101 | D41: 7 | E41: N/A | F41: No Credit | H41: Length is less than 9 weeks. PACIFIC ONLY
A42: Mini Course 8 | B42: =LEN(A42) -> 13 | C42: EXM201 | D42: 8 | E42: N/A | F42: No Credit | H42: Length is less than 9 weeks. PACIFIC ONLY
A43: Arabic I M | B43: =LEN(A43) -> 10 | C43: FLA101 | D43: 7-8 | E43: 36 | F43: No Credit | H43: Not for High School Credit
A44: Arabic II M | B44: =LEN(A44) -> 11 | C44: FLA201 | D44: 7-8 | E44: 36 | F44: No Credit | H44: Not for High School Credit
A45: Portugese I M | B45: =LEN(A45) -> 13 | C45: FLB101 | D45: 7-8 | E45: 36 | F45: No Credit | H45: Not for High School Credit
A46: Portugese II M | B46: =LEN(A46) -> 14 | C46: FLB201 | D46: 7-8 | E46: 36 | F46: No Credit | H46: Not for High School Credit
A47: Greek I M | B47: =LEN(A47) -> 9 | C47: FLD101 | D47: 7-8 | E47: 36 | F47: No Credit | H47: Not for High School Credit
A48: Greek II M | B48: =LEN(A48) -> 10 | C48: FLD201 | D48: 7-8 | E48: 36 | F48: No Credit | H48: Not for High School Credit
A49: French I M | B49: =LEN(A49) -> 10 | C49: FLF101 | D49: 7-8 | E49: 36 | F49: No Credit | H49: Not for High School Credit
A50: French II M | B50: =LEN(A50) -> 11 | C50: FLF201 | D50: 7-8 | E50: 36 | F50: No Credit | H50: Not for High School Credit
A51: German I M | B51: =LEN(A51) -> 10 | C51: FLG101 | D51: 7-8 | E51: 36 | F51: No Credit | H51: Not for High School Credit
A52: German II M | B52: =LEN(A52) -> 11 | C52: FLG201 | D52: 7-8 | E52: 36 | F52: No Credit | H52: Not for High School Credit
A53: Dutch I M | B53: =LEN(A53) -> 9 | C53: FLH101 | D53: 7-8 | E53: 36 | F53: No Credit | H53: Not for High School Credit
A54: Dutch II M | B54: =LEN(A54) -> 10 | C54: FLH201 | D54: 7-8 | E54: 36 | F54: No Credit | H54: Not for High School Credit
A55: Italian I M | B55: =LEN(A55) -> 11 | C55: FLI101 | D55: 7-8 | E55: 36 | F55: No Credit | H55: Not for High School Credit
A56: Italian II M | B56: =LEN(A56) -> 12 | C56: FLI201 | D56: 7-8 | E56: 36 | F56: No Credit | H56: Not for High School Credit
... A70: Turkish II M | B70: =LEN(A70) -> 12 | C70: FLY201 | D70: 7-8 | E70: 36 | F70: No Credit | H70: Not for High School Credit
A71: Family/Consum Sci A | B71: =LEN(A71) -> 19 | C71: HEA101 | D71: 6-8 | E71: 9 | F71: No Credit
A72: Family/Consum Sci B | B72: =LEN(A72) -> 19 | C72: HEA102 | D72: 6-8 | E72: 9 | F72: No Credit
A73: Family/Consum Sci AB | B73: =LEN(A73) -> 20 | C73: HEA103 | D73: 6-8 | E73: 18 | F73: No Credit
A74: Health Ed 5 A | B74: =LEN(A74) -> 13 | C74: HLME01 | D74: 5 | E74: 9 | F74: No Credit
A75: Health Ed 5 B | B75: =LEN(A75) -> 13 | C75: HLME02 | D75: 5 | E75: 9 | F75: No Credit | H75: Recommended preparation is Health Ed 5A
A76: Health Ed 5 AB | B76: =LEN(A76) -> 14 | C76: HLME03 | D76: 5 | E76: 18 | F76: No Credit
A77: Health Ed 6 A | B77: =LEN(A77) -> 13 | C77: HLMF01 | D77: 6 | E77: 9 | F77: No Credit
A78: Health Ed 6 B | B78: =LEN(A78) -> 13 | C78: HLMF02 | D78: 6 | E78: 9 | F78: No Credit | H78: Recommended preparation is Health Ed 6A
A79: Health Ed 6 AB | B79: =LEN(A79) -> 14 | C79: HLMF03 | D79: 6 | E79: 18 | F79: No Credit
A80: Health Ed 7 A | B80: =LEN(A80) -> 13 | C80: HLM101 | D80: 7 | E80: 9 | F80: No Credit
A81: Health Ed 7 B | B81: =LEN(A81) -> 13 | C81: HLM102 | D81: 7 | E81: 9 | F81: No Credit | H81: Recommended preparation is Health Ed 7A
A82: Health Ed 7 AB | B82: =LEN(A82) -> 14 | C82: HLM103 | D82: 7 | E82: 18 | F82: No Credit
A83: Health Ed 8 A | B83: =LEN(A83) -> 13 | C83: HLM201 | D83: 8 | E83: 9 | F83: No Credit
A84: Health Ed 8 B | B84: =LEN(A84) -> 13 | C84: HLM202 | D84: 8 | E84: 9 | F84: No Credit | H84: Recommended preparation is Health Ed 8A
A85: Health Ed 8 AB | B85: =LEN(A85) -> 14 | C85: HLM203 | D85: 8 | E85: 18 | F85: No Credit
A86: Humanities M | B86: =LEN(A86) -> 12 | C86: HUH103 | D86: 7-8 | E86: 18 | F86: No Credit
A87: Intercultural Ed 5A | B87: =LEN(A87) -> 19 | C87: ICZE01 | D87: 5 | E87: 9 | F87: No Credit
A88: Intercultural Ed 5B | B88: =LEN(A88) -> 19 | C88: ICZE02 | D88: 5 | E88: 9 | F88: No Credit
A89: Intercultural Ed 5AB | B89: =LEN(A89) -> 20 | C89: ICZE03 | D89: 5 | E89: 18 | F89: No Credit
A90: Intercultural Ed 6A | B90: =LEN(A90) -> 19 | C90: ICZF01 | D90: 6 | E90: 9 | F90: No Credit
A91: Intercultural Ed 6B | B91: =LEN(A91) -> 19 | C91: ICZF02 | D91: 6 | E91: 9 | F91: No Credit
A92: Intercultural Ed 6AB | B92: =LEN(A92) -> 20 | C92: ICZF03 | D92: 6 | E92: 18 | F92: No Credit
A93: Intercultural Ed A | B93: =LEN(A93) -> 18 | C93: ICZ101 | D93: 7-8 | E93: 9 | F93: No Credit
A94: Intercultural Ed B | B94: =LEN(A94) -> 18 | C94: ICZ102 | D94: 7-8 | E94: 9 | F94: No Credit
A95: Intercultural Ed AB | B95: =LEN(A95) -> 19 | C95: ICZ103 | D95: 7-8 | E95: 18 | F95: No Credit
A96: Research Project A | B96: =LEN(A96) -> 18 | C96: INS141 | D96: 7-8 | E96: 9 | F96: No Credit
A97: Research Project B | B97: =LEN(A97) -> 18 | C97: INS142 | D97: 7-8 | E97: 9 | F97: No Credit
A98: Research Project AB | B98: =LEN(A98) -> 19 | C98: INS143 | D98: 7-8 | E98: 18 | F98: No Credit
A99: English 2nd Lang 5-6 | B99: =LEN(A99) -> 20 | C99: LAAE01 | D99: 5-6 | E99: 36 | F99: No Credit
A100: English 2nd Lang 7-8 | B100: 20 | C100: LAA101 | D100: 7-8 | E100: 36 | F100: No Credit
A101: Language Arts 5 | B101: =LEN(A101) -> 15 | C101: LAEE01 | D101: 5 | E101: 36 | F101: No Credit
A102: Language Arts 6 | B102: =LEN(A102) -> 15 | C102: LAEF01 | D102: 6 | E102: 36 | F102: No Credit
A103: Language Arts 7 | B103: =LEN(A103) -> 15 | C103: LAE101 | D103: 7 | E103: 36 | F103: No Credit
A104: Language Arts 8 | B104: =LEN(A104) -> 15 | C104: LAE201 | D104: 8 | E104: 36 | F104: No Credit
A105: /Language Arts 5 | B105: =LEN(A105) -> 16 | C105: LAEE31 | D105: 5 | E105: 36 | F105: No Credit | H105: Only for students on IEP
A106: /Language Arts 6 | B106: =LEN(A106) -> 16 | C106: LAEF31 | D106: 6 | E106: 36 | F106: No Credit | H106: Only for students on IEP
A107: /Language Arts 7 | B107: =LEN(A107) -> 16 | C107: LAE131 | D107: 7 | E107: 36 | F107: No Credit | H107: Only for students on IEP
A108: /Language Arts 8 | B108: =LEN(A108) -> 16 | C108: LAE231 | D108: 8 | E108: 36 | F108: No Credit | H108: Only for students on IEP
A109: Int Lang Arts/Read 5 | B109: =LEN(A109) -> 20 | C109: LARE01 | D109: 5 | E109: 36 | F109: No Credit
A110: Int Lang Arts/Read 6 | B110: =LEN(A110) -> 20 | C110: LARF01 | D110: 6 | E110: 36 | F110: No Credit
A111: Avid M | B111: =LEN(A111) -> 6 | C111: LAV101 | D111: 6-8 | E111: 36 | F111: No Credit
A112: Mathematics 5 | B112: =LEN(A112) -> 13 | C112: MAME01 | D112: 5 | E112: 36 | F112: No Credit
A113: Mathematics 6 | B113: =LEN(A113) -> 13 | C113: MAMF01 | D113: 6 | E113: 36 | F113: No Credit
...

Sheet Elementary School Courses
A1: =' High School Courses'!$A$1 -> As of: 24 February 2003 @ 1:00 | H1: =' High School Courses'!$G$1 -> File Name 03-04COR.XLS
A2: NOTE: USE THE TABS AT THE BOTTOM OF THIS SHEET TO SWITCH BETWEEN GRADES 9-12, GRADES 5-8, K-6, IB COURSES & AFCENT
A3: Scroll to the bottom of the sheet for changes (Drops and Adds) since the last publication
A4: COURSE TITLE | B4: TITLE LEN | C4: CODE | D4: GRADE | E4: LENGTH | F4: SUBJECT AREA | G4: REP | H4: COMMENT
A5: Art K | B5: =LEN(A5) -> 5 | C5: ARAK04 | D5: K | F5: No Credit
A6: Art 1 | B6: =LEN(A6) -> 5 | C6: ARAA04 | D6: 1 | F6: No Credit
A7: Art 2 | B7: =LEN(A7) -> 5 | C7: ARAB04 | D7: 2 | F7: No Credit
A8: Art 3 | B8: =LEN(A8) -> 5 | C8: ARAC04 | D8: 3 | F8: No Credit
A9: Art 4 | B9: =LEN(A9) -> 5 | C9: ARAD04 | D9: 4 | F9: No Credit
A10: Art 5 | B10: =LEN(A10) -> 5 | C10: ARAE04 | D10: 5 | F10: No Credit
A11: Art 6 | B11: =LEN(A11) -> 5 | C11: ARAF04 | D11: 6 | F11: No Credit
A12: Health Ed K | B12: =LEN(A12) -> 11 | C12: HLMK04 | D12: K | F12: No Credit
A13: Health Ed 1 | B13: =LEN(A13) -> 11 | C13: HLMA04 | D13: 1 | F13: No Credit
A14: Health Ed 2 | B14: =LEN(A14) -> 11 | C14: HLMB04 | D14: 2 | F14: No Credit
A15: Health Ed 3 | B15: =LEN(A15) -> 11 | C15: HLMC04 | D15: 3 | F15: No Credit
A16: Health Ed 4 | B16: =LEN(A16) -> 11 | C16: HLMD04 | D16: 4 | F16: No Credit
A17: Health Ed 5 | B17: =LEN(A17) -> 11 | C17: HLME04 | D17: 5 | F17: No Credit
A18: Health Ed 6 | B18: =LEN(A18) -> 11 | C18: HLMF04 | D18: 6 | F18: No Credit
A19: Intercultural Ed K | B19: =LEN(A19) -> 18 | C19: ICZK04 | D19: K | F19: No Credit
A20: Intercultural Ed 1 | B20: =LEN(A20) -> 18 | C20: ICZA04 | D20: 1 | F20: No Credit
A21: Intercultural Ed 2 | B21: =LEN(A21) -> 18 | C21: ICZB04 | D21: 2 | F21: No Credit
A22: Intercultural Ed 3 | B22: =LEN(A22) -> 18 | C22: ICZC04 | D22: 3 | F22: No Credit
... A60: Physical Ed 6 | B60: =LEN(A60) -> 13 | C60: PEGF04 | D60: 6 | F60: No Credit
A61: Science K | B61: 9 | C61: SCGK01 | D61: K | F61: No Credit
A62: Science 1 | B62: 9 | C62: SCGA01 | D62: 1 | F62: No Credit
A63: Science 2 | B63: =LEN(A63) -> 9 | C63: SCGB01 | D63: 2 | F63: No Credit
A64: Science 3 | B64: =LEN(A64) -> 9 | C64: SCGC01 | D64: 3 | F64: No Credit
A65: Science 4 | B65: =LEN(A65) -> 9 | C65: SCGD01 | D65: 4 | F65: No Credit
A66: Science 5 | B66: =LEN(A66) -> 9 | C66: SCGE01 | D66: 5 | F66: No Credit
A67: Science 6 | B67: =LEN(A67) -> 9 | C67: SCGF01 | D67: 6 | F67: No Credit
A68: Community Exper. E | B68: =LEN(A68) -> 18 | C68: SEC132 | F68: No Credit | H68: Only for students on IEP (Mod to Sev) Title Change
A69: Daily Living E | B69: =LEN(A69) -> 14 | C69: SED132 | F69: No Credit | H69: Only for students on IEP (Mod to Sev) Title Change
A70: Focus Read/Write E | B70: =LEN(A70) -> 18 | C70: SEL132 | F70: No Credit | H70: Only for students on IEP (Mod to Sev) Title Change
A71: Focus Math E | B71: =LEN(A71) -> 12 | C71: SEM132 | F71: No Credit | H71: Only for students on IEP (Mod to Sev) Title Change
A72: Social Skills E | B72: =LEN(A72) -> 15 | C72: SES132 | F72: No Credit | H72: Only for students on IEP (Mod to Sev) Title Change
A73: PreVocat. Skills E | B73: =LEN(A73) -> 18 | C73: SEV132 | F73: No Credit | H73: Only for students on IEP (Mod to Sev) Title Change
A74: Social Studies K | B74: =LEN(A74) -> 16 | C74: SSEK01 | D74: 1 | F74: No Credit
A75: Social Studies 1 | B75: =LEN(A75) -> 16 | C75: SSEA01 | D75: 2 | F75: No Credit
A76: Social Studies 2 | B76: =LEN(A76) -> 16 | C76: SSEB01 | D76: 2 | F76: No Credit
A77: Social Studies 3 | B77: =LEN(A77) -> 16 | C77: SSEC01 | D77: 3 | F77: No Credit
A78: Social Studies 4 | B78: =LEN(A78) -> 16 | C78: SSED01 | D78: 4 | F78: No Credit
A79: Social Studies 5 | B79: =LEN(A79) -> 16 | C79: SSEE01 | D79: 5 | F79: No Credit
A80: Social Studies 6 | B80: =LEN(A80) -> 16 | C80: SSEF01 | D80: 6 | F80: No Credit
A87: COURSES DROPPED FROM LAST PUBLICATION
A90: COURSES ADDED/CHANGED SINCE LAST PUBLICATION
A91: Mathematics K | B91: =LEN(A91) -> 13 | C91: MAMK01 | D91: K | F91: No Credit
A92: Mathematics 1 | B92: =LEN(A92) -> 13 | C92: MAMA01 | D92: 1 | F92: No Credit
A93: Science K | B93: 9 | C93: SCGK01 | D93: K | F93: No Credit
A94: Science 1 | B94: 9 | C94: SCGA01 | D94: 1 | F94: No Credit
A95: Community Exper. E | B95: =LEN(A95) -> 18 | C95: SEC132 | F95: No Credit | H95: Only for students on IEP (Mod to Sev) Title Change
A96: Daily Living E | B96: =LEN(A96) -> 14 | C96: SED132 | F96: No Credit | H96: Only for students on IEP (Mod to Sev) Title Change
A97: Focus Read/Write E | B97: =LEN(A97) -> 18 | C97: SEL132 | F97: No Credit | H97: Only for students on IEP (Mod to Sev) Title Change
A98: Focus Math E | B98: =LEN(A98) -> 12 | C98: SEM132 | F98: No Credit | H98: Only for students on IEP (Mod to Sev) Title Change
A99: Social Skills E | B99: =LEN(A99) -> 15 | C99: SES132 | F99: No Credit | H99: Only for students on IEP (Mod to Sev) Title Change
A100: PreVocat. Skills E | B100: =LEN(A100) -> 18 | C100: SEV132 | F100: No Credit | H100: Only for students on IEP (Mod to Sev) Title Change

Sheet IB Courses -Bahrain Only
A1: =' High School Courses'!$A$1 -> As of: 24 February 2003 @ 1:00 | H1: =' High School Courses'!$G$1 -> File Name 03-04COR.XLS
A2: NOTE: USE THE TABS AT THE BOTTOM OF THIS SHEET TO SWITCH BETWEEN GRADES 9-12, GRADES 5-8, IB COURSES & AFCENT
A3: COURSE TITLE | B3: TITLE LEN | C3: CODE | D3: GRADE | E3: LENGTH | F3: SUBJECT AREA | G3: REP | H3: COMMENT
A4: IB Art 1 High | B4: =LEN(A4) -> 13 | C4: ARS592 | D4: 11-12 | E4: 36 | F4: GF
A5: IB Art 2 High | B5: =LEN(A5) -> 13 | C5: ARS692 | D5: 12 | E5: 36 | F5: GF | H5: (Weighted)
A6: IB Art 1 Sub | B6: =LEN(A6) -> 12 | C6: ARS591 | D6: 11-12 | E6: 36 | F6: GF
A7: IB Art 2 Sub | B7: =LEN(A7) -> 12 | C7: ARS691 | D7: 12 | E7: 36 | F7: GF
A8: IB Computer 1 High | B8: =LEN(A8) -> 18 | C8: CSP592 | D8: 11-12 | E8: 36 | F8: GC
A9: IB Computer 2 High | B9: =LEN(A9) -> 18 | C9: CSP692 | D9: 12 | E9: 36 | F9: GC | H9: (Weighted)
A10: IB Computer 1 Sub | B10: =LEN(A10) -> 17 | C10: CSP591 | D10: 11-12 | E10: 36 | F10: GC
A11: IB Computer 2 Sub | B11: =LEN(A11) -> 17 | C11: CSP691 | D11: 12 | E11: 36 | F11: GC
A12: IB Arabic 1 High | B12: =LEN(A12) -> 16 | C12: FLA592 | D12: 11-12 | E12: 36 | F12: GD
A13: IB Arabic 2 High | B13: =LEN(A13) -> 16 | C13: FLA692 | D13: 12 | E13: 36 | F13: GD | H13: (Weighted)
A14: IB Arabic 1 Sub | B14: =LEN(A14) -> 15 | C14: FLA591 | D14: 11-12 | E14: 36 | F14: GD
A15: IB Arabic 2 Sub | B15: =LEN(A15) -> 15 | C15: FLA691 | D15: 12 | E15: 36 | F15: GD
A16: IB French 1 High | B16: =LEN(A16) -> 16 | C16: FLF592 | D16: 11-12 | E16: 36 | F16: GD
A17: IB French 2 High | B17: =LEN(A17) -> 16 | C17: FLF692 | D17: 12 | E17: 36 | F17: GD | H17: (Weighted)
A18: IB French 1 Sub | B18: =LEN(A18) -> 15 | C18: FLF591 | D18: 11-12 | E18: 36 | F18: GD
A19: IB French 2 Sub | B19: =LEN(A19) -> 15 | C19: FLF691 | D19: 12 | E19: 36 | F19: GD
A20: IB German 1 High | B20: =LEN(A20) -> 16 | C20: FLG592 | D20: 11-12 | E20: 36 | F20: GD
A21: IB German 2 High | B21: =LEN(A21) -> 16 | C21: FLG692 | D21: 12 | E21: 36 | F21: GD | H21: (Weighted)
A22: IB German 1 Sub | B22: =LEN(A22) -> 15 | C22: FLG591 | D22: 11-12 | E22: 36 | F22: GD
A23: IB German 2 Sub | B23: =LEN(A23) -> 15 | C23: FLG691 | D23: 12 | E23: 36 | F23: GD
A24: IB English 1 High | B24: =LEN(A24) -> 17 | C24: LAE592 | D24: 11-12 | E24: 36 | F24: GL
A25: IB English 2 High | B25: =LEN(A25) -> 17 | C25: LAE692 | D25: 12 | E25: 36 | F25: GL | H25: (Weighted)
A26: IB English Sub | B26: =LEN(A26) -> 14 | C26: LAE591 | D26: 11-12 | E26: 36 | F26: GL
A27: IB World Lit 1 High | B27: =LEN(A27) -> 19 | C27: LAL592 | D27: 11-12 | E27: 36 | F27: GL
A28: IB World Lit 2 High | B28: =LEN(A28) -> 19 | C28: LAL692 | D28: 12 | E28: 36 | F28: GL | H28: (Weighted)
A29: IB World Lit 1 Sub | B29: =LEN(A29) -> 18 | C29: LAL591 | D29: 11-12 | E29: 36 | F29: GL
A30: IB World Lit 2 Sub | B30: =LEN(A30) -> 18 | C30: LAL691 | D30: 12 | E30: 36 | F30: GL
A31: IB Math 1 | B31: =LEN(A31) -> 9 | C31: MAA591 | D31: 11 | E31: 36 | F31: GM
A32: IB Math 2 High | B32: =LEN(A32) -> 14 | C32: MAC691 | D32: 12 | E32: 36 | F32: GM | H32: (Weighted)
A33: IB Math 3 | B33: =LEN(A33) -> 9 | C33: MAC692 | D33: 12 | E33: 36 | F33: GM
A34: IB Math 2 Sub | B34: =LEN(A34) -> 13 | C34: MAD691 | D34: 12 | E34: 36 | F34: GM
A35: IB Biology 1 High | B35: =LEN(A35) -> 17 | C35: SCB592 | D35: 11-12 | E35: 36 | F35: GS
A36: IB Biology 2 High | B36: =LEN(A36) -> 17 | C36: SCB692 | D36: 12 | E36: 36 | F36: GS | H36: (Weighted)
A37: IB Biology 1 Sub | B37: =LEN(A37) -> 16 | C37: SCB591 | D37: 11-12 | E37: 36 | F37: GS
A38: IB Biology 2 Sub | B38: =LEN(A38) -> 16 | C38: SCB691 | D38: 12 | E38: 36 | F38: GS
A39: IB Chemistry1 High | B39: =LEN(A39) -> 19 | C39: SCC592 | D39: 11-12 | E39: 36 | F39: GS
A40: IB Chemistry 2 High | B40: =LEN(A40) -> 19 | C40: SCC692 | D40: 12 | E40: 36 | F40: GS | H40: (Weighted)
A41: IB Chemistry 1 Sub | B41: =LEN(A41) -> 18 | C41: SCC591 | D41: 11-12 | E41: 36 | F41: GS
A42: IB Chemistry 2 Sub | B42: =LEN(A42) -> 18 | C42: SCC691 | D42: 12 | E42: 36 | F42: GS
A43: IB Environ Science 1 | B43: =LEN(A43) -> 20 | C43: SCZ591 | D43: 11-12 | E43: 36 | F43: GS
A44: IB Environ Science 2 | B44: =LEN(A44) -> 20 | C44: SCZ691 | D44: 12 | E44: 36 | F44: GS
A45: IB Physics 1 High | B45: =LEN(A45) -> 17 | C45: SCP592 | D45: 11-12 | E45: 36 | F45: GS
A46: IB Physics 2 High | B46: =LEN(A46) -> 17 | C46: SCP692 | D46: 12 | E46: 36 | F46: GS | H46: (Weighted)
A47: IB Physics 1 Sub | B47: =LEN(A47) -> 16 | C47: SCP591 | D47: 11-12 | E47: 36 | F47: GS
A48: IB Physics 2 Sub | B48: =LEN(A48) -> 16 | C48: SCP691 | D48: 12 | E48: 36 | F48: GS
A49: IB Sci/Tech & Soc 1 | B49: =LEN(A49) -> 19 | C49: SCZ592 | D49: 11-12 | E49: 36 | F49: GS
A50: IB Sci/Tech & Soc 2 | B50: =LEN(A50) -> 19 | C50: SCZ692 | D50: 12 | E50: 36 | F50: GS
A51: IB Cont Hist 1 High | B51: =LEN(A51) -> 19 | C51: SSW594 | D51: 11-12 | E51: 36 | F51: GE
A52: IB Cont Hist 2 High | B52: =LEN(A52) -> 19 | C52: SSW694 | D52: 12 | E52: 36 | F52: GE | H52: (Weighted)
A53: IB History 1 Sub | B53: =LEN(A53) -> 16 | C53: SSW593 | D53: 11-12 | E53: 36 | F53: GE
A54: IB History 2 Sub | B54: =LEN(A54) -> 16 | C54: SSW693 | D54: 12 | E54: 36 | F54: GE
A55: IB Economics 1 High | B55: =LEN(A55) -> 19 | C55: SSN592 | D55: 11-12 | E55: 36 | F55: GE
A56: IB Economics 2 High | B56: =LEN(A56) -> 19 | C56: SSN692 | D56: 12 | E56: 36 | F56: GE | H56: (Weighted)
A57: IB Economics 1 Sub | B57: =LEN(A57) -> 18 | C57: SSN591 | D57: 11-12 | E57: 36 | F57: GE
A58: IB Economics 2 Sub | B58: =LEN(A58) -> 18 | C58: SSN691 | D58: 12 | E58: 36 | F58: GE
A59: IB Geography 1 High | B59: =LEN(A59) -> 19 | C59: SSC592 | D59: 11-12 | E59: 36 | F59: GE
A60: IB Geography 2 High | B60: =LEN(A60) -> 19 | C60: SSC692 | D60: 12 | E60: 36 | F60: GE | H60: (Weighted)
A61: IB Geography 1 Sub | B61: =LEN(A61) -> 18 | C61: SSC591 | D61: 11-12 | E61: 36 | F61: GE
A62: IB Geography 2 Sub | B62: =LEN(A62) -> 18 | C62: SSC691 | D62: 12 | E62: 36 | F62: GE
A63: IB Hist & Cult Is 1H | B63: =LEN(A63) -> 20 | C63: SSZ592 | D63: 11-12 | E63: 36 | F63: GE
A64: IB Hist & Cult Is 2H | B64: =LEN(A64) -> 20 | C64: SSZ692 | D64: 12 | E64: 36 | F64: GE | H64: (Weighted)
A65: IB Hist & Cult Is 1S | B65: =LEN(A65) -> 20 | C65: SSZ591 | D65: 11-12 | E65: 36 | F65: GE
A66: IB Hist & Cult Is 2S | B66: =LEN(A66) -> 20 | C66: SSZ691 | D66: 12 | E66: 36 | F66: GE
A67: IB History 1 High | B67: =LEN(A67) -> 17 | C67: SSW592 | D67: 11-12 | E67: 36 | F67: GE
A68: IB History 2 High | B68: =LEN(A68) -> 17 | C68: SSW692 | D68: 12 | E68: 36 | F68: GE | H68: (Weighted)
A69: IB Hist 1 Sub Change | B69: =LEN(A69) -> 20 | C69: SSW591 | D69: 11-12 | E69: 36 | F69: GE
A70: IB Hist 2 Sub Change | B70: =LEN(A70) -> 20 | C70: SSW691 | D70: 12 | E70: 36 | F70: GE
A71: IB Theory- Knowledge | B71: =LEN(A71) -> 20 | C71: SSZ694 | D71: 12 | E71: 36 | F71: GE
A72: IB Design Tech Yr 1 | B72: =LEN(A72) -> 19 | C72: TED591 | D72: 11-12 | E72: 36 | F72: GV
A73: IB Design Tech Yr 2 | B73: =LEN(A73) -> 19 | C73: TED691 | D73: 12 | E73: 36 | F73: GV

Sheet Special Courses - AFNORTH Only
A1: =' High School Courses'!$A$1 -> As of: 24 February 2003 @ 1:00 | H1: =' High School Courses'!$G$1 -> File Name 03-04COR.XLS
A2: NOTE: USE THE TABS AT THE BOTTOM OF THIS SHEET TO SWITCH BETWEEN GRADES 9-12, GRADES 5-8, IB COURSES & AFCENT
A4: COURSE TITLE | B4: TITLE LEN | C4: CODE | D4: GRADE | E4: LENGTH | F4: SUBJECT AREA | G4: REP | H4: COMMENT
A5: French First Lang 7 | B5: =LEN(A5) -> 19 | C5: FFL101 | D5: 7 | E5: 36 | F5: No Credit
A6: French First Lang 8 | B6: =LEN(A6) -> 19 | C6: FFL201 | D6: 8 | E6: 36 | F6: No Credit
A7: French First Lang 9 | B7: =LEN(A7) -> 19 | C7: FFL301 | D7: 9 | E7: 36 | F7: Elective
A8: French First Lang 10 | B8: =LEN(A8) -> 20 | C8: FFL401 | D8: 10 | E8: 36 | F8: Elective
A9: English 9 C | B9: =LEN(A9) -> 11 | C9: LAE301C | D9: 9 | E9: 36 | F9: GL - English 9
A10: English 10 C | B10: =LEN(A10) -> 12 | C10: LAE401C | D10: 10 | E10: 36 | F10: GL - English 10
A11: English 11 C | B11: =LEN(A11) -> 12 | C11: LAE501C | D11: 11 | E11: 36 | F11: GL - English 11
A12: English 12 C | B12: =LEN(A12) -> 12 | C12: LAE601C | D12: 12 | E12: 36 | F12: GL - English 12
A13: Principles Math 9 | B13: =LEN(A13) -> 17 | C13: MAZ301C | D13: 9 | E13: 36 | F13: GM - Algebra I
A14: Principles Math 10 | B14: =LEN(A14) -> 18 | C14: MAZ401C | D14: 10 | E14: 36 | F14: GM - Geometry
A15: Functions &Relations | B15: =LEN(A15) -> 20 | C15: MAZ501C | D15: 11 | E15: 36 | F15: Elective
A16: Math Everyday Life | B16: =LEN(A16) -> 18 | C16: MAZ502C | D16: 11-12 | E16: 36 | F16: Elective
A17: Science 10, Academic | B17: =LEN(A17) -> 20 | C17: SCG401C | D17: 10 | E17: 36 | F17: GS - Biology | H17: Cannot receive credit for Science 10 Academic and Biology
A18: French World Geog 7 | B18: =LEN(A18) -> 19 | C18: SSC101F | D18: 7 | E18: 36 | F18: No Credit
A19: French Canadian Geog | B19: =LEN(A19) -> 20 | C19: SSC301F | D19: 9-12 | E19: 36 | F19: Elective
A20: Geography of Canada | B20: =LEN(A20) -> 19 | C20: SSC302C | D20: 9 | E20: 36 | F20: Elective
A21: Civics | B21: =LEN(A21) -> 6 | C21: SSG401C | D21: 10 | E21: 36 | F21: Elective
A22: French World Hist 8 | B22: =LEN(A22) -> 19 | C22: SSW201F | D22: 8 | E22: 36 | F22: No Credit
A23: Fr Canadian Hist | B23: =LEN(A23) -> 16 | C23: SSW303F | D23: 9-12 | E23: 36 | F23: Elective
