Workbook
Name Print_Area_MI: Spring2004!#REF!

Sheet student
C1: GRADE CALCULATOR
A3: Your Student ID # ---> | B3: 0 | C3: <----Type your ID# and then hit enter.
B5: Your Grade | F5: Class Average
A6: Current income | B6: =VLOOKUP($B$3,Spring2004!$T$25:'Spring2004'!AI402,2,FALSE) -> #N/A | F6: =Spring2004!U402 -> 319307.1
A7: Current grade | B7: =VLOOKUP(B6,Spring2004!$T$1:'Spring2004'!$U$9, 2) -> #N/A | F7: =VLOOKUP(F6,Spring2004!$T$1:'Spring2004'!$U$9, 2) -> B+
B9: Multiple Choice | C9: Essay | D9: Total | F9: Multiple Choice | G9: Essay | H9: Total
A10: Exam #1 | B10: =VLOOKUP($B$3,Spring2004!$T$25:'Spring2004'!AI402,5,FALSE) -> #N/A | C10: =VLOOKUP($B$3,Spring2004!$T$25:'Spring2004'!AI402,6,FALSE) -> #N/A | D10: =VLOOKUP($B$3,Spring2004!$T$25:'Spring2004'!AI402,7,FALSE) -> #N/A | F10: =Spring2004!X402 -> 147073.17 | G10: =Spring2004!Y402 -> 14816.25 | H10: =Spring2004!Z402 -> 150285.37
A11: Exam #2 | B11: =VLOOKUP($B$3,Spring2004!$T$25:'Spring2004'!AI402,9,FALSE) -> #N/A | C11: =VLOOKUP($B$3,Spring2004!$T$25:'Spring2004'!AI402,10,FALSE) -> #N/A | D11: =VLOOKUP($B$3,Spring2004!$T$25:'Spring2004'!AI402,11,FALSE) -> #N/A | F11: =Spring2004!AB402 -> 140144.04 | G11: =Spring2004!AC402 -> 17506.557 | H11: =Spring2004!AD402 -> 145949.44
A12: Exam #3 | B12: =VLOOKUP($B$3,Spring2004!$T$25:'Spring2004'!AI402,15,FALSE) -> #N/A | C12: =VLOOKUP($B$3,Spring2004!$T$25:'Spring2004'!AI402,14,FALSE) -> #N/A | D12: =VLOOKUP($B$3,Spring2004!$T$25:'Spring2004'!AI402,12,FALSE) -> #N/A | F12: =Spring2004!AE402 -> 0 | G12: =Spring2004!AF402 -> 0 | H12: =Spring2004!AG402 -> 0
A13: Final Exam | B13: =VLOOKUP($B$3,Spring2004!$T$25:'Spring2004'!AI402,13,FALSE) -> #N/A | F13: =Spring2004!AH402 -> 0
A15: Project #1 | B15: =VLOOKUP($B$3,Spring2004!$T$25:'Spring2004'!AI402,14,FALSE) -> #N/A | E15: Project #1 | F15: =Spring2004!AI402 -> 0
A17: Total Extra Credit | B17: =VLOOKUP($B$3,Spring2004!$T$25:'Spring2004'!AI402,3,FALSE) -> #N/A | E17: Total Extra Credit | F17: =Spring2004!V402 -> 23072.29
A19: * Note - If you would like to protect the privacy of your grade please submit a new ID of your choosing to the TA.
A20: ** - The spreasheet calculates your current letter grade based on all relevant exams/assignments. If you have missed an exam your income is correct but NOT your letter grade.

Sheet Spring2004
T1: 0 | U1: F
T2: =0.58*AE3 -> 208800 | U2: D
T3: =0.68*AE3 -> 244800 | U3: C | AE3: 360000
T4: =0.76*AE3 -> 273600 | U4: C+
T5: =0.8*AE3 -> 288000 | U5: B-
T6: =0.82*AE3 -> 295200 | U6: B
T7: =0.86*AE3 -> 309600 | U7: B+
T8: =0.9*AE3 -> 324000 | U8: A-
T9: =0.93*AE3 -> 334800 | U9: A
B23: Homeworks | F23: Games | M23: Drawings | S23: Movie | U23: CLASS | V23: Total | X23: Exam 1 | Y23: Exam 1 | Z23: Exam 1 | AB23: Exam 2 | AC23: Exam 2 | AD23: Exam 2 | AE23: Exam 3 | AF23: Exam 3 | AG23: Exam 3 | AI23: Project
A24: 1 | B24: 2 | C24: 3 | D24: 4 | E24: 1 | F24: 2 | G24: 3 | H24: 4 | I24: 5 | J24: 6 | K24: 7 | L24: 1 | M24: 2 | N24: 3 | O24: 4 | P24: 5 | Q24: 6 | R24: 7 | S24: Project | T24: Student ID | U24: INCOME | V24: Extra | X24: M/C | Y24: Essay | Z24: Total | AB24: M/C | AC24: Essay | AD24: Total | AE24: M/C | AF24: Essay | AG24: Total | AH24: Final | AI24: #1
A25: 3550 | B25: 0 | C25: 0 | D25: 0 | E25: 6000 | F25: 2700 | G25: 1500 | H25: 1450 | I25: 0 | J25: 0 | K25: 0 | L25: 1500 | M25: 2000 | N25: 1500 | O25: 3000 | P25: 0 | Q25: 0 | R25: 0 | S25: 0 | T25: 211809639 | U25: =SUM(V25, Z25, AD25, AG25, AH25, AI25) -> 311200 | V25: =SUM(A25:S25) -> 23200 | X25: 144000 | Z25: 144000 | AA25: 126000 | AB25: =AA25+18000 -> 144000 | AD25: =SUM(AB25:AC25) -> 144000 | AE25: 0 | AF25: 0 | AG25: =SUM(AE25:AF25) -> 0 | AH25: 0 | AI25: 0 | AX25: =(AB25+18000) -> 162000
A26: 5000 | B26: 5000 | C26: 0 | D26: 0 | E26: 6000 | F26: 2700 | G26: 1000 | H26: 1200 | I26: 0 | J26: 0 | K26: 0 | L26: 1500 | M26: 2000 | N26: 1500 | O26: 3000 | P26: 0 | Q26: 0 | R26: 0 | S26: 0 | T26: 208640915 | U26: =SUM(V26, Z26, AD26, AG26, AH26, AI26) -> 394900 | V26: =SUM(A26:S26) -> 28900 | W26: 168000 | X26: =W26+3*6000 -> 186000 | Z26: =SUM(X26:Y26) -> 186000 | AA26: 162000 | AB26: =AA26+18000 -> 180000 | AD26: =SUM(AB26:AC26) -> 180000 | AE26: 0 | AF26: 0 | AG26: =SUM(AE26:AF26) -> 0 | AH26: 0 | AI26: 0 | AX26: =(AB26+18000) -> 198000
A27: 3500 | B27: 5000 | C27: 0 | D27: 0 | E27: 6000 | F27: 2700 | G27: 1500 | H27: 1450 | I27: 0 | J27: 0 | K27: 0 | L27: 1500 | M27: 2000 | N27: 1500 | O27: 0 | P27: 0 | Q27: 0 | R27: 0 | S27: 0 | T27: 196700350 | U27: =SUM(V27, Z27, AD27, AG27, AH27, AI27) -> 283150 | V27: =SUM(A27:S27) -> 25150 | W27: 114000 | X27: =W27+3*6000 -> 132000 | Z27: =SUM(X27:Y27) -> 132000 | AA27: 108000 | AB27: =AA27+18000 -> 126000 | AD27: =SUM(AB27:AC27) -> 126000 | AE27: 0 | AF27: 0 | AG27: =SUM(AE27:AF27) -> 0 | AH27: 0 | AI27: 0 | AX27: =(AB27+18000) -> 144000
A28: 4350 | B28: 5000 | C28: 0 | D28: 0 | E28: 6000 | F28: 2700 | G28: 1500 | H28: 1450 | I28: 0 | J28: 0 | K28: 0 | L28: 1500 | M28: 2000 | N28: 1500 | O28: 0 | P28: 0 | Q28: 0 | R28: 0 | S28: 0 | T28: 205669687 | U28: =SUM(V28, Z28, AD28, AG28, AH28, AI28) -> 416000 | V28: =SUM(A28:S28) -> 26000 | W28: 162000 | X28: =W28+3*6000 -> 180000 | Y28: 18000 | Z28: =SUM(X28:Y28) -> 198000 | AA28: 156000 | AB28: =AA28+18000 -> 174000 | AC28: 18000 | AD28: =SUM(AB28:AC28) -> 192000 | AE28: 0 | AF28: 0 | AG28: =SUM(AE28:AF28) -> 0 | AH28: 0 | AI28: 0 | AX28: =(AB28+18000) -> 192000
A29: 0 | B29: 0 | C29: 0 | D29: 0 | E29: 6000 | F29: 2700 | G29: 1500 | H29: 0 | I29: 0 | J29: 0 | K29: 0 | L29: 1500 | M29: 2000 | N29: 0 | O29: 3000 | P29: 0 | Q29: 0 | R29: 0 | S29: 0 | T29: 129749410 | U29: =SUM(V29, Z29, AD29, AG29, AH29, AI29) -> 316700 | V29: =SUM(A29:S29) -> 16700 | W29: 132000 | X29: =W29+3*6000 -> 150000 | Z29: =SUM(X29:Y29) -> 150000 | AA29: 132000 | AB29: =AA29+18000 -> 150000 | AD29: =SUM(AB29:AC29) -> 150000 | AE29: 0 | AF29: 0 | AG29: =SUM(AE29:AF29) -> 0 | AH29: 0 | AI29: 0 | AX29: =(AB29+18000) -> 168000
A30: 0 | B30: 5000 | C30: 0 | D30: 0 | E30: 6000 | F30: 2700 | G30: 1000 | H30: 1450 | I30: 0 | J30: 0 | K30: 0 | L30: 0 | M30: 2000 | N30: 1500 | O30: 3000 | P30: 0 | Q30: 0 | R30: 0 | S30: 0 | T30: 152785217 | U30: =SUM(V30, Z30, AD30, AG30, AH30, AI30) -> 310650 | V30: =SUM(A30:S30) -> 22650 | W30: 138000 | X30: =W30+3*6000 -> 156000 | Z30: =SUM(X30:Y30) -> 156000 | AA30: 114000 | AB30: =AA30+18000 -> 132000 | AD30: =SUM(AB30:AC30) -> 132000 | AE30: 0 | AF30: 0 | AG30: =SUM(AE30:AF30) -> 0 | AH30: 0 | AI30: 0 | AX30: =(AB30+18000) -> 150000
A31: 0 | B31: 0 | C31: 0 | D31: 0 | E31: 6000 | F31: 2700 | G31: 3500 | H31: 1700 | I31: 0 | J31: 0 | K31: 0 | L31: 1500 | M31: 2000 | N31: 1500 | O31: 0 | P31: 0 | Q31: 0 | R31: 0 | S31: 0 | T31: 211688367 | U31: =SUM(V31, Z31, AD31, AG31, AH31, AI31) -> 288900 | V31: =SUM(A31:S31) -> 18900 | W31: 102000 | X31: =W31+3*6000 -> 120000 | Z31: =SUM(X31:Y31) -> 120000 | AA31: 114000 | AB31: =AA31+18000 -> 132000 | AC31: 18000 | AD31: =SUM(AB31:AC31) -> 150000 | AE31: 0 | AF31: 0 | AG31: =SUM(AE31:AF31) -> 0 | AH31: 0 | AI31: 0 | AX31: =(AB31+18000) -> 150000
A32: 3750 | B32: 5000 | C32: 0 | D32: 0 | E32: 6000 | F32: 2700 | G32: 1500 | H32: 1450 | I32: 0 | J32: 0 | K32: 0 | L32: 1500 | M32: 2000 | N32: 1500 | O32: 3000 | P32: 0 | Q32: 0 | R32: 0 | S32: 0 | T32: 168626361 | U32: =SUM(V32, Z32, AD32, AG32, AH32, AI32) -> 370400 | V32: =SUM(A32:S32) -> 28400 | W32: 156000 | X32: =W32+3*6000 -> 174000 | Z32: =SUM(X32:Y32) -> 174000 | AA32: 150000 | AB32: =AA32+18000 -> 168000 | AD32: =SUM(AB32:AC32) -> 168000 | AE32: 0 | AF32: 0 | AG32: =SUM(AE32:AF32) -> 0 | AH32: 0 | AI32: 0 | AX32: =(AB32+18000) -> 186000
A33: 3600 | B33: 5000 | C33: 0 | D33: 0 | E33: 6000 | F33: 2700 | G33: 1500 | H33: 1450 | I33: 0 | J33: 0 | K33: 0 | L33: 0 | M33: 2000 | N33: 1500 | O33: 3000 | P33: 0 | Q33: 0 | R33: 0 | S33: 0 | T33: 160660768 | U33: =SUM(V33, Z33, AD33, AG33, AH33, AI33) -> 290750 | V33: =SUM(A33:S33) -> 26750 | W33: 114000 | X33: =W33+3*6000 -> 132000 | Z33: =SUM(X33:Y33) -> 132000 | AA33: 114000 | AB33: =AA33+18000 -> 132000 | AD33: =SUM(AB33:AC33) -> 132000 | AE33: 0 | AF33: 0 | AG33: =SUM(AE33:AF33) -> 0 | AH33: 0 | AI33: 0 | AX33: =(AB33+18000) -> 150000
A34: 4750 | B34: 0 | C34: 0 | D34: 0 | E34: 6000 | F34: 2700 | G34: 0 | H34: 0 | I34: 0 | J34: 0 | K34: 0 | L34: 1500 | M34: 2000 | N34: 1500 | O34: 0 | P34: 0 | Q34: 0 | R34: 0 | S34: 0 | T34: 173661902 | U34: =SUM(V34, Z34, AD34, AG34, AH34, AI34) -> 300450 | V34: =SUM(A34:S34) -> 18450 | W34: 114000 | X34: =W34+3*6000 -> 132000 | Z34: =SUM(X34:Y34) -> 132000 | AA34: 132000 | AB34: =AA34+18000 -> 150000 | AD34: =SUM(AB34:AC34) -> 150000 | AE34: 0 | AF34: 0 | AG34: =SUM(AE34:AF34) -> 0 | AH34: 0 | AI34: 0 | AX34: =(AB34+18000) -> 168000
A35: 3250 | B35: 0 | C35: 0 | D35: 0 | E35: 6000 | F35: 2700 | G35: 0 | H35: 0 | I35: 0 | J35: 0 | K35: 0 | L35: 1500 | M35: 2000 | N35: 1500 | O35: 0 | P35: 0 | Q35: 0 | R35: 0 | S35: 0 | T35: 117742264 | AE35: 0 | AF35: 0 | AG35: =SUM(AE35:AF35) -> 0 | AH35: 0 | AI35: 0
A36: 0 | B36: 5000 | C36: 0 | D36: 0 | E36: 6000 | F36: 2700 | G36: 0 | H36: 650 | I36: 0 | J36: 0 | K36: 0 | L36: 1500 | M36: 2000 | N36: 1500 | O36: 3000 | P36: 0 | Q36: 0 | R36: 0 | S36: 0 | T36: 178665412 | U36: =SUM(V36, Z36, AD36, AG36, AH36, AI36) -> 172350 | V36: =SUM(A36:S36) -> 22350 | W36: 42000 | X36: =W36+3*6000 -> 60000 | Z36: =SUM(X36:Y36) -> 60000 | AA36: 54000 | AB36: =AA36+18000 -> 72000 | AC36: 18000 | AD36: =SUM(AB36:AC36) -> 90000 | AE36: 0 | AF36: 0 | AG36: =SUM(AE36:AF36) -> 0 | AH36: 0 | AI36: 0
A37: 4050 | B37: 4000 | C37: 0 | D37: 0 | E37: 6000 | F37: 2700 | G37: 1000 | H37: 1200 | I37: 0 | J37: 0 | K37: 0 | L37: 1500 | M37: 2000 | N37: 1500 | O37: 3000 | P37: 0 | Q37: 0 | R37: 0 | S37: 0 | T37: 164709696 | U37: =SUM(V37, Z37, AD37, AG37, AH37, AI37) -> 302950 | V37: =SUM(A37:S37) -> 26950 | W37: 96000 | X37: =W37+3*6000 -> 114000 | Z37: =SUM(X37:Y37) -> 114000 | AA37: 126000 | AB37: =AA37+18000 -> 144000 | AC37: 18000 | AD37: =SUM(AB37:AC37) -> 162000 | AE37: 0 | AF37: 0 | AG37: =SUM(AE37:AF37) -> 0 | AH37: 0 | AI37: 0
A38: 0 | B38: 4000 | C38: 0 | D38: 0 | E38: 6000 | F38: 2700 | G38: 2000 | H38: 1450 | I38: 0 | J38: 0 | K38: 0 | L38: 1500 | M38: 2000 | N38: 1500 | O38: 3000 | P38: 0 | Q38: 0 | R38: 0 | S38: 0 | T38: 170668270 | U38: =SUM(V38, Z38, AD38, AG38, AH38, AI38) -> 258150 | V38: =SUM(A38:S38) -> 24150 | W38: 96000 | X38: =W38+3*6000 -> 114000 | Z38: =SUM(X38:Y38) -> 114000 | AA38: 102000 | AB38: =AA38+18000 -> 120000 | AD38: =SUM(AB38:AC38) -> 120000 | AE38: 0 | AF38: 0 | AG38: =SUM(AE38:AF38) -> 0 | AH38: 0 | AI38: 0
A39: 0 | B39: 0 | C39: 0 | D39: 0 | E39: 6000 | F39: 2700 | G39: 1000 | I39: 0 | J39: 0 | K39: 0 | L39: 1500 | M39: 2000 | N39: 1500 | O39: 0 | P39: 0 | Q39: 0 | R39: 0 | S39: 0 | T39: 592907444 | U39: =SUM(V39, Z39, AD39, AG39, AH39, AI39) -> 342900 | V39: =SUM(A39:S39) -> 14700 | W39: 144000 | X39: =W39+3*6000 -> 162000 | Y39: 16200 | Z39: =SUM(X39:Y39) -> 178200 | AA39: 114000 | AB39: =AA39+18000 -> 132000 | AC39: 18000 | AD39: =SUM(AB39:AC39) -> 150000 | AE39: 0 | AF39: 0 | AG39: =SUM(AE39:AF39) -> 0 | AH39: 0 | AI39: 0
A40: 4300 | B40: 0 | C40: 0 | D40: 0 | E40: 6000 | F40: 2700 | G40: 1500 | H40: 0 | I40: 0 | J40: 0 | K40: 0 | L40: 1500 | M40: 2000 | N40: 1500 | O40: 3000 | P40: 0 | Q40: 0 | R40: 0 | S40: 0 | T40: 164682035 | U40: =SUM(V40, Z40, AD40, AG40, AH40, AI40) -> 340500 | V40: =SUM(A40:S40) -> 22500 | W40: 150000 | X40: =W40+3*6000 -> 168000 | Z40: =SUM(X40:Y40) -> 168000 | AA40: 132000 | AB40: =AA40+18000 -> 150000 | AD40: =SUM(AB40:AC40) -> 150000 | AE40: 0 | AF40: 0 | AG40: =SUM(AE40:AF40) -> 0 | AH40: 0 | AI40: 0
A41: 5000 | B41: 4500 | C41: 0 | D41: 0 | E41: 6000 | F41: 2700 | G41: 1000 | H41: 1450 | I41: 0 | J41: 0 | K41: 0 | L41: 1500 | M41: 2000 | N41: 0 | O41: 3000 | P41: 0 | Q41: 0 | R41: 0 | S41: 0 | T41: 200667452 | U41: =SUM(V41, Z41, AD41, AG41, AH41, AI41) -> 285150 | V41: =SUM(A41:S41) -> 27150 | W41: 108000 | X41: =W41+3*6000 -> 126000 | Z41: =SUM(X41:Y41) -> 126000 | AA41: 96000 | AB41: =AA41+18000 -> 114000 | AC41: 18000 | AD41: =SUM(AB41:AC41) -> 132000 | AE41: 0 | AF41: 0 | AG41: =SUM(AE41:AF41) -> 0 | AH41: 0 | AI41: 0
A42: 3500 | B42: 5000 | C42: 0 | D42: 0 | E42: 6000 | F42: 2700 | G42: 1000 | H42: 1450 | I42: 0 | J42: 0 | K42: 0 | L42: 1500 | M42: 2000 | N42: 1500 | O42: 3000 | P42: 0 | Q42: 0 | R42: 0 | S42: 0 | T42: 203644670 | U42: =SUM(V42, Z42, AD42, AG42, AH42, AI42) -> 391850 | V42: =SUM(A42:S42) -> 27650 | W42: 180000 | X42: =W42+3*6000 -> 198000 | Z42: =SUM(X42:Y42) -> 198000 | AA42: 132000 | AB42: =AA42+18000 -> 150000 | AC42: 16200 | AD42: =SUM(AB42:AC42) -> 166200 | AE42: 0 | AF42: 0 | AG42: =SUM(AE42:AF42) -> 0 | AH42: 0 | AI42: 0
A43: 3550 | B43: 4500 | C43: 0 | D43: 0 | E43: 6000 | F43: 2700 | G43: 1000 | H43: 0 | I43: 0 | J43: 0 | K43: 0 | L43: 1500 | M43: 2000 | N43: 1500 | O43: 0 | P43: 0 | Q43: 0 | R43: 0 | S43: 0 | T43: 560775299 | U43: =SUM(V43, Z43, AD43, AG43, AH43, AI43) -> 310750 | V43: =SUM(A43:S43) -> 22750 | W43: 132000 | X43: =W43+3*6000 -> 150000 | Z43: =SUM(X43:Y43) -> 150000 | AA43: 120000 | AB43: =AA43+18000 -> 138000 | AD43: =SUM(AB43:AC43) -> 138000 | AE43: 0 | AF43: 0 | AG43: =SUM(AE43:AF43) -> 0 | AH43: 0 | AI43: 0
A44: 4550 | B44: 5000 | C44: 0 | D44: 0 | E44: 6000 | F44: 1275 | G44: 2000 | H44: 1450 | I44: 0 | J44: 0 | K44: 0 | L44: 1500 | M44: 2000 | N44: 1500 | O44: 3000 | P44: 0 | Q44: 0 | R44: 0 | S44: 0 | T44: 186665782 | U44: =SUM(V44, Z44, AD44, AG44, AH44, AI44) -> 358275 | V44: =SUM(A44:S44) -> 28275 | W44: 150000 | X44: =W44+3*6000 -> 168000 | Z44: =SUM(X44:Y44) -> 168000 | AA44: 144000 | AB44: =AA44+18000 -> 162000 | AD44: =SUM(AB44:AC44) -> 162000 | AE44: 0 | AF44: 0 | AG44: =SUM(AE44:AF44) -> 0 | AH44: 0 | AI44: 0
A45: 0 | B45: 0 | C45: 0 | D45: 0 | E45: 6000 | F45: 0 | G45: 0 | H45: 0 | I45: 0 | J45: 0 | K45: 0 | L45: 1500 | M45: 2000 | N45: 1500 | O45: 0 | P45: 0 | Q45: 0 | R45: 0 | S45: 0 | T45: 187644085 | U45: =SUM(V45, Z45, AD45, AG45, AH45, AI45) -> 335000 | V45: =SUM(A45:S45) -> 11000 | W45: 144000 | X45: =W45+3*6000 -> 162000 | Z45: =SUM(X45:Y45) -> 162000 | AA45: 144000 | AB45: =AA45+18000 -> 162000 | AD45: =SUM(AB45:AC45) -> 162000 | AE45: 0 | AF45: 0 | AG45: =SUM(AE45:AF45) -> 0 | AH45: 0 | AI45: 0
A46: 0 | B46: 0 | C46: 0 | D46: 0 | E46: 6000 | F46: 2700 | G46: 1500 | H46: 1450 | I46: 0 | J46: 0 | K46: 0 | L46: 1500 | M46: 2000 | N46: 1500 | O46: 3000 | P46: 0 | Q46: 0 | R46: 0 | S46: 0 | T46: 228352008 | U46: =SUM(V46, Z46, AD46, AG46, AH46, AI46) -> 319650 | V46: =SUM(A46:S46) -> 19650 | X46: 150000 | Z46: 150000 | AA46: 132000 | AB46: =AA46+18000 -> 150000 | AD46: =SUM(AB46:AC46) -> 150000 | AE46: 0 | AF46: 0 | AG46: =SUM(AE46:AF46) -> 0 | AH46: 0 | AI46: 0
A47: 0 | B47: 0 | C47: 0 | D47: 0 | E47: 6000 | F47: 2700 | G47: 2000 | H47: 1450 | I47: 0 | J47: 0 | K47: 0 | L47: 1500 | M47: 2000 | N47: 1500 | O47: 3000 | P47: 0 | Q47: 0 | R47: 0 | S47: 0 | T47: 181681578 | U47: =SUM(V47, Z47, AD47, AG47, AH47, AI47) -> 266150 | V47: =SUM(A47:S47) -> 20150 | W47: 120000 | X47: =W47+3*6000 -> 138000 | Z47: =SUM(X47:Y47) -> 138000 | AA47: 90000 | AB47: =AA47+18000 -> 108000 | AD47: =SUM(AB47:AC47) -> 108000 | AE47: 0 | AF47: 0 | AG47: =SUM(AE47:AF47) -> 0 | AH47: 0 | AI47: 0
A48: 3800 | B48: 5000 | C48: 0 | D48: 0 | E48: 6000 | F48: 0 | G48: 1500 | H48: 0 | I48: 0 | J48: 0 | K48: 0 | L48: 1500 | M48: 2000 | N48: 0 | O48: 0 | P48: 0 | Q48: 0 | R48: 0 | S48: 0 | T48: 194646235 | U48: =SUM(V48, Z48, AD48, AG48, AH48, AI48) -> 354600 | V48: =SUM(A48:S48) -> 19800 | W48: 156000 | X48: =W48+3*6000 -> 174000 | Y48: 10800 | Z48: =SUM(X48:Y48) -> 184800 | AB48: 150000 | AD48: =SUM(AB48:AC48) -> 150000 | AE48: 0 | AF48: 0 | AG48: =SUM(AE48:AF48) -> 0 | AH48: 0 | AI48: 0
A49: 4350 | B49: 4000 | C49: 0 | D49: 0 | E49: 6000 | F49: 0 | G49: 1500 | H49: 1700 | I49: 0 | J49: 0 | K49: 0 | L49: 1500 | M49: 2000 | N49: 1500 | O49: 3000 | P49: 0 | Q49: 0 | R49: 0 | S49: 0 | T49: 8668755 | U49: =SUM(V49, Z49, AD49, AG49, AH49, AI49) -> 307550 | V49: =SUM(A49:S49) -> 25550 | W49: 126000 | X49: =W49+3*6000 -> 144000 | Z49: =SUM(X49:Y49) -> 144000 | AA49: 120000 | AB49: =AA49+18000 -> 138000 | AD49: =SUM(AB49:AC49) -> 138000 | AE49: 0 | AF49: 0 | AG49: =SUM(AE49:AF49) -> 0 | AH49: 0 | AI49: 0
A50: 4250 | B50: 4500 | C50: 0 | D50: 0 | E50: 6000 | F50: 2700 | G50: 2500 | H50: 1450 | I50: 0 | J50: 0 | K50: 0 | L50: 1500 | M50: 2000 | N50: 1500 | O50: 3000 | P50: 0 | Q50: 0 | R50: 0 | S50: 0 | T50: 164646182 | U50: =SUM(V50, Z50, AD50, AG50, AH50, AI50) -> 263400 | V50: =SUM(A50:S50) -> 29400 | W50: 102000 | X50: =W50+3*6000 -> 120000 | Z50: =SUM(X50:Y50) -> 120000 | AA50: 96000 | AB50: =AA50+18000 -> 114000 | AD50: =SUM(AB50:AC50) -> 114000 | AE50: 0 | AF50: 0 | AG50: =SUM(AE50:AF50) -> 0 | AH50: 0 | AI50: 0
A51: 3550 | B51: 0 | C51: 0 | D51: 0 | E51: 6000 | F51: 2700 | G51: 0 | H51: 1450 | I51: 0 | J51: 0 | K51: 0 | L51: 1500 | M51: 2000 | N51: 1500 | O51: 0 | P51: 0 | Q51: 0 | R51: 0 | S51: 0 | T51: 195741470 | U51: =SUM(V51, Z51, AD51, AG51, AH51, AI51) -> 264700 | V51: =SUM(A51:S51) -> 18700 | W51: 114000 | X51: =W51+3*6000 -> 132000 | Z51: =SUM(X51:Y51) -> 132000 | AA51: 96000 | AB51: =AA51+18000 -> 114000 | AD51: =SUM(AB51:AC51) -> 114000 | AE51: 0 | AF51: 0 | AG51: =SUM(AE51:AF51) -> 0 | AH51: 0 | AI51: 0
A52: 3550 | B52: 4500 | C52: 0 | D52: 0 | E52: 6000 | F52: 2700 | G52: 1500 | H52: 0 | I52: 0 | J52: 0 | K52: 0 | L52: 1500 | M52: 2000 | N52: 1500 | O52: 3000 | P52: 0 | Q52: 0 | R52: 0 | S52: 0 | T52: 3689537 | U52: =SUM(V52, Z52, AD52, AG52, AH52, AI52) -> 356250 | V52: =SUM(A52:S52) -> 26250 | W52: 144000 | X52: =W52+3*6000 -> 162000 | Z52: =SUM(X52:Y52) -> 162000 | AA52: 150000 | AB52: =AA52+18000 -> 168000 | AD52: =SUM(AB52:AC52) -> 168000 | AE52: 0 | AF52: 0 | AG52: =SUM(AE52:AF52) -> 0 | AH52: 0 | AI52: 0
A53: 4100 | B53: 5000 | C53: 0 | D53: 0 | E53: 6000 | F53: 2700 | G53: 0 | H53: 1450 | I53: 0 | J53: 0 | K53: 0 | L53: 1500 | M53: 2000 | N53: 1500 | O53: 3000 | P53: 0 | Q53: 0 | R53: 0 | S53: 0 | T53: 169665771 | U53: =SUM(V53, Z53, AD53, AG53, AH53, AI53) -> 227650 | V53: =SUM(A53:S53) -> 27250 | W53: 90000 | X53: =W53+3*6000 -> 108000 | Y53: 14400 | Z53: =SUM(X53:Y53) -> 122400 | AA53: 60000 | AB53: =AA53+18000 -> 78000 | AD53: =SUM(AB53:AC53) -> 78000 | AE53: 0 | AF53: 0 | AG53: =SUM(AE53:AF53) -> 0 | AH53: 0 | AI53: 0
A54: 0 | B54: 0 | C54: 0 | D54: 0 | E54: 6000 | F54: 0 | G54: 0 | H54: 0 | I54: 0 | J54: 0 | K54: 0 | L54: 1500 | M54: 0 | N54: 0 | O54: 0 | P54: 0 | Q54: 0 | R54: 0 | S54: 0 | T54: 54725504 | U54: =SUM(V54, Z54, AD54, AG54, AH54, AI54) -> 259500 | V54: =SUM(A54:S54) -> 7500 | W54: 120000 | X54: =W54+3*6000 -> 138000 | Z54: =SUM(X54:Y54) -> 138000 | AA54: 96000 | AB54: =AA54+18000 -> 114000 | AD54: =SUM(AB54:AC54) -> 114000 | AE54: 0 | AF54: 0 | AG54: =SUM(AE54:AF54) -> 0 | AH54: 0 | AI54: 0
A55: 3550 | B55: 5000 | C55: 0 | D55: 0 | E55: 6000 | F55: 2700 | G55: 0 | H55: 0 | I55: 0 | J55: 0 | K55: 0 | L55: 1500 | M55: 2000 | N55: 1500 | O55: 0 | P55: 0 | Q55: 0 | R55: 0 | S55: 0 | T55: 513885549 | U55: =SUM(V55, Z55, AD55, AG55, AH55, AI55) -> 298250 | V55: =SUM(A55:S55) -> 22250 | W55: 114000 | X55: =W55+3*6000 -> 132000 | Z55: =SUM(X55:Y55) -> 132000 | AA55: 126000 | AB55: =AA55+18000 -> 144000 | AD55: =SUM(AB55:AC55) -> 144000 | AE55: 0 | AF55: 0 | AG55: =SUM(AE55:AF55) -> 0 | AH55: 0 | AI55: 0
A56: 0 | B56: 5000 | C56: 0 | D56: 0 | E56: 6000 | F56: 2700 | G56: 1000 | H56: 1450 | I56: 0 | J56: 0 | K56: 0 | L56: 1500 | M56: 2000 | N56: 1500 | O56: 3000 | P56: 0 | Q56: 0 | R56: 0 | S56: 0 | T56: 142882915 | U56: =SUM(V56, Z56, AD56, AG56, AH56, AI56) -> 384150 | V56: =SUM(A56:S56) -> 24150 | W56: 168000 | X56: =W56+3*6000 -> 186000 | Z56: =SUM(X56:Y56) -> 186000 | AA56: 156000 | AB56: =AA56+18000 -> 174000 | AD56: =SUM(AB56:AC56) -> 174000 | AE56: 0 | AF56: 0 | AG56: =SUM(AE56:AF56) -> 0 | AH56: 0 | AI56: 0
A57: 4300 | B57: 5000 | C57: 0 | D57: 0 | E57: 6000 | F57: 2700 | G57: 2000 | H57: 1450 | I57: 0 | J57: 0 | K57: 0 | L57: 1500 | M57: 2000 | N57: 1500 | O57: 3000 | P57: 0 | Q57: 0 | R57: 0 | S57: 0 | T57: 184724012 | U57: =SUM(V57, Z57, AD57, AG57, AH57, AI57) -> 341450 | V57: =SUM(A57:S57) -> 29450 | W57: 120000 | X57: =W57+3*6000 -> 138000 | Z57: =SUM(X57:Y57) -> 138000 | AA57: 138000 | AB57: =AA57+18000 -> 156000 | AC57: 18000 | AD57: =SUM(AB57:AC57) -> 174000 | AE57: 0 | AF57: 0 | AG57: =SUM(AE57:AF57) -> 0 | AH57: 0 | AI57: 0
A58: 4250 | B58: 5000 | C58: 0 | D58: 0 | E58: 6000 | F58: 0 | G58: 2000 | H58: 0 | I58: 0 | J58: 0 | K58: 0 | L58: 1500 | M58: 2000 | N58: 1500 | O58: 3000 | P58: 0 | Q58: 0 | R58: 0 | S58: 0 | T58: 331784996 | U58: =SUM(V58, Z58, AD58, AG58, AH58, AI58) -> 193250 | V58: =SUM(A58:S58) -> 25250 | W58: 150000 | X58: =W58+3*6000 -> 168000 | Z58: =SUM(X58:Y58) -> 168000 | AE58: 0 | AF58: 0 | AG58: =SUM(AE58:AF58) -> 0 | AH58: 0 | AI58: 0
A59: 4800 | B59: 3000 | C59: 0 | D59: 0 | E59: 6000 | F59: 1275 | G59: 1500 | H59: 0 | I59: 0 | J59: 0 | K59: 0 | L59: 1500 | M59: 2000 | N59: 1500 | O59: 3000 | P59: 0 | Q59: 0 | R59: 0 | S59: 0 | T59: 191646495 | U59: =SUM(V59, Z59, AD59, AG59, AH59, AI59) -> 168575 | V59: =SUM(A59:S59) -> 24575 | W59: 126000 | X59: =W59+3*6000 -> 144000 | Z59: =SUM(X59:Y59) -> 144000 | AE59: 0 | AF59: 0 | AG59: =SUM(AE59:AF59) -> 0 | AH59: 0 | AI59: 0
A60: 4300 | B60: 5000 | C60: 0 | D60: 0 | E60: 6000 | F60: 2700 | G60: 1000 | H60: 1700 | I60: 0 | J60: 0 | K60: 0 | L60: 1500 | M60: 2000 | N60: 1500 | O60: 3000 | P60: 0 | Q60: 0 | R60: 0 | S60: 0 | T60: 107763820 | U60: =SUM(V60, Z60, AD60, AG60, AH60, AI60) -> 352700 | V60: =SUM(A60:S60) -> 28700 | W60: 114000 | X60: =W60+3*6000 -> 132000 | Z60: =SUM(X60:Y60) -> 132000 | AA60: 156000 | AB60: =AA60+18000 -> 174000 | AC60: 18000 | AD60: =SUM(AB60:AC60) -> 192000 | AE60: 0 | AF60: 0 | AG60: =SUM(AE60:AF60) -> 0 | AH60: 0 | AI60: 0
A61: 0 | B61: 0 | C61: 0 | D61: 0 | E61: 6000 | F61: 0 | G61: 1000 | H61: 0 | I61: 0 | J61: 0 | K61: 0 | L61: 0 | M61: 2000 | N61: 1500 | O61: 0 | P61: 0 | Q61: 0 | R61: 0 | S61: 0 | T61: 139824332 | U61: =SUM(V61, Z61, AD61, AG61, AH61, AI61) -> 249600 | V61: =SUM(A61:S61) -> 10500 | W61: 102000 | X61: =W61+3*6000 -> 120000 | Y61: 17100 | Z61: =SUM(X61:Y61) -> 137100 | AA61: 66000 | AB61: =AA61+18000 -> 84000 | AC61: 18000 | AD61: =SUM(AB61:AC61) -> 102000 | AE61: 0 | AF61: 0 | AG61: =SUM(AE61:AF61) -> 0 | AH61: 0 | AI61: 0
A62: 4750 | B62: 4500 | C62: 0 | D62: 0 | E62: 6000 | F62: 2700 | G62: 1000 | H62: 1700 | I62: 0 | J62: 0 | K62: 0 | L62: 1500 | M62: 2000 | N62: 1500 | O62: 3000 | P62: 0 | Q62: 0 | R62: 0 | S62: 0 | T62: 106722567 | U62: =SUM(V62, Z62, AD62, AG62, AH62, AI62) -> 346650 | V62: =SUM(A62:S62) -> 28650 | W62: 156000 | X62: =W62+3*6000 -> 174000 | Z62: =SUM(X62:Y62) -> 174000 | AA62: 126000 | AB62: =AA62+18000 -> 144000 | AD62: =SUM(AB62:AC62) -> 144000 | AE62: 0 | AF62: 0 | AG62: =SUM(AE62:AF62) -> 0 | AH62: 0 | AI62: 0
A63: 3500 | B63: 0 | C63: 0 | D63: 0 | E63: 6000 | F63: 2700 | G63: 1500 | H63: 0 | I63: 0 | J63: 0 | K63: 0 | L63: 1500 | M63: 2000 | N63: 1500 | O63: 3000 | P63: 0 | Q63: 0 | R63: 0 | S63: 0 | T63: 195724023 | U63: =SUM(V63, Z63, AD63, AG63, AH63, AI63) -> 315700 | V63: =SUM(A63:S63) -> 21700 | W63: 132000 | X63: =W63+3*6000 -> 150000 | Z63: =SUM(X63:Y63) -> 150000 | AA63: 126000 | AB63: =AA63+18000 -> 144000 | AD63: =SUM(AB63:AC63) -> 144000 | AE63: 0 | AF63: 0 | AG63: =SUM(AE63:AF63) -> 0 | AH63: 0 | AI63: 0
A64: 3800 | B64: 4000 | C64: 0 | D64: 0 | E64: 6000 | F64: 2700 | G64: 1000 | H64: 1800 | I64: 0 | J64: 0 | K64: 0 | L64: 1500 | M64: 2000 | N64: 1500 | O64: 3000 | P64: 0 | Q64: 0 | R64: 0 | S64: 0 | T64: 199709696 | U64: =SUM(V64, Z64, AD64, AG64, AH64, AI64) -> 373500 | V64: =SUM(A64:S64) -> 27300 | W64: 144000 | X64: =W64+3*6000 -> 162000 | Y64: 16200 | Z64: =SUM(X64:Y64) -> 178200 | AA64: 132000 | AB64: =AA64+18000 -> 150000 | AC64: 18000 | AD64: =SUM(AB64:AC64) -> 168000 | AE64: 0 | AF64: 0 | AG64: =SUM(AE64:AF64) -> 0 | AH64: 0 | AI64: 0
A65: 0 | B65: 5000 | C65: 0 | D65: 0 | E65: 6000 | F65: 2700 | G65: 1500 | H65: 1200 | I65: 0 | J65: 0 | K65: 0 | L65: 1500 | M65: 2000 | N65: 1500 | O65: 0 | P65: 0 | Q65: 0 | R65: 0 | S65: 0 | T65: 138787769 | U65: =SUM(V65, Z65, AD65, AG65, AH65, AI65) -> 303400 | V65: =SUM(A65:S65) -> 21400 | W65: 132000 | X65: =W65+3*6000 -> 150000 | Z65: =SUM(X65:Y65) -> 150000 | AA65: 96000 | AB65: =AA65+18000 -> 114000 | AC65: 18000 | AD65: =SUM(AB65:AC65) -> 132000 | AE65: 0 | AF65: 0 | AG65: =SUM(AE65:AF65) -> 0 | AH65: 0 | AI65: 0
A66: 4750 | B66: 0 | C66: 0 | D66: 0 | E66: 6000 | F66: 2700 | G66: 1000 | H66: 1200 | I66: 0 | J66: 0 | K66: 0 | L66: 1500 | M66: 2000 | N66: 1500 | O66: 3000 | P66: 0 | Q66: 0 | R66: 0 | S66: 0 | T66: 91703586 | U66: =SUM(V66, Z66, AD66, AG66, AH66, AI66) -> 275650 | V66: =SUM(A66:S66) -> 23650 | W66: 114000 | X66: =W66+3*6000 -> 132000 | Z66: =SUM(X66:Y66) -> 132000 | AA66: 102000 | AB66: =AA66+18000 -> 120000 | AD66: =SUM(AB66:AC66) -> 120000 | AE66: 0 | AF66: 0 | AG66: =SUM(AE66:AF66) -> 0 | AH66: 0 | AI66: 0
A67: 3550 | B67: 5000 | C67: 0 | D67: 0 | E67: 6000 | F67: 2700 | G67: 2000 | H67: 1800 | I67: 0 | J67: 0 | K67: 0 | L67: 1500 | M67: 2000 | N67: 1500 | O67: 3000 | P67: 0 | Q67: 0 | R67: 0 | S67: 0 | T67: 165665048 | U67: =SUM(V67, Z67, AD67, AG67, AH67, AI67) -> 305050 | V67: =SUM(A67:S67) -> 29050 | W67: 108000 | X67: =W67+3*6000 -> 126000 | Z67: =SUM(X67:Y67) -> 126000 | AA67: 132000 | AB67: =AA67+18000 -> 150000 | AD67: =SUM(AB67:AC67) -> 150000 | AE67: 0 | AF67: 0 | AG67: =SUM(AE67:AF67) -> 0 | AH67: 0 | AI67: 0
A68: 0 | B68: 5000 | C68: 0 | D68: 0 | E68: 6000 | F68: 2700 | G68: 1500 | H68: 1450 | I68: 0 | J68: 0 | K68: 0 | L68: 1500 | M68: 2000 | N68: 1500 | O68: 3000 | P68: 0 | Q68: 0 | R68: 0 | S68: 0 | T68: 187669872 | U68: =SUM(V68, Z68, AD68, AG68, AH68, AI68) -> 348650 | V68: =SUM(A68:S68) -> 24650 | W68: 144000 | X68: =W68+3*6000 -> 162000 | Z68: =SUM(X68:Y68) -> 162000 | AA68: 144000 | AB68: =AA68+18000 -> 162000 | AD68: =SUM(AB68:AC68) -> 162000 | AE68: 0 | AF68: 0 | AG68: =SUM(AE68:AF68) -> 0 | AH68: 0 | AI68: 0
A69: 0 | B69: 0 | C69: 0 | D69: 0 | E69: 6000 | F69: 1275 | G69: 2000 | H69: 1700 | I69: 0 | J69: 0 | K69: 0 | L69: 1500 | M69: 2000 | N69: 1500 | O69: 3000 | P69: 0 | Q69: 0 | R69: 0 | S69: 0 | T69: 79721574 | U69: =SUM(V69, Z69, AD69, AG69, AH69, AI69) -> 312975 | V69: =SUM(A69:S69) -> 18975 | W69: 120000 | X69: =W69+3*6000 -> 138000 | Z69: =SUM(X69:Y69) -> 138000 | AA69: 138000 | AB69: =AA69+18000 -> 156000 | AD69: =SUM(AB69:AC69) -> 156000 | AE69: 0 | AF69: 0 | AG69: =SUM(AE69:AF69) -> 0 | AH69: 0 | AI69: 0
A70: 4550 | B70: 0 | C70: 0 | D70: 0 | E70: 6000 | F70: 0 | G70: 0 | H70: 0 | I70: 0 | J70: 0 | K70: 0 | L70: 0 | M70: 0 | N70: 0 | O70: 0 | P70: 0 | Q70: 0 | R70: 0 | S70: 0 | T70: 163666773 | U70: =SUM(V70, Z70, AD70, AG70, AH70, AI70) -> 275150 | V70: =SUM(A70:S70) -> 10550 | W70: 120000 | X70: =W70+3*6000 -> 138000 | Y70: 12600 | Z70: =SUM(X70:Y70) -> 150600 | AA70: 96000 | AB70: =AA70+18000 -> 114000 | AD70: =SUM(AB70:AC70) -> 114000 | AE70: 0 | AF70: 0 | AG70: =SUM(AE70:AF70) -> 0 | AH70: 0 | AI70: 0
A71: 0 | B71: 0 | C71: 0 | D71: 0 | E71: 6000 | F71: 2700 | G71: 1000 | H71: 1700 | I71: 0 | J71: 0 | K71: 0 | L71: 0 | M71: 0 | N71: 1500 | O71: 0 | P71: 0 | Q71: 0 | R71: 0 | S71: 0 | T71: 190660810 | U71: =SUM(V71, Z71, AD71, AG71, AH71, AI71) -> 257700 | V71: =SUM(A71:S71) -> 12900 | X71: 108000 | Y71: 14400 | Z71: 122400 | AA71: 90000 | AB71: =AA71+18000 -> 108000 | AC71: 14400 | AD71: =SUM(AB71:AC71) -> 122400 | AE71: 0 | AF71: 0 | AG71: =SUM(AE71:AF71) -> 0 | AH71: 0 | AI71: 0
A72: 4500 | B72: 0 | C72: 0 | D72: 0 | E72: 6000 | F72: 2700 | G72: 3000 | H72: 1800 | I72: 0 | J72: 0 | K72: 0 | L72: 1500 | M72: 2000 | N72: 1500 | O72: 3000 | P72: 0 | Q72: 0 | R72: 0 | S72: 0 | T72: 221726363 | U72: =SUM(V72, Z72, AD72, AG72, AH72, AI72) -> 404000 | V72: =SUM(A72:S72) -> 26000 | W72: 174000 | X72: =W72+3*6000 -> 192000 | Z72: =SUM(X72:Y72) -> 192000 | AB72: 168000 | AC72: 18000 | AD72: =SUM(AB72:AC72) -> 186000 | AE72: 0 | AF72: 0 | AG72: =SUM(AE72:AF72) -> 0 | AH72: 0 | AI72: 0
A73: 0 | B73: 0 | C73: 0 | D73: 0 | E73: 6000 | F73: 0 | G73: 0 | H73: 0 | I73: 0 | J73: 0 | K73: 0 | L73: 0 | M73: 0 | N73: 0 | O73: 0 | P73: 0 | Q73: 0 | R73: 0 | S73: 0 | T73: 208608407 | U73: =SUM(V73, Z73, AD73, AG73, AH73, AI73) -> 270000 | V73: =SUM(A73:S73) -> 6000 | W73: 90000 | X73: =W73+3*6000 -> 108000 | Z73: =SUM(X73:Y73) -> 108000 | AA73: 138000 | AB73: =AA73+18000 -> 156000 | AD73: =SUM(AB73:AC73) -> 156000 | AE73: 0 | AF73: 0 | AG73: =SUM(AE73:AF73) -> 0 | AH73: 0 | AI73: 0
A74: 4050 | B74: 5000 | C74: 0 | D74: 0 | E74: 6000 | F74: 2700 | G74: 1000 | H74: 1450 | I74: 0 | J74: 0 | K74: 0 | L74: 1500 | M74: 2000 | N74: 1500 | O74: 3000 | P74: 0 | Q74: 0 | R74: 0 | S74: 0 | T74: 190706258 | U74: =SUM(V74, Z74, AD74, AG74, AH74, AI74) -> 321000 | V74: =SUM(A74:S74) -> 28200 | W74: 108000 | X74: =W74+3*6000 -> 126000 | Y74: 10800 | Z74: =SUM(X74:Y74) -> 136800 | AA74: 138000 | AB74: =AA74+18000 -> 156000 | AD74: =SUM(AB74:AC74) -> 156000 | AE74: 0 | AF74: 0 | AG74: =SUM(AE74:AF74) -> 0 | AH74: 0 | AI74: 0
A75: 4000 | B75: 5000 | C75: 0 | D75: 0 | E75: 6000 | F75: 0 | G75: 0 | H75: 0 | I75: 0 | J75: 0 | K75: 0 | L75: 1500 | M75: 2000 | N75: 0 | O75: 0 | P75: 0 | Q75: 0 | R75: 0 | S75: 0 | T75: 152882424 | U75: =SUM(V75, Z75, AD75, AG75, AH75, AI75) -> 342500 | V75: =SUM(A75:S75) -> 18500 | W75: 150000 | X75: =W75+3*6000 -> 168000 | Z75: =SUM(X75:Y75) -> 168000 | AA75: 138000 | AB75: =AA75+18000 -> 156000 | AD75: =SUM(AB75:AC75) -> 156000 | AE75: 0 | AF75: 0 | AG75: =SUM(AE75:AF75) -> 0 | AH75: 0 | AI75: 0
A76: 3750 | B76: 5000 | C76: 0 | D76: 0 | E76: 6000 | F76: 1275 | G76: 1500 | H76: 1450 | I76: 0 | J76: 0 | K76: 0 | L76: 1500 | M76: 2000 | N76: 0 | O76: 3000 | P76: 0 | Q76: 0 | R76: 0 | S76: 0 | T76: 201689697 | U76: =SUM(V76, Z76, AD76, AG76, AH76, AI76) -> 289475 | V76: =SUM(A76:S76) -> 25475 | W76: 120000 | X76: =W76+3*6000 -> 138000 | Z76: =SUM(X76:Y76) -> 138000 | AA76: 108000 | AB76: =AA76+18000 -> 126000 | AD76: =SUM(AB76:AC76) -> 126000 | AE76: 0 | AF76: 0 | AG76: =SUM(AE76:AF76) -> 0 | AH76: 0 | AI76: 0
A77: 0 | B77: 0 | C77: 0 | D77: 0 | E77: 6000 | F77: 2700 | G77: 1000 | H77: 0 | I77: 0 | J77: 0 | K77: 0 | L77: 1500 | M77: 2000 | N77: 0 | O77: 3000 | P77: 0 | Q77: 0 | R77: 0 | S77: 0 | T77: 40845740 | U77: =SUM(V77, Z77, AD77, AG77, AH77, AI77) -> 346800 | V77: =SUM(A77:S77) -> 16200 | W77: 132000 | X77: =W77+3*6000 -> 150000 | Y77: 12600 | Z77: =SUM(X77:Y77) -> 162600 | AA77: 132000 | AB77: =AA77+18000 -> 150000 | AC77: 18000 | AD77: =SUM(AB77:AC77) -> 168000 | AE77: 0 | AF77: 0 | AG77: =SUM(AE77:AF77) -> 0 | AH77: 0 | AI77: 0
A78: 0 | B78: 0 | C78: 0 | D78: 0 | E78: 6000 | F78: 2700 | G78: 1000 | H78: 1450 | I78: 0 | J78: 0 | K78: 0 | L78: 1500 | M78: 2000 | N78: 1500 | O78: 3000 | P78: 0 | Q78: 0 | R78: 0 | S78: 0 | T78: 5902184 | U78: =SUM(V78, Z78, AD78, AG78, AH78, AI78) -> 265150 | V78: =SUM(A78:S78) -> 19150 | W78: 120000 | X78: =W78+3*6000 -> 138000 | Z78: =SUM(X78:Y78) -> 138000 | AA78: 90000 | AB78: =AA78+18000 -> 108000 | AD78: =SUM(AB78:AC78) -> 108000 | AE78: 0 | AF78: 0 | AG78: =SUM(AE78:AF78) -> 0 | AH78: 0 | AI78: 0
A79: 4500 | B79: 5000 | C79: 0 | D79: 0 | E79: 6000 | F79: 2700 | G79: 3000 | H79: 1450 | I79: 0 | J79: 0 | K79: 0 | L79: 1500 | M79: 2000 | N79: 1500 | O79: 3000 | P79: 0 | Q79: 0 | R79: 0 | S79: 0 | T79: 802889520 | U79: =SUM(V79, Z79, AD79, AG79, AH79, AI79) -> 384650 | V79: =SUM(A79:S79) -> 30650 | W79: 168000 | X79: =W79+3*6000 -> 186000 | Z79: =SUM(X79:Y79) -> 186000 | AA79: 150000 | AB79: =AA79+18000 -> 168000 | AD79: =SUM(AB79:AC79) -> 168000 | AE79: 0 | AF79: 0 | AG79: =SUM(AE79:AF79) -> 0 | AH79: 0 | AI79: 0
A80: 4000 | B80: 5000 | C80: 0 | D80: 0 | E80: 6000 | F80: 2700 | G80: 0 | H80: 0 | I80: 0 | J80: 0 | K80: 0 | L80: 1500 | M80: 0 | N80: 1500 | O80: 0 | P80: 0 | Q80: 0 | R80: 0 | S80: 0 | T80: 651079935 | U80: =SUM(V80, Z80, AD80, AG80, AH80, AI80) -> 314700 | V80: =SUM(A80:S80) -> 20700 | W80: 120000 | X80: =W80+3*6000 -> 138000 | Z80: =SUM(X80:Y80) -> 138000 | AA80: 138000 | AB80: =AA80+18000 -> 156000 | AD80: =SUM(AB80:AC80) -> 156000 | AE80: 0 | AF80: 0 | AG80: =SUM(AE80:AF80) -> 0 | AH80: 0 | AI80: 0
A81: 5000 | B81: 5000 | C81: 0 | D81: 0 | E81: 6000 | F81: 1275 | G81: 0 | H81: 0 | I81: 0 | J81: 0 | K81: 0 | L81: 1500 | M81: 0 | N81: 1500 | O81: 0 | P81: 0 | Q81: 0 | R81: 0 | S81: 0 | T81: 802870010 | U81: =SUM(V81, Z81, AD81, AG81, AH81, AI81) -> 356275 | V81: =SUM(A81:S81) -> 20275 | W81: 144000 | X81: =W81+3*6000 -> 162000 | Z81: =SUM(X81:Y81) -> 162000 | AA81: 138000 | AB81: =AA81+18000 -> 156000 | AC81: 18000 | AD81: =SUM(AB81:AC81) -> 174000 | AE81: 0 | AF81: 0 | AG81: =SUM(AE81:AF81) -> 0 | AH81: 0 | AI81: 0
A82: 4500 | B82: 5000 | C82: 0 | D82: 0 | E82: 6000 | F82: 2700 | G82: 2000 | H82: 0 | I82: 0 | J82: 0 | K82: 0 | L82: 1500 | M82: 2000 | N82: 1500 | O82: 3000 | P82: 0 | Q82: 0 | R82: 0 | S82: 0 | T82: 193647888 | U82: =SUM(V82, Z82, AD82, AG82, AH82, AI82) -> 338400 | V82: =SUM(A82:S82) -> 28200 | W82: 126000 | X82: =W82+3*6000 -> 144000 | Y82: 18000 | Z82: =SUM(X82:Y82) -> 162000 | AA82: 114000 | AB82: =AA82+18000 -> 132000 | AC82: 16200 | AD82: =SUM(AB82:AC82) -> 148200 | AE82: 0 | AF82: 0 | AG82: =SUM(AE82:AF82) -> 0 | AH82: 0 | AI82: 0
A83: 3500 | B83: 5000 | C83: 0 | D83: 0 | E83: 6000 | F83: 2700 | G83: 2000 | H83: 0 | I83: 0 | J83: 0 | K83: 0 | L83: 1500 | M83: 2000 | N83: 1500 | O83: 3000 | P83: 0 | Q83: 0 | R83: 0 | S83: 0 | T83: 159663801 | U83: =SUM(V83, Z83, AD83, AG83, AH83, AI83) -> 300200 | V83: =SUM(A83:S83) -> 27200 | W83: 114000 | X83: =W83+3*6000 -> 132000 | Y83: 10800 | Z83: =SUM(X83:Y83) -> 142800 | AA83: 96000 | AB83: =AA83+18000 -> 114000 | AC83: 16200 | AD83: =SUM(AB83:AC83) -> 130200 | AE83: 0 | AF83: 0 | AG83: =SUM(AE83:AF83) -> 0 | AH83: 0 | AI83: 0
A84: 4550 | B84: 5000 | C84: 0 | D84: 0 | E84: 6000 | F84: 1275 | G84: 1500 | H84: 0 | I84: 0 | J84: 0 | K84: 0 | L84: 1500 | M84: 2000 | N84: 1500 | O84: 3000 | P84: 0 | Q84: 0 | R84: 0 | S84: 0 | T84: 155784383 | U84: =SUM(V84, Z84, AD84, AG84, AH84, AI84) -> 332325 | V84: =SUM(A84:S84) -> 26325 | W84: 126000 | X84: =W84+3*6000 -> 144000 | Z84: =SUM(X84:Y84) -> 144000 | AA84: 144000 | AB84: =AA84+18000 -> 162000 | AD84: =SUM(AB84:AC84) -> 162000 | AE84: 0 | AF84: 0 | AG84: =SUM(AE84:AF84) -> 0 | AH84: 0 | AI84: 0
A85: 4800 | B85: 5000 | C85: 0 | D85: 0 | E85: 6000 | F85: 2700 | G85: 1000 | H85: 1450 | I85: 0 | J85: 0 | K85: 0 | L85: 1500 | M85: 2000 | N85: 1500 | O85: 0 | P85: 0 | Q85: 0 | R85: 0 | S85: 0 | T85: 165705545 | U85: =SUM(V85, Z85, AD85, AG85, AH85, AI85) -> 379950 | V85: =SUM(A85:S85) -> 25950 | W85: 156000 | X85: =W85+3*6000 -> 174000 | Z85: =SUM(X85:Y85) -> 174000 | AA85: 144000 | AB85: =AA85+18000 -> 162000 | AC85: 18000 | AD85: =SUM(AB85:AC85) -> 180000 | AE85: 0 | AF85: 0 | AG85: =SUM(AE85:AF85) -> 0 | AH85: 0 | AI85: 0
A86: 4100 | B86: 4000 | C86: 0 | D86: 0 | E86: 6000 | F86: 0 | G86: 3000 | H86: 1700 | I86: 0 | J86: 0 | K86: 0 | L86: 1500 | M86: 2000 | N86: 0 | O86: 0 | P86: 0 | Q86: 0 | R86: 0 | S86: 0 | T86: 187684878 | U86: =SUM(V86, Z86, AD86, AG86, AH86, AI86) -> 352300 | V86: =SUM(A86:S86) -> 22300 | W86: 156000 | X86: =W86+3*6000 -> 174000 | Z86: =SUM(X86:Y86) -> 174000 | AA86: 138000 | AB86: =AA86+18000 -> 156000 | AD86: =SUM(AB86:AC86) -> 156000 | AE86: 0 | AF86: 0 | AG86: =SUM(AE86:AF86) -> 0 | AH86: 0 | AI86: 0
A87: 0 | B87: 0 | C87: 0 | D87: 0 | E87: 6000 | F87: 2700 | G87: 1500 | H87: 0 | I87: 0 | J87: 0 | K87: 0 | L87: 1500 | M87: 2000 | N87: 1500 | O87: 3000 | P87: 0 | Q87: 0 | R87: 0 | S87: 0 | T87: 187685556 | U87: =SUM(V87, Z87, AD87, AG87, AH87, AI87) -> 198200 | V87: =SUM(A87:S87) -> 18200 | W87: 84000 | X87: =W87+3*6000 -> 102000 | Z87: =SUM(X87:Y87) -> 102000 | AA87: 60000 | AB87: =AA87+18000 -> 78000 | AD87: =SUM(AB87:AC87) -> 78000 | AE87: 0 | AF87: 0 | AG87: =SUM(AE87:AF87) -> 0 | AH87: 0 | AI87: 0
A88: 0 | B88: 5000 | C88: 0 | D88: 0 | E88: 6000 | F88: 2700 | G88: 1500 | H88: 1450 | I88: 0 | J88: 0 | K88: 0 | L88: 1500 | M88: 2000 | N88: 1500 | O88: 3000 | P88: 0 | Q88: 0 | R88: 0 | S88: 0 | T88: 204644594 | U88: =SUM(V88, Z88, AD88, AG88, AH88, AI88) -> 354650 | V88: =SUM(A88:S88) -> 24650 | W88: 144000 | X88: =W88+3*6000 -> 162000 | Z88: =SUM(X88:Y88) -> 162000 | AA88: 132000 | AB88: =AA88+18000 -> 150000 | AC88: 18000 | AD88: =SUM(AB88:AC88) -> 168000 | AE88: 0 | AF88: 0 | AG88: =SUM(AE88:AF88) -> 0 | AH88: 0 | AI88: 0
A89: 4550 | B89: 5000 | C89: 0 | D89: 0 | E89: 6000 | F89: 2700 | G89: 2500 | H89: 1700 | I89: 0 | J89: 0 | K89: 0 | L89: 0 | M89: 2000 | N89: 1500 | O89: 3000 | P89: 0 | Q89: 0 | R89: 0 | S89: 0 | T89: 175707104 | U89: =SUM(V89, Z89, AD89, AG89, AH89, AI89) -> 354450 | V89: =SUM(A89:S89) -> 28950 | W89: 138000 | X89: =W89+3*6000 -> 156000 | Y89: 13500 | Z89: =SUM(X89:Y89) -> 169500 | AA89: 138000 | AB89: =AA89+18000 -> 156000 | AD89: =SUM(AB89:AC89) -> 156000 | AE89: 0 | AF89: 0 | AG89: =SUM(AE89:AF89) -> 0 | AH89: 0 | AI89: 0
A90: 4050 | B90: 5000 | C90: 0 | D90: 0 | E90: 6000 | F90: 2700 | G90: 0 | H90: 0 | I90: 0 | J90: 0 | K90: 0 | L90: 1500 | M90: 2000 | N90: 0 | O90: 0 | P90: 0 | Q90: 0 | R90: 0 | S90: 0 | T90: 84704510 | U90: =SUM(V90, Z90, AD90, AG90, AH90, AI90) -> 357250 | V90: =SUM(A90:S90) -> 21250 | W90: 168000 | X90: =W90+3*6000 -> 186000 | Z90: =SUM(X90:Y90) -> 186000 | AA90: 132000 | AB90: =AA90+18000 -> 150000 | AD90: =SUM(AB90:AC90) -> 150000 | AE90: 0 | AF90: 0 | AG90: =SUM(AE90:AF90) -> 0 | AH90: 0 | AI90: 0
A91: 3300 | B91: 5000 | C91: 0 | D91: 0 | E91: 6000 | F91: 2700 | G91: 1500 | H91: 0 | I91: 0 | J91: 0 | K91: 0 | L91: 1500 | M91: 2000 | N91: 1500 | O91: 3000 | P91: 0 | Q91: 0 | R91: 0 | S91: 0 | T91: 76705537 | U91: =SUM(V91, Z91, AD91, AG91, AH91, AI91) -> 332500 | V91: =SUM(A91:S91) -> 26500 | W91: 126000 | X91: =W91+3*6000 -> 144000 | Z91: =SUM(X91:Y91) -> 144000 | AA91: 126000 | AB91: =AA91+18000 -> 144000 | AC91: 18000 | AD91: =SUM(AB91:AC91) -> 162000 | AE91: 0 | AF91: 0 | AG91: =SUM(AE91:AF91) -> 0 | AH91: 0 | AI91: 0
A92: 3800 | B92: 3500 | C92: 0 | D92: 0 | E92: 6000 | F92: 2700 | G92: 1000 | H92: 1450 | I92: 0 | J92: 0 | K92: 0 | L92: 1500 | M92: 2000 | N92: 1500 | O92: 0 | P92: 0 | Q92: 0 | R92: 0 | S92: 0 | T92: 176646612 | U92: =SUM(V92, Z92, AD92, AG92, AH92, AI92) -> 320750 | V92: =SUM(A92:S92) -> 23450 | W92: 126000 | X92: =W92+3*6000 -> 144000 | Y92: 15300 | Z92: =SUM(X92:Y92) -> 159300 | AA92: 120000 | AB92: =AA92+18000 -> 138000 | AD92: =SUM(AB92:AC92) -> 138000 | AE92: 0 | AF92: 0 | AG92: =SUM(AE92:AF92) -> 0 | AH92: 0 | AI92: 0
A93: 4500 | B93: 5000 | C93: 0 | D93: 0 | E93: 6000 | F93: 2700 | G93: 1000 | H93: 1450 | I93: 0 | J93: 0 | K93: 0 | L93: 1500 | M93: 2000 | N93: 1500 | O93: 3000 | P93: 0 | Q93: 0 | R93: 0 | S93: 0 | T93: 208684430 | U93: =SUM(V93, Z93, AD93, AG93, AH93, AI93) -> 418650 | V93: =SUM(A93:S93) -> 28650 | W93: 180000 | X93: =W93+3*6000 -> 198000 | Z93: =SUM(X93:Y93) -> 198000 | AA93: 156000 | AB93: =AA93+18000 -> 174000 | AC93: 18000 | AD93: =SUM(AB93:AC93) -> 192000 | AE93: 0 | AF93: 0 | AG93: =SUM(AE93:AF93) -> 0 | AH93: 0 | AI93: 0
A94: 3000 | B94: 5000 | C94: 0 | D94: 0 | E94: 6000 | F94: 2700 | G94: 1000 | H94: 1700 | I94: 0 | J94: 0 | K94: 0 | L94: 1500 | M94: 2000 | N94: 1500 | O94: 3000 | P94: 0 | Q94: 0 | R94: 0 | S94: 0 | T94: 173668321 | U94: =SUM(V94, Z94, AD94, AG94, AH94, AI94) -> 303400 | V94: =SUM(A94:S94) -> 27400 | W94: 126000 | X94: =W94+3*6000 -> 144000 | Z94: =SUM(X94:Y94) -> 144000 | AA94: 114000 | AB94: =AA94+18000 -> 132000 | AD94: =SUM(AB94:AC94) -> 132000 | AE94: 0 | AF94: 0 | AG94: =SUM(AE94:AF94) -> 0 | AH94: 0 | AI94: 0
A95: 4000 | B95: 0 | C95: 0 | D95: 0 | E95: 6000 | F95: 2700 | G95: 1500 | H95: 1800 | I95: 0 | J95: 0 | K95: 0 | L95: 1500 | M95: 2000 | N95: 1500 | O95: 3000 | P95: 0 | Q95: 0 | R95: 0 | S95: 0 | T95: 175660117 | U95: =SUM(V95, Z95, AD95, AG95, AH95, AI95) -> 264000 | V95: =SUM(A95:S95) -> 24000 | W95: 102000 | X95: =W95+3*6000 -> 120000 | Z95: =SUM(X95:Y95) -> 120000 | AA95: 102000 | AB95: =AA95+18000 -> 120000 | AD95: =SUM(AB95:AC95) -> 120000 | AE95: 0 | AF95: 0 | AG95: =SUM(AE95:AF95) -> 0 | AH95: 0 | AI95: 0
A96: 0 | B96: 0 | C96: 0 | D96: 0 | E96: 6000 | F96: 2700 | G96: 1000 | H96: 0 | I96: 0 | J96: 0 | K96: 0 | L96: 1500 | M96: 2000 | N96: 1500 | O96: 0 | P96: 0 | Q96: 0 | R96: 0 | S96: 0 | T96: 166642245 | U96: =SUM(V96, Z96, AD96, AG96, AH96, AI96) -> 362700 | V96: =SUM(A96:S96) -> 14700 | W96: 156000 | X96: =W96+3*6000 -> 174000 | Z96: =SUM(X96:Y96) -> 174000 | AA96: 156000 | AB96: =AA96+18000 -> 174000 | AD96: =SUM(AB96:AC96) -> 174000 | AE96: 0 | AF96: 0 | AG96: =SUM(AE96:AF96) -> 0 | AH96: 0 | AI96: 0
A97: 0 | B97: 0 | C97: 0 | D97: 0 | E97: 6000 | F97: 2700 | G97: 0 | H97: 1700 | I97: 0 | J97: 0 | K97: 0 | L97: 0 | M97: 0 | N97: 0 | O97: 0 | P97: 0 | Q97: 0 | R97: 0 | S97: 0 | T97: 166667624 | U97: =SUM(V97, Z97, AD97, AG97, AH97, AI97) -> 268400 | V97: =SUM(A97:S97) -> 10400 | W97: 102000 | X97: =W97+3*6000 -> 120000 | Z97: =SUM(X97:Y97) -> 120000 | AA97: 120000 | AB97: =AA97+18000 -> 138000 | AD97: =SUM(AB97:AC97) -> 138000 | AE97: 0 | AF97: 0 | AG97: =SUM(AE97:AF97) -> 0 | AH97: 0 | AI97: 0
A98: 4500 | B98: 5000 | C98: 0 | D98: 0 | E98: 6000 | F98: 2700 | G98: 1000 | H98: 1700 | I98: 0 | J98: 0 | K98: 0 | L98: 1500 | M98: 2000 | N98: 1500 | O98: 3000 | P98: 0 | Q98: 0 | R98: 0 | S98: 0 | T98: 138888128 | U98: =SUM(V98, Z98, AD98, AG98, AH98, AI98) -> 339100 | V98: =SUM(A98:S98) -> 28900 | W98: 120000 | X98: =W98+3*6000 -> 138000 | Z98: =SUM(X98:Y98) -> 138000 | AA98: 138000 | AB98: =AA98+18000 -> 156000 | AC98: 16200 | AD98: =SUM(AB98:AC98) -> 172200 | AE98: 0 | AF98: 0 | AG98: =SUM(AE98:AF98) -> 0 | AH98: 0 | AI98: 0
A99: 4300 | B99: 5000 | C99: 0 | D99: 0 | E99: 6000 | F99: 2700 | G99: 2000 | H99: 1450 | I99: 0 | J99: 0 | K99: 0 | L99: 1500 | M99: 2000 | N99: 1500 | O99: 3000 | P99: 0 | Q99: 0 | R99: 0 | S99: 0 | T99: 523613259 | U99: =SUM(V99, Z99, AD99, AG99, AH99, AI99) -> 378050 | V99: =SUM(A99:S99) -> 29450 | W99: 138000 | X99: =W99+3*6000 -> 156000 | Y99: 12600 | Z99: =SUM(X99:Y99) -> 168600 | AA99: 144000 | AB99: =AA99+18000 -> 162000 | AC99: 18000 | AD99: =SUM(AB99:AC99) -> 180000 | AE99: 0 | AF99: 0 | AG99: =SUM(AE99:AF99) -> 0 | AH99: 0 | AI99: 0
A100: 4250 | B100: 5000 | C100: 0 | D100: 0 | E100: 6000 | F100: 2700 | G100: 1500 | H100: 1450 | I100: 0 | J100: 0 | K100: 0 | L100: 1500 | M100: 2000 | N100: 1500 | O100: 3000 | P100: 0 | Q100: 0 | R100: 0 | S100: 0 | T100: 195682314 | U100: =SUM(V100, Z100, AD100, AG100, AH100, AI100) -> 393100 | V100: =SUM(A100:S100) -> 28900 | W100: 156000 | X100: =W100+3*6000 -> 174000 | Y100: 16200 | Z100: =SUM(X100:Y100) -> 190200 | AA100: 138000 | AB100: =AA100+18000 -> 156000 | AC100: 18000 | AD100: =SUM(AB100:AC100) -> 174000 | AE100: 0 | AF100: 0 | AG100: =SUM(AE100:AF100) -> 0 | AH100: 0 | AI100: 0
A101: 2550 | B101: 5000 | C101: 0 | D101: 0 | E101: 6000 | F101: 0 | G101: 1000 | H101: 1450 | I101: 0 | J101: 0 | K101: 0 | L101: 1500 | M101: 2000 | N101: 1500 | O101: 0 | P101: 0 | Q101: 0 | R101: 0 | S101: 0 | T101: 136783158 | U101: =SUM(V101, Z101, AD101, AG101, AH101, AI101) -> 285000 | V101: =SUM(A101:S101) -> 21000 | W101: 132000 | X101: =W101+3*6000 -> 150000 | Z101: =SUM(X101:Y101) -> 150000 | AA101: 96000 | AB101: =AA101+18000 -> 114000 | AD101: =SUM(AB101:AC101) -> 114000 | AE101: 0 | AF101: 0 | AG101: =SUM(AE101:AF101) -> 0 | AH101: 0 | AI101: 0
A102: 0 | B102: 0 | C102: 0 | D102: 0 | E102: 6000 | F102: 2700 | G102: 1000 | H102: 1450 | I102: 0 | J102: 0 | K102: 0 | L102: 1500 | M102: 2000 | N102: 1500 | O102: 3000 | P102: 0 | Q102: 0 | R102: 0 | S102: 0 | T102: 124682792 | U102: =SUM(V102, Z102, AD102, AG102, AH102, AI102) -> 379150 | V102: =SUM(A102:S102) -> 19150 | W102: 156000 | X102: =W102+3*6000 -> 174000 | Z102: =SUM(X102:Y102) -> 174000 | AA102: 168000 | AB102: =AA102+18000 -> 186000 | AD102: =SUM(AB102:AC102) -> 186000 | AE102: 0 | AF102: 0 | AG102: =SUM(AE102:AF102) -> 0 | AH102: 0 | AI102: 0
A103: 4500 | B103: 5000 | C103: 0 | D103: 0 | E103: 6000 | F103: 2700 | G103: 1000 | H103: 0 | I103: 0 | J103: 0 | K103: 0 | L103: 1500 | M103: 2000 | N103: 1500 | O103: 3000 | P103: 0 | Q103: 0 | R103: 0 | S103: 0 | T103: 179721656 | U103: =SUM(V103, Z103, AD103, AG103, AH103, AI103) -> 285200 | V103: =SUM(A103:S103) -> 27200 | W103: 90000 | X103: =W103+3*6000 -> 108000 | Z103: =SUM(X103:Y103) -> 108000 | AA103: 132000 | AB103: =AA103+18000 -> 150000 | AD103: =SUM(AB103:AC103) -> 150000 | AE103: 0 | AF103: 0 | AG103: =SUM(AE103:AF103) -> 0 | AH103: 0 | AI103: 0
A104: 0 | B104: 5000 | C104: 0 | D104: 0 | E104: 6000 | F104: 2700 | G104: 1500 | H104: 0 | I104: 0 | J104: 0 | K104: 0 | L104: 1500 | M104: 2000 | N104: 1500 | O104: 3000 | P104: 0 | Q104: 0 | R104: 0 | S104: 0 | T104: 273861958 | U104: =SUM(V104, Z104, AD104, AG104, AH104, AI104) -> 293200 | V104: =SUM(A104:S104) -> 23200 | W104: 114000 | X104: =W104+3*6000 -> 132000 | Z104: =SUM(X104:Y104) -> 132000 | AA104: 120000 | AB104: =AA104+18000 -> 138000 | AD104: =SUM(AB104:AC104) -> 138000 | AE104: 0 | AF104: 0 | AG104: =SUM(AE104:AF104) -> 0 | AH104: 0 | AI104: 0
A105: 5000 | B105: 4500 | C105: 0 | D105: 0 | E105: 6000 | F105: 2700 | G105: 1000 | H105: 1450 | I105: 0 | J105: 0 | K105: 0 | L105: 1500 | M105: 2000 | N105: 1500 | O105: 3000 | P105: 0 | Q105: 0 | R105: 0 | S105: 0 | T105: 370086361 | U105: =SUM(V105, Z105, AD105, AG105, AH105, AI105) -> 376650 | V105: =SUM(A105:S105) -> 28650 | W105: 162000 | X105: =W105+3*6000 -> 180000 | Z105: =SUM(X105:Y105) -> 180000 | AA105: 132000 | AB105: =AA105+18000 -> 150000 | AC105: 18000 | AD105: =SUM(AB105:AC105) -> 168000 | AE105: 0 | AF105: 0 | AG105: =SUM(AE105:AF105) -> 0 | AH105: 0 | AI105: 0
A106: 3550 | B106: 4000 | C106: 0 | D106: 0 | E106: 6000 | F106: 2700 | G106: 1500 | H106: 0 | I106: 0 | J106: 0 | K106: 0 | L106: 0 | M106: 2000 | N106: 1500 | O106: 0 | P106: 0 | Q106: 0 | R106: 0 | S106: 0 | T106: 179742377 | U106: =SUM(V106, Z106, AD106, AG106, AH106, AI106) -> 348550 | V106: =SUM(A106:S106) -> 21250 | W106: 132000 | X106: =W106+3*6000 -> 150000 | Y106: 17100 | Z106: =SUM(X106:Y106) -> 167100 | AA106: 126000 | AB106: =AA106+18000 -> 144000 | AC106: 16200 | AD106: =SUM(AB106:AC106) -> 160200 | AE106: 0 | AF106: 0 | AG106: =SUM(AE106:AF106) -> 0 | AH106: 0 | AI106: 0
A107: 4300 | B107: 5000 | C107: 0 | D107: 0 | E107: 6000 | F107: 1275 | G107: 0 | H107: 1700 | I107: 0 | J107: 0 | K107: 0 | L107: 1500 | M107: 2000 | N107: 1500 | O107: 3000 | P107: 0 | Q107: 0 | R107: 0 | S107: 0 | T107: 304946172 | U107: =SUM(V107, Z107, AD107, AG107, AH107, AI107) -> 317275 | V107: =SUM(A107:S107) -> 26275 | W107: 120000 | X107: =W107+3*6000 -> 138000 | Y107: 12600 | Z107: =SUM(X107:Y107) -> 150600 | AA107: 108000 | AB107: =AA107+18000 -> 126000 | AC107: 14400 | AD107: =SUM(AB107:AC107) -> 140400 | AE107: 0 | AF107: 0 | AG107: =SUM(AE107:AF107) -> 0 | AH107: 0 | AI107: 0
A108: 4100 | B108: 5000 | C108: 0 | D108: 0 | E108: 6000 | F108: 2700 | G108: 1000 | H108: 0 | I108: 0 | J108: 0 | K108: 0 | L108: 1500 | M108: 2000 | N108: 1500 | O108: 3000 | P108: 0 | Q108: 0 | R108: 0 | S108: 0 | T108: 152764604 | U108: =SUM(V108, Z108, AD108, AG108, AH108, AI108) -> 308800 | V108: =SUM(A108:S108) -> 26800 | W108: 114000 | X108: =W108+3*6000 -> 132000 | Z108: =SUM(X108:Y108) -> 132000 | AA108: 132000 | AB108: =AA108+18000 -> 150000 | AD108: =SUM(AB108:AC108) -> 150000 | AE108: 0 | AF108: 0 | AG108: =SUM(AE108:AF108) -> 0 | AH108: 0 | AI108: 0
A109: 4550 | B109: 0 | C109: 0 | D109: 0 | E109: 6000 | F109: 1275 | G109: 2000 | H109: 1450 | I109: 0 | J109: 0 | K109: 0 | L109: 1500 | M109: 2000 | N109: 1500 | O109: 3000 | P109: 0 | Q109: 0 | R109: 0 | S109: 0 | T109: 190642024 | U109: =SUM(V109, Z109, AD109, AG109, AH109, AI109) -> 293275 | V109: =SUM(A109:S109) -> 23275 | W109: 138000 | X109: =W109+3*6000 -> 156000 | Z109: =SUM(X109:Y109) -> 156000 | AA109: 96000 | AB109: =AA109+18000 -> 114000 | AD109: =SUM(AB109:AC109) -> 114000 | AE109: 0 | AF109: 0 | AG109: =SUM(AE109:AF109) -> 0 | AH109: 0 | AI109: 0
A110: 4100 | B110: 5000 | C110: 0 | D110: 0 | E110: 6000 | F110: 2700 | G110: 1500 | H110: 0 | I110: 0 | J110: 0 | K110: 0 | L110: 1500 | M110: 2000 | N110: 0 | O110: 0 | P110: 0 | Q110: 0 | R110: 0 | S110: 0 | T110: 154848281 | U110: =SUM(V110, Z110, AD110, AG110, AH110, AI110) -> 270300 | V110: =SUM(A110:S110) -> 22800 | W110: 102000 | X110: =W110+3*6000 -> 120000 | Y110: 13500 | Z110: =SUM(X110:Y110) -> 133500 | AA110: 96000 | AB110: =AA110+18000 -> 114000 | AD110: =SUM(AB110:AC110) -> 114000 | AE110: 0 | AF110: 0 | AG110: =SUM(AE110:AF110) -> 0 | AH110: 0 | AI110: 0
A111: 0 | B111: 0 | C111: 0 | D111: 0 | E111: 6000 | F111: 2700 | G111: 1000 | H111: 0 | I111: 0 | J111: 0 | K111: 0 | L111: 1500 | M111: 2000 | N111: 1500 | O111: 3000 | P111: 0 | Q111: 0 | R111: 0 | S111: 0 | T111: 175665977 | U111: =SUM(V111, Z111, AD111, AG111, AH111, AI111) -> 155700 | V111: =SUM(A111:S111) -> 17700 | W111: 102000 | X111: =W111+3*6000 -> 120000 | Y111: 18000 | Z111: =SUM(X111:Y111) -> 138000 | AE111: 0 | AF111: 0 | AG111: =SUM(AE111:AF111) -> 0 | AH111: 0 | AI111: 0
A112: 0 | B112: 0 | C112: 0 | D112: 0 | E112: 6000 | F112: 2700 | G112: 1500 | H112: 1200 | I112: 0 | J112: 0 | K112: 0 | L112: 1500 | M112: 2000 | N112: 1500 | O112: 3000 | P112: 0 | Q112: 0 | R112: 0 | S112: 0 | T112: 203704355 | U112: =SUM(V112, Z112, AD112, AG112, AH112, AI112) -> 343400 | V112: =SUM(A112:S112) -> 19400 | W112: 138000 | X112: =W112+3*6000 -> 156000 | Z112: =SUM(X112:Y112) -> 156000 | AA112: 150000 | AB112: =AA112+18000 -> 168000 | AD112: =SUM(AB112:AC112) -> 168000 | AE112: 0 | AF112: 0 | AG112: =SUM(AE112:AF112) -> 0 | AH112: 0 | AI112: 0
A113: 0 | B113: 0 | C113: 0 | D113: 0 | E113: 6000 | F113: 2700 | G113: 0 | H113: 0 | I113: 0 | J113: 0 | K113: 0 | L113: 1500 | M113: 2000 | N113: 1500 | O113: 0 | P113: 0 | Q113: 0 | R113: 0 | S113: 0 | T113: 191665759 | U113: =SUM(V113, Z113, AD113, AG113, AH113, AI113) -> 133700 | V113: =SUM(A113:S113) -> 13700 | W113: 102000 | X113: =W113+3*6000 -> 120000 | Z113: =SUM(X113:Y113) -> 120000 | AE113: 0 | AF113: 0 | AG113: =SUM(AE113:AF113) -> 0 | AH113: 0 | AI113: 0
...
