Workbook

Sheet INPUT DATA SHEET
B1: Aggregate Planning at Canada Carts
A3: This problem uses the forecasts from assignment 3 as input to the aggregate planning problem
A4: It also uses the following costs and production data. The other sheets link to these costs.
A5: The following sheets include one for level, one chase and two which allow more flexibility.
A6: Right now they are the same. Try changing Mixed 2 to see if you can come up with a lower cost strategy.
A8: Opening Inventory | D8: 200
A9: Closing Inventory Required | D9: 200
A10: Opening workforce | D10: 10 | E10: workers
A11: Production per worker | D11: 300 | E11: units/mo.
A12: Costs
A13: Regular | D13: 60 | E13: per unit
A14: Overtime | D14: 68 | E14: per unit
A15: Hiring | D15: 1500 | E15: per worker
A16: Firing | D16: 3000 | E16: per worker
A17: Inventory Carrying Cost | D17: 2 | E17: per unit/month
F21: LEVEL PRODUCTION SCHEDULE
B23: Dec | C23: Jan | D23: Feb | E23: Mar | F23: Apr | G23: May | H23: Jun | I23: Jul | J23: Aug | K23: Sep | L23: Oct | M23: Nov | N23: Dec | O23: Total | P23: Cost/unit
A24: Requirements | C24: 3000 | D24: 3100 | E24: 3400 | F24: 3250 | G24: 2950 | H24: 2800 | I24: 2400 | J24: 2100 | K24: 1800 | L24: 3050 | M24: 3150 | N24: 3450 | O24: =SUM(C24:N24) -> 34450
A26: Production
A27: Overtime Production
A28: Inventory
A30: Workforce
A31: 300
A32: Hire
A34: Fire
A38: Level

Sheet Level
A2: Opening Inventory | E2: 200
A3: Closing Inventory Required | E3: 200
A4: Opening workforce | E4: 14 | F4: workers
A6: Costs
A7: Regular | D7: =+'INPUT DATA SHEET'!D13 -> 60 | E7: per unit
A8: Overtime | D8: =+'INPUT DATA SHEET'!D14 -> 68 | E8: per unit
A9: Hiring | D9: =+'INPUT DATA SHEET'!D15 -> 1500 | E9: per worker
A10: Firing | D10: =+'INPUT DATA SHEET'!D16 -> 3000 | E10: per worker
A11: =+'INPUT DATA SHEET'!A17 -> Inventory Carrying Cost | D11: =+'INPUT DATA SHEET'!D17 -> 2
A12: Production per worker | D12: =+'INPUT DATA SHEET'!D11 -> 300 | E12: units/mo.
A14: Total Cost of this model
A15: =+Q31 -> 2309850 | F15: LEVEL PRODUCTION SCHEDULE
B17: Dec | C17: Jan | D17: Feb | E17: Mar | F17: Apr | G17: May | H17: Jun | I17: Jul | J17: Aug | K17: Sep | L17: Oct | M17: Nov | N17: Dec | O17: Total | P17: Cost/unit
A18: Requirements | C18: =+'INPUT DATA SHEET'!C24 -> 3000 | D18: =+'INPUT DATA SHEET'!D24 -> 3100 | E18: =+'INPUT DATA SHEET'!E24 -> 3400 | F18: =+'INPUT DATA SHEET'!F24 -> 3250 | G18: =+'INPUT DATA SHEET'!G24 -> 2950 | H18: =+'INPUT DATA SHEET'!H24 -> 2800 | I18: =+'INPUT DATA SHEET'!I24 -> 2400 | J18: =+'INPUT DATA SHEET'!J24 -> 2100 | ... N18: =+'INPUT DATA SHEET'!N24 -> 3450 | O18: =SUM(C18:N18) -> 34450
A20: Production | C20: 3150 | D20: =+C20 -> 3150 | E20: =+D20 -> 3150 | F20: =+E20 -> 3150 | G20: =+F20 -> 3150 | H20: =+G20 -> 3150 | I20: =+H20 -> 3150 | J20: =+I20 -> 3150 | K20: =+J20 -> 3150 | ... N20: =+M20 -> 3150 | O20: =SUM(C20:N20) -> 37800 | P20: 60 | Q20: =+P20*O20 -> 2268000
A21: Overtime Production | P21: 68 | Q21: =+P21*O21 -> 0
A22: Inventory | B22: 200 | C22: =+B22+C20+C21-C18 -> 350 | D22: =+C22+D20+D21-D18 -> 400 | E22: =+D22+E20+E21-E18 -> 150 | F22: =+E22+F20+F21-F18 -> 50 | G22: =+F22+G20+G21-G18 -> 250 | H22: =+G22+H20+H21-H18 -> 600 | I22: =+H22+I20+I21-I18 -> 1350 | J22: =+I22+J20+J21-J18 -> 2400 | ... N22: =+M22+N20+N21-N18 -> 3550 | O22: =SUM(C22:N22) -> 20550 | P22: 2 | Q22: =+P22*O22 -> 41100
A24: Workforce | B24: =+'INPUT DATA SHEET'!D10 -> 10 | O24: =SUM(C24:N24) -> 0
A25: 300
A26: Hire | C26: =IF(C20>B24*300,C20/300-B24,0) -> 0.5 | O26: =SUM(C26:N26) -> 0.5 | P26: 1500 | Q26: =+P26*O26 -> 750
A28: Fire | C28: =IF(C20<B24*300,B24 - C20/300,0) -> 0 | O28: =SUM(C28:N28) -> 0 | P28: 3000 | Q28: =+P28*O28 -> 0
A30: Level | B30: =+(O18-B22+E3)/12 -> 2870.8333
B31: =+B30/300 -> 9.5694444 | Q31: =SUM(Q20:Q30) -> 2309850

Sheet Chase
A3: Closing Inventory | D3: 200
A5: Total Cost of this model
A6: =+Q22 -> 2097650 | F6: CHASE PRODUCTION SCHEDULE
B8: Dec | C8: Jan | D8: Feb | E8: Mar | F8: Apr | G8: May | H8: Jun | I8: Jul | J8: Aug | K8: Sep | L8: Oct | M8: Nov | N8: Dec | O8: Total | P8: Cost/unit
A9: Requirements | C9: =+'INPUT DATA SHEET'!C24 -> 3000 | D9: =+'INPUT DATA SHEET'!D24 -> 3100 | E9: =+'INPUT DATA SHEET'!E24 -> 3400 | F9: =+'INPUT DATA SHEET'!F24 -> 3250 | G9: =+'INPUT DATA SHEET'!G24 -> 2950 | H9: =+'INPUT DATA SHEET'!H24 -> 2800 | I9: =+'INPUT DATA SHEET'!I24 -> 2400 | J9: =+'INPUT DATA SHEET'!J24 -> 2100 | ... N9: =+'INPUT DATA SHEET'!N24 -> 3450 | O9: =SUM(C9:N9) -> 34450
A11: Production | C11: =+C9-B13 -> 2800 | D11: =+D9-C13 -> 3100 | E11: =+E9-D13 -> 3400 | F11: =+F9-E13 -> 3250 | G11: =+G9-F13 -> 2950 | H11: =+H9-G13 -> 2800 | I11: =+I9-H13 -> 2400 | J11: =+J9-I13 -> 2100 | ... M11: =+M9-L13 -> 3150 | N11: =+N9-O12+D3 -> 3650 | O11: =SUM(C11:N11) -> 34450 | P11: =+'INPUT DATA SHEET'!D13 -> 60 | Q11: =+P11*O11 -> 2067000
A12: Overtime Production | P12: =+'INPUT DATA SHEET'!D14 -> 68 | Q12: =+P12*O12 -> 0
A13: Inventory | B13: 200 | C13: =+B13+C11+C12-C9 -> 0 | D13: =+C13+D11+D12-D9 -> 0 | E13: =+D13+E11+E12-E9 -> 0 | F13: =+E13+F11+F12-F9 -> 0 | G13: =+F13+G11+G12-G9 -> 0 | H13: =+G13+H11+H12-H9 -> 0 | I13: =+H13+I11+I12-I9 -> 0 | J13: =+I13+J11+J12-J9 -> 0 | ... N13: =+M13+N11+N12-N9 -> 200 | O13: =SUM(C13:N13) -> 200 | P13: =+'INPUT DATA SHEET'!D17 -> 2 | Q13: =+P13*O13 -> 400
A15: Workforce | B15: =+'INPUT DATA SHEET'!D10 -> 10 | C15: =+B15+C17-C19 -> 9.3333333 | D15: =+C15+D17-D19 -> 10.333333 | E15: =+D15+E17-E19 -> 11.333333 | F15: =+E15+F17-F19 -> 10.833333 | G15: =+F15+G17-G19 -> 9.8333333 | H15: =+G15+H17-H19 -> 9.3333333 | I15: =+H15+I17-I19 -> 8 | J15: =+I15+J17-J19 -> 7 | ... N15: =+M15+N17-N19 -> 12.166667
A16: 300
A17: Hire | C17: =IF(C11>B15*300,C11/300-B15,0) -> 0 | D17: =IF(D11>C15*300,D11/300-C15,0) -> 1 | E17: =IF(E11>D15*300,E11/300-D15,0) -> 1 | F17: =IF(F11>E15*300,F11/300-E15,0) -> 0 | G17: =IF(G11>F15*300,G11/300-F15,0) -> 0 | H17: =IF(H11>G15*300,H11/300-G15,0) -> 0 | I17: =IF(I11>H15*300,I11/300-H15,0) -> 0 | J17: =IF(J11>I15*300,J11/300-I15,0) -> 0 | ... N17: =IF(N11>M15*300,N11/300-M15,0) -> 1.6666667 | O17: =SUM(C17:N17) -> 8.1666667 | P17: 1500 | Q17: =+P17*O17 -> 12250
A19: Fire | C19: =IF(C11<B15*300,B15 - C11/300,0) -> 0.66666667 | D19: =IF(D11<C15*300,C15 - D11/300,0) -> 0 | E19: =IF(E11<D15*300,D15 - E11/300,0) -> 0 | F19: =IF(F11<E15*300,E15 - F11/300,0) -> 0.5 | G19: =IF(G11<F15*300,F15 - G11/300,0) -> 1 | H19: =IF(H11<G15*300,G15 - H11/300,0) -> 0.5 | I19: =IF(I11<H15*300,H15 - I11/300,0) -> 1.3333333 | J19: =IF(J11<I15*300,I15 - J11/300,0) -> 1 | ... N19: =IF(N11<M15*300,M15 - N11/300,0) -> 0 | O19: =SUM(C19:N19) -> 6 | P19: 3000 | Q19: =+P19*O19 -> 18000
Q22: =SUM(Q11:Q21) -> 2097650
A23: Level | B23: =+(O9-B13+D3)/12 -> 2870.8333
B24: =+B23/300 -> 9.5694444

Sheet Mixed 1
A3: Closing Inventory | E3: 200
A5: Total Cost of this model
A6: =+Q22 -> 2092800 | F6: MIXED PRODUCTION SCHEDULE
B8: Dec | C8: Jan | D8: Feb | E8: Mar | F8: Apr | G8: May | H8: Jun | I8: Jul | J8: Aug | K8: Sep | L8: Oct | M8: Nov | N8: Dec | O8: Total | P8: Cost/unit
A9: Requirements | C9: =+'INPUT DATA SHEET'!C24 -> 3000 | D9: =+'INPUT DATA SHEET'!D24 -> 3100 | E9: =+'INPUT DATA SHEET'!E24 -> 3400 | F9: =+'INPUT DATA SHEET'!F24 -> 3250 | G9: =+'INPUT DATA SHEET'!G24 -> 2950 | H9: =+'INPUT DATA SHEET'!H24 -> 2800 | I9: =+'INPUT DATA SHEET'!I24 -> 2400 | J9: =+'INPUT DATA SHEET'!J24 -> 2100 | ... N9: =+'INPUT DATA SHEET'!N24 -> 3450 | O9: =SUM(C9:N9) -> 34450
A11: Production | C11: 3000 | D11: 3000 | E11: 3300 | F11: =+E11 -> 3300 | G11: 3000 | H11: 2700 | I11: 2400 | J11: 2100 | K11: =+J11 -> 2100 | L11: 3000 | M11: 3300 | N11: =+M11 -> 3300 | O11: =SUM(C11:N11) -> 34500 | P11: =+'INPUT DATA SHEET'!D13 -> 60 | Q11: =+P11*O11 -> 2070000
A12: Overtime Production | D12: 0 | E12: 0 | F12: 0 | J12: 0 | O12: =SUM(C12:N12) -> 0 | P12: =+'INPUT DATA SHEET'!D14 -> 68 | Q12: =+P12*O12 -> 0
A13: Inventory | B13: 200 | C13: =+B13+C11+C12-C9 -> 200 | D13: =+C13+D11+D12-D9 -> 100 | E13: =+D13+E11+E12-E9 -> 0 | F13: =+E13+F11+F12-F9 -> 50 | G13: =+F13+G11+G12-G9 -> 100 | H13: =+G13+H11+H12-H9 -> 0 | I13: =+H13+I11+I12-I9 -> 0 | J13: =+I13+J11+J12-J9 -> 0 | ... N13: =+M13+N11+N12-N9 -> 250 | O13: =SUM(C13:N13) -> 1650 | P13: =+'INPUT DATA SHEET'!D17 -> 2 | Q13: =+P13*O13 -> 3300
A15: Workforce | B15: =+'INPUT DATA SHEET'!D10 -> 10 | C15: =+B15+C17-C19 -> 10 | D15: =+C15+D17-D19 -> 10 | E15: =+D15+E17-E19 -> 11 | F15: =+E15+F17-F19 -> 11 | G15: =+F15+G17-G19 -> 10 | H15: =+G15+H17-H19 -> 9 | I15: =+H15+I17-I19 -> 8 | J15: =+I15+J17-J19 -> 7 | ... N15: =+M15+N17-N19 -> 11
A16: 300
A17: Hire | C17: =IF(C11>B15*300,C11/300-B15,0) -> 0 | D17: =IF(D11>C15*300,D11/300-C15,0) -> 0 | E17: =IF(E11>D15*300,E11/300-D15,0) -> 1 | F17: =IF(F11>E15*300,F11/300-E15,0) -> 0 | G17: =IF(G11>F15*300,G11/300-F15,0) -> 0 | H17: =IF(H11>G15*300,H11/300-G15,0) -> 0 | I17: =IF(I11>H15*300,I11/300-H15,0) -> 0 | J17: =IF(J11>I15*300,J11/300-I15,0) -> 0 | ... N17: =IF(N11>M15*300,N11/300-M15,0) -> 0 | O17: =SUM(C17:N17) -> 5 | P17: =+'INPUT DATA SHEET'!D15 -> 1500 | Q17: =+P17*O17 -> 7500
A19: Fire | C19: =IF(C11<B15*300,B15 - C11/300,0) -> 0 | D19: =IF(D11<C15*300,C15 - D11/300,0) -> 0 | E19: =IF(E11<D15*300,D15 - E11/300,0) -> 0 | F19: =IF(F11<E15*300,E15 - F11/300,0) -> 0 | G19: =IF(G11<F15*300,F15 - G11/300,0) -> 1 | H19: =IF(H11<G15*300,G15 - H11/300,0) -> 1 | I19: =IF(I11<H15*300,H15 - I11/300,0) -> 1 | J19: =IF(J11<I15*300,I15 - J11/300,0) -> 1 | ... N19: =IF(N11<M15*300,M15 - N11/300,0) -> 0 | O19: =SUM(C19:N19) -> 4 | P19: =+'INPUT DATA SHEET'!D16 -> 3000 | Q19: =+P19*O19 -> 12000
A21: Cost comparisons
Q22: =SUM(Q11:Q21) -> 2092800
A23: Inventory vs overtime | D23: Inventory - $2/unit | G23: Overtime = $8/unit
A25: Overtime vs hiring | D25: Overtime $8/unit | G25: Hiring = $1500 for 300 units
A27: Fire then hire | D27: $4500 for 300 units = $15/unit

Sheet Mixed 2
A3: Closing Inventory | E3: 200
A5: Total Cost of this model
A6: =+Q22 -> 2092800 | F6: MIXED PRODUCTION SCHEDULE
B8: Dec | C8: Jan | D8: Feb | E8: Mar | F8: Apr | G8: May | H8: Jun | I8: Jul | J8: Aug | K8: Sep | L8: Oct | M8: Nov | N8: Dec | O8: Total | P8: Cost/unit
A9: Requirements | C9: =+'INPUT DATA SHEET'!C24 -> 3000 | D9: =+'INPUT DATA SHEET'!D24 -> 3100 | E9: =+'INPUT DATA SHEET'!E24 -> 3400 | F9: =+'INPUT DATA SHEET'!F24 -> 3250 | G9: =+'INPUT DATA SHEET'!G24 -> 2950 | H9: =+'INPUT DATA SHEET'!H24 -> 2800 | I9: =+'INPUT DATA SHEET'!I24 -> 2400 | J9: =+'INPUT DATA SHEET'!J24 -> 2100 | ... N9: =+'INPUT DATA SHEET'!N24 -> 3450 | O9: =SUM(C9:N9) -> 34450
A11: Production | C11: 3000 | D11: 3000 | E11: 3300 | F11: =+E11 -> 3300 | G11: 3000 | H11: 2700 | I11: 2400 | J11: 2100 | K11: =+J11 -> 2100 | L11: 3000 | M11: 3300 | N11: =+M11 -> 3300 | O11: =SUM(C11:N11) -> 34500 | P11: =+'INPUT DATA SHEET'!D13 -> 60 | Q11: =+P11*O11 -> 2070000
A12: Overtime Production | D12: 0 | E12: 0 | F12: 0 | J12: 0 | O12: =SUM(C12:N12) -> 0 | P12: =+'INPUT DATA SHEET'!D14 -> 68 | Q12: =+P12*O12 -> 0
A13: Inventory | B13: 200 | C13: =+B13+C11+C12-C9 -> 200 | D13: =+C13+D11+D12-D9 -> 100 | E13: =+D13+E11+E12-E9 -> 0 | F13: =+E13+F11+F12-F9 -> 50 | G13: =+F13+G11+G12-G9 -> 100 | H13: =+G13+H11+H12-H9 -> 0 | I13: =+H13+I11+I12-I9 -> 0 | J13: =+I13+J11+J12-J9 -> 0 | ... N13: =+M13+N11+N12-N9 -> 250 | O13: =SUM(C13:N13) -> 1650 | P13: =+'INPUT DATA SHEET'!D17 -> 2 | Q13: =+P13*O13 -> 3300
A15: Workforce | B15: =+'INPUT DATA SHEET'!D10 -> 10 | C15: =+B15+C17-C19 -> 10 | D15: =+C15+D17-D19 -> 10 | E15: =+D15+E17-E19 -> 11 | F15: =+E15+F17-F19 -> 11 | G15: =+F15+G17-G19 -> 10 | H15: =+G15+H17-H19 -> 9 | I15: =+H15+I17-I19 -> 8 | J15: =+I15+J17-J19 -> 7 | ... N15: =+M15+N17-N19 -> 11
A16: 300
A17: Hire | C17: =IF(C11>B15*300,C11/300-B15,0) -> 0 | D17: =IF(D11>C15*300,D11/300-C15,0) -> 0 | E17: =IF(E11>D15*300,E11/300-D15,0) -> 1 | F17: =IF(F11>E15*300,F11/300-E15,0) -> 0 | G17: =IF(G11>F15*300,G11/300-F15,0) -> 0 | H17: =IF(H11>G15*300,H11/300-G15,0) -> 0 | I17: =IF(I11>H15*300,I11/300-H15,0) -> 0 | J17: =IF(J11>I15*300,J11/300-I15,0) -> 0 | ... N17: =IF(N11>M15*300,N11/300-M15,0) -> 0 | O17: =SUM(C17:N17) -> 5 | P17: =+'INPUT DATA SHEET'!D15 -> 1500 | Q17: =+P17*O17 -> 7500
A19: Fire | C19: =IF(C11<B15*300,B15 - C11/300,0) -> 0 | D19: =IF(D11<C15*300,C15 - D11/300,0) -> 0 | E19: =IF(E11<D15*300,D15 - E11/300,0) -> 0 | F19: =IF(F11<E15*300,E15 - F11/300,0) -> 0 | G19: =IF(G11<F15*300,F15 - G11/300,0) -> 1 | H19: =IF(H11<G15*300,G15 - H11/300,0) -> 1 | I19: =IF(I11<H15*300,H15 - I11/300,0) -> 1 | J19: =IF(J11<I15*300,I15 - J11/300,0) -> 1 | ... N19: =IF(N11<M15*300,M15 - N11/300,0) -> 0 | O19: =SUM(C19:N19) -> 4 | P19: =+'INPUT DATA SHEET'!D16 -> 3000 | Q19: =+P19*O19 -> 12000
C22: Try Changing the numbers to see if you can improve on the current best solution. | Q22: =SUM(Q11:Q21) -> 2092800
