Workbook
Name dayofweek: Sheet2!$A$1:$B$7

Sheet Sheet1
E1: Class Calender
A2: Date | C2: # | D2: Lecture No. | E2: Topic | F2: Instructor | G2: Comm.
A3: 37999 | B3: =VLOOKUP(WEEKDAY(A3),Sheet2!B1:dayofweek,2) -> Tu | C3: 1 | D3: Lecture 1 | E3: IO buffer, behavior model, IBIS | F3: Mellitz | G3: done
A4: =A3+2 -> 38001 | B4: =VLOOKUP(WEEKDAY(A4),Sheet2!B2:dayofweek,2) -> Th | C4: 2 | D4: Lecture 2 | E4: IO buffer, behavior model, IBIS | F4: Mellitz | G4: done
A5: =A3+7 -> 38006 | B5: =VLOOKUP(WEEKDAY(A5),Sheet2!B3:dayofweek,2) -> Tu | C5: 3 | D5: Lecture 3 | E5: Clock | F5: Mellitz | G5: done
A6: =A5+2 -> 38008 | B6: =VLOOKUP(WEEKDAY(A6),Sheet2!B4:dayofweek,2) -> Th | C6: 4 | D6: Lecture 4 | E6: HSPICE Clock Slew Project1 | F6: Mellitz | G6: done
A7: =A5+7 -> 38013 | B7: =VLOOKUP(WEEKDAY(A7),Sheet2!B5:dayofweek,2) -> Tu | C7: 5
A8: =A7+2 -> 38015 | B8: =VLOOKUP(WEEKDAY(A8),Sheet2!B6:dayofweek,2) -> Th | C8: 6 | D8: Lecture 5 | E8: IO Power Delivery -1 | F8: Ballou | G8: done
A9: =A7+7 -> 38020 | B9: =VLOOKUP(WEEKDAY(A9),Sheet2!B7:dayofweek,2) -> Tu | C9: 7 | D9: Lecture 6 | E9: IO Power Delivery -2 | F9: Ballou | G9: done
A10: =A9+2 -> 38022 | B10: =VLOOKUP(WEEKDAY(A10),Sheet2!B8:dayofweek,2) -> Th | C10: 8 | D10: Lecture 7 | E10: EXAM review | F10: Mellitz/Huray/Chen
A11: =A9+7 -> 38027 | B11: =VLOOKUP(WEEKDAY(A11),Sheet2!B9:dayofweek,2) -> Tu | C11: 9 | D11: Review | E11: Frequency domain 1 | F11: Mellitz | G11: done
A12: =A11+2 -> 38029 | B12: =VLOOKUP(WEEKDAY(A12),Sheet2!B10:dayofweek,2) -> Th | C12: 10 | D12: Exam 1 | E12: Frequency domain 2 | F12: Mellitz | G12: done
A13: =A11+7 -> 38034 | B13: =VLOOKUP(WEEKDAY(A13),Sheet2!B11:dayofweek,2) -> Tu | C13: 11 | D13: Lecture 9 | E13: Frequency domain 3 | F13: Mellitz/Huray/Chen
A14: =A13+2 -> 38036 | B14: =VLOOKUP(WEEKDAY(A14),Sheet2!B12:dayofweek,2) -> Th | C14: 12 | D14: Lecture 10 | E14: EXAM 1 | F14: Mellitz | G14: done
A15: =A13+7 -> 38041 | B15: =VLOOKUP(WEEKDAY(A15),Sheet2!B13:dayofweek,2) -> Tu | C15: 13 | D15: Lecture 11 | E15: Serial Data - 1 Differential Signaling | F15: Mellitz | G15: done
A16: =A15+2 -> 38043 | B16: =VLOOKUP(WEEKDAY(A16),Sheet2!B14:dayofweek,2) -> Th | C16: 14 | D16: Lecture 12 | E16: Serial Data - 2 Differential Signaling | F16: Mellitz | G16: done
A17: =A15+7 -> 38048 | B17: =VLOOKUP(WEEKDAY(A17),Sheet2!B15:dayofweek,2) -> Tu | C17: 15 | D17: Lecture 13 | E17: Serial Data - 3 Differential Signaling | F17: Mellitz | G17: done
A18: =A17+2 -> 38050 | B18: =VLOOKUP(WEEKDAY(A18),Sheet2!B16:dayofweek,2) -> Th | C18: 16 | D18: Lecture 14 | E18: Serial Data - 1 GHz differerential modeling | F18: Mellitz | G18: done
A19: =A17+7 -> 38055 | B19: Tu | D19: break
A20: =A19+2 -> 38057 | B20: Th | D20: break
A21: =A19+7 -> 38062 | B21: Tu | C21: 17 | D21: Lecture 15 | E21: Serial Data - 2 GHz differerential modeling | F21: Mellitz | G21: done
A22: =A21+2 -> 38064 | B22: =VLOOKUP(WEEKDAY(A20),Sheet2!B18:dayofweek,2) -> Th | C22: 18 | D22: Lecture 16 | E22: Peak Distortion Analysis 1 | F22: Mellitz/Huray/Chen | G22: done
A23: =A21+7 -> 38069 | B23: =VLOOKUP(WEEKDAY(A21),Sheet2!B19:dayofweek,2) -> Tu | C23: =C22+1 -> 19 | D23: Lecture 17 | E23: Peak Distortion Analysis 2 | F23: Mellitz/Huray/Chen
A24: =A23+2 -> 38071 | B24: =VLOOKUP(WEEKDAY(A22),Sheet2!B20:dayofweek,2) -> Th | C24: =C23+1 -> 20 | D24: Lecture 18 | E24: Final EXAM review | F24: Mellitz | G24: done
A25: =A23+7 -> 38076 | B25: =VLOOKUP(WEEKDAY(A23),Sheet2!B21:dayofweek,2) -> Tu | C25: =C24+1 -> 21 | D25: Lecture 19 | E25: Test Board Block Diagram | F25: Anserson | G25: done
A26: =A25+2 -> 38078 | B26: =VLOOKUP(WEEKDAY(A24),Sheet2!B22:dayofweek,2) -> Th | C26: =C25+1 -> 22 | D26: Lecture 20 | E26: Introduction. DDR2, HSPICE Modeling/project2 | F26: Anderson/Mellitz
A27: =A25+7 -> 38083 | B27: =VLOOKUP(WEEKDAY(A25),Sheet2!B23:dayofweek,2) -> Tu | C27: =C26+1 -> 23 | D27: Lecture 21 | E27: Agilent VNA class/ Reading layouts Allegro | F27: Agilent / Murphy
A28: =A27+2 -> 38085 | B28: =VLOOKUP(WEEKDAY(A26),Sheet2!B24:dayofweek,2) -> Th | C28: =C27+1 -> 24 | D28: Lecture 22 | E28: TEK scope class /Wavestar | F28: Tektronix / Hitt
A29: =A27+7 -> 38090 | B29: =VLOOKUP(WEEKDAY(A27),Sheet2!B25:dayofweek,2) -> Tu | C29: =C28+1 -> 25 | D29: Lab 1 | E29: Set up for test environment for DDR2 /Allegro | F29: Anderson/Mellitz/Huray
A30: =A29+2 -> 38092 | B30: =VLOOKUP(WEEKDAY(A30),Sheet2!B28:dayofweek,2) -> Th | C30: =C29+1 -> 26 | D30: Lab 2 | E30: Probing, Triggering, Grounding | F30: Anderson/Mellitz/Huray
A31: =A29+7 -> 38097 | B31: =VLOOKUP(WEEKDAY(A31),Sheet2!B29:dayofweek,2) -> Tu | C31: =C30+1 -> 27 | D31: Lab 3 | E31: clock skew | F31: Anderson/Mellitz/Huray
A32: =A31+2 -> 38099 | B32: =VLOOKUP(WEEKDAY(A32),Sheet2!B30:dayofweek,2) -> Th | C32: =C31+1 -> 28 | D32: Lab 4 | E32: clock jitter (jit1) | F32: Anderson/Mellitz/Huray
A33: =A31+7 -> 38104 | B33: =VLOOKUP(WEEKDAY(A33),Sheet2!B31:dayofweek,2) -> Tu | C33: =C32+1 -> 29 | D33: Lab 5 | E33: Read cycle | F33: Anderson/Mellitz/Huray | G33: Last Class
A34: 38113 | B34: =VLOOKUP(WEEKDAY(A34),Sheet2!B34:dayofweek,2) -> Th | C34: 31 | D34: Final Exam | E34: Exam 2 (cover from Exam 1 to PDA)

Sheet Sheet2
A1: 1 | B1: Su
A2: 2 | B2: Mo
A3: 3 | B3: Tu
A4: 4 | B4: We
A5: 5 | B5: Th
A6: 6 | B6: Fr
A7: 7 | B7: Sa

Sheet Sheet3
