Workbook

Sheet Sheet1
E1: HOMEWORK | P1: EFFORT PARTICIPATION | X1: TESTS
A2: Students | B2: DEC. PV | C2: DEC NS | D2: DEC COMP | E2: FRACT NS | F2: FRACT P/H | G2: FRACT COMP | H2: % SENSE | I2: % COMP | J2: % APPLY | K2: LINKAGE | L2: Total Homework | N2: Homework% | P2: Att/ | Q2: Part. | R2: Disp | S2: Peer | T2: Total E/P | U2: E/P % | W2: DEC. | X2: FRACT | Y2: % | Z2: Total Test | AA2: Test % | AC2: Overall Grade
A3: F | B3: 9.6 | C3: 9.3 | D3: 9.6 | E3: 8.9 | F3: 9.8 | G3: 9.6 | H3: 9.6 | I3: 9.6 | J3: 8.7 | K3: 9.8 | L3: =B3+C3+D3+E3+F3+G3+H3+I3+J3+K3 -> 94.5 | N3: =L3/$L$33 -> 0.945 | P3: 9 | Q3: 5 | R3: 5 | S3: 5 | T3: =P3+Q3+R3+S3 -> 24 | U3: =T3/$T$33 -> 0.96 | W3: 79 | X3: 66.5 | Y3: 65 | Z3: =W3+X3+Y3 -> 210.5 | AA3: =Z3/$Z$33 -> 0.93555556 | AC3: =(L3+T3+Z3)/Sheet3!$D$9 -> 0.94
A4: D | B4: 9.6 | C4: 9.3 | D4: 9.6 | E4: 8.9 | F4: 9.8 | G4: 9.6 | H4: 9.6 | I4: 9.6 | J4: 8.7 | K4: 9.8 | L4: =B4+C4+D4+E4+F4+G4+H4+I4+J4+K4 -> 94.5 | N4: =L4/$L$33 -> 0.945 | P4: 10 | Q4: 4.8 | R4: 5 | S4: 4.8 | T4: =P4+Q4+R4+S4 -> 24.6 | U4: =T4/$T$33 -> 0.984 | W4: 82 | X4: 63 | Y4: 63 | Z4: =W4+X4+Y4 -> 208 | AA4: =Z4/$Z$33 -> 0.92444444 | AC4: =(L4+T4+Z4)/Sheet3!$D$9 -> 0.93457143
A5: A | B5: 9.6 | C5: 9.3 | D5: 9.6 | E5: 8.9 | F5: 9.8 | G5: 9.6 | H5: 9.6 | I5: 9.6 | J5: 8.7 | K5: 9.8 | L5: =B5+C5+D5+E5+F5+G5+H5+I5+J5+K5 -> 94.5 | N5: =L5/$L$33 -> 0.945 | P5: 10 | Q5: 4 | R5: 5 | S5: 4.8 | T5: =P5+Q5+R5+S5 -> 23.8 | U5: =T5/$T$33 -> 0.952 | W5: 83 | X5: 64 | Y5: 61 | Z5: =W5+X5+Y5 -> 208 | AA5: =Z5/$Z$33 -> 0.92444444 | AC5: =(L5+T5+Z5)/Sheet3!$D$9 -> 0.93228571
A6: V | B6: 9.3 | C6: 9.5 | D6: 8.8 | E6: 9.5 | F6: 9.2 | G6: 9.8 | H6: 9.9 | I6: 9.1 | J6: 9.4 | K6: 9.7 | L6: =B6+C6+D6+E6+F6+G6+H6+I6+J6+K6 -> 94.2 | N6: =L6/$L$33 -> 0.942 | P6: 10 | Q6: 4.5 | R6: 5 | S6: 4.5 | T6: =P6+Q6+R6+S6 -> 24 | U6: =T6/$T$33 -> 0.96 | W6: 79 | X6: 66 | Y6: 63 | Z6: =W6+X6+Y6 -> 208 | AA6: =Z6/$Z$33 -> 0.92444444 | AC6: =(L6+T6+Z6)/Sheet3!$D$9 -> 0.932
A7: N | B7: 9.4 | C7: 9.5 | D7: 9.8 | E7: 9 | F7: 9.6 | G7: 9.9 | H7: 9.1 | I7: 9.4 | J7: 9 | K7: 9.6 | L7: =B7+C7+D7+E7+F7+G7+H7+I7+J7+K7 -> 94.3 | N7: =L7/$L$33 -> 0.943 | P7: 10 | Q7: 5 | R7: 5 | S7: 4.8 | T7: =P7+Q7+R7+S7 -> 24.8 | U7: =T7/$T$33 -> 0.992 | W7: 80.5 | X7: 64.5 | Y7: 62 | Z7: =W7+X7+Y7 -> 207 | AA7: =Z7/$Z$33 -> 0.92 | AC7: =(L7+T7+Z7)/Sheet3!$D$9 -> 0.93171429
A8: M | B8: 9.4 | C8: 9.5 | D8: 9.8 | E8: 9 | F8: 9.6 | G8: 9.9 | H8: 9.1 | I8: 9.4 | J8: 9 | K8: 9.6 | L8: =B8+C8+D8+E8+F8+G8+H8+I8+J8+K8 -> 94.3 | N8: =L8/$L$33 -> 0.943 | P8: 10 | Q8: 5 | R8: 5 | S8: 4.8 | T8: =P8+Q8+R8+S8 -> 24.8 | U8: =T8/$T$33 -> 0.992 | W8: 81.5 | X8: 67 | Y8: 55.5 | Z8: =W8+X8+Y8 -> 204 | AA8: =Z8/$Z$33 -> 0.90666667 | AC8: =(L8+T8+Z8)/Sheet3!$D$9 -> 0.92314286
A9: H | B9: 9.6 | C9: 10 | D9: 9.3 | E9: 9.3 | F9: 9.5 | G9: 9.7 | H9: 9.5 | I9: 8.7 | J9: 9.7 | K9: 9.4 | L9: =B9+C9+D9+E9+F9+G9+H9+I9+J9+K9 -> 94.7 | N9: =L9/$L$33 -> 0.947 | P9: 10 | Q9: 4.8 | R9: 5 | S9: 4.8 | T9: =P9+Q9+R9+S9 -> 24.6 | U9: =T9/$T$33 -> 0.984 | W9: 76.5 | X9: 63.5 | Y9: 63.5 | Z9: =W9+X9+Y9 -> 203.5 | AA9: =Z9/$Z$33 -> 0.90444444 | AC9: =(L9+T9+Z9)/Sheet3!$D$9 -> 0.92228571
A10: E | B10: 9.6 | C10: 9.3 | D10: 9.6 | E10: 8.9 | F10: 9.8 | G10: 9.6 | H10: 9.6 | I10: 9.6 | J10: 8.7 | K10: 9.8 | L10: =B10+C10+D10+E10+F10+G10+H10+I10+J10+K10 -> 94.5 | N10: =L10/$L$33 -> 0.945 | P10: 10 | Q10: 4.5 | R10: 5 | S10: 4.8 | T10: =P10+Q10+R10+S10 -> 24.3 | U10: =T10/$T$33 -> 0.972 | W10: 81 | X10: 60.5 | Y10: 60.5 | Z10: =W10+X10+Y10 -> 202 | AA10: =Z10/$Z$33 -> 0.89777778 | AC10: =(L10+T10+Z10)/Sheet3!$D$9 -> 0.91657143
A11: P | B11: 9.4 | C11: 9.5 | D11: 9.8 | E11: 9 | F11: 9.6 | G11: 9.9 | H11: 9.1 | I11: 9.4 | J11: 9 | K11: 9.6 | L11: =B11+C11+D11+E11+F11+G11+H11+I11+J11+K11 -> 94.3 | N11: =L11/$L$33 -> 0.943 | P11: 9 | Q11: 5 | R11: 5 | S11: 4.8 | T11: =P11+Q11+R11+S11 -> 23.8 | U11: =T11/$T$33 -> 0.952 | W11: 72 | X11: 68.5 | Y11: 59.5 | Z11: =W11+X11+Y11 -> 200 | AA11: =Z11/$Z$33 -> 0.88888889 | AC11: =(L11+T11+Z11)/Sheet3!$D$9 -> 0.90885714
A12: C | B12: 9.6 | C12: 9.3 | D12: 9.6 | E12: 8.9 | F12: 9.8 | G12: 9.6 | H12: 9.6 | I12: 9.6 | J12: 8.7 | K12: 9.8 | L12: =B12+C12+D12+E12+F12+G12+H12+I12+J12+K12 -> 94.5 | N12: =L12/$L$33 -> 0.945 | P12: 10 | Q12: 4.5 | R12: 5 | S12: 4.8 | T12: =P12+Q12+R12+S12 -> 24.3 | U12: =T12/$T$33 -> 0.972 | W12: 78 | X12: 65.5 | Y12: 55 | Z12: =W12+X12+Y12 -> 198.5 | AA12: =Z12/$Z$33 -> 0.88222222 | AC12: =(L12+T12+Z12)/Sheet3!$D$9 -> 0.90657143
A13: R | B13: 9.4 | C13: 9.5 | D13: 9.8 | E13: 9 | F13: 9.6 | G13: 9.9 | H13: 9.1 | I13: 9.4 | J13: 9 | K13: 9.6 | L13: =B13+C13+D13+E13+F13+G13+H13+I13+J13+K13 -> 94.3 | N13: =L13/$L$33 -> 0.943 | P13: 10 | Q13: 5 | R13: 5 | S13: 4.8 | T13: =P13+Q13+R13+S13 -> 24.8 | U13: =T13/$T$33 -> 0.992 | W13: 81.5 | X13: 58 | Y13: 57.5 | Z13: =W13+X13+Y13 -> 197 | AA13: =Z13/$Z$33 -> 0.87555556 | AC13: =(L13+T13+Z13)/Sheet3!$D$9 -> 0.90314286
A14: CC | B14: 8.5 | C14: 9.2 | D14: 9.6 | E14: 9.3 | F14: 8.5 | G14: 8.9 | H14: 8.5 | I14: 9.1 | J14: 9.4 | K14: 8.5 | L14: =B14+C14+D14+E14+F14+G14+H14+I14+J14+K14 -> 89.5 | N14: =L14/$L$33 -> 0.895 | P14: 10 | Q14: 4.8 | R14: 5 | S14: 5 | T14: =P14+Q14+R14+S14 -> 24.8 | U14: =T14/$T$33 -> 0.992 | W14: 80.5 | X14: 64 | Y14: 56 | Z14: =W14+X14+Y14 -> 200.5 | AA14: =Z14/$Z$33 -> 0.89111111 | AC14: =(L14+T14+Z14)/Sheet3!$D$9 -> 0.89942857
... A32: AA | B32: 8.5 | C32: 9.2 | D32: 9.6 | E32: 9.3 | F32: 8.5 | G32: 8.9 | H32: 8.5 | I32: 9.1 | J32: 9.4 | K32: 8.5 | L32: =B32+C32+D32+E32+F32+G32+H32+I32+J32+K32 -> 89.5 | N32: =L32/$L$33 -> 0.895 | P32: 10 | Q32: 4.5 | R32: 5 | S32: 4 | T32: =P32+Q32+R32+S32 -> 23.5 | U32: =T32/$T$33 -> 0.94 | W32: 71 | X32: 51 | Y32: 23 | Z32: =W32+X32+Y32 -> 145 | AA32: =Z32/$Z$33 -> 0.64444444 | AC32: =(L32+T32+Z32)/Sheet3!$D$9 -> 0.73714286
B33: 10 | C33: 10 | D33: 10 | E33: 10 | F33: 10 | G33: 10 | H33: 10 | I33: 10 | J33: 10 | K33: 10 | L33: =B33+C33+D33+E33+F33+G33+H33+I33+J33+K33 -> 100 | P33: 10 | Q33: 5 | R33: 5 | S33: 5 | T33: =P33+Q33+R33+S33 -> 25 | W33: 85 | X33: 75 | Y33: 65 | Z33: =W33+X33+Y33 -> 225
A34: Mean | W34: =AVERAGE(W3:W32) -> 76.766667 | X34: =AVERAGE(X3:X32) -> 59.916667 | Y34: =AVERAGE(Y3:Y32) -> 51.4
A35: Median | W35: =MEDIAN(W3:W32) -> 77 | X35: =MEDIAN(X3:X32) -> 61.5 | Y35: =MEDIAN(Y3:Y32) -> 55

Sheet Sheet2

Sheet Sheet3
D9: 350

Sheet Sheet4
B7: Homework Total % | C7: 0.895
B8: E/P Total % | C8: 0.94
B9: Test Total % | C9: 0.6444
D10: AA's Grade | E10: 0.7371
D11: Class Average | E11: 0.8726
B13: Decimal | C13: 0.8352
B14: Fractions | C14: 0.68
B15: Percent | C15: 0.3538

Sheet Sheet5
C7: DEC. | D7: 76.77
C8: fraction | D8: 59.92
C9: percentages | D9: 51.4
A13: % SENSE | B13: =AVERAGE(Sheet1!H3:H32) -> 9.32
A14: % COMP | B14: =AVERAGE(Sheet1!I3:I32) -> 9.18
A15: % APPLY | B15: =AVERAGE(Sheet1!J3:J32) -> 9.24
E16: homework average | F16: =AVERAGE(Sheet1!N3:N32) -> 0.9344
E17: E/P average | F17: =AVERAGE(Sheet1!U3:U32) -> 0.956
E18: test average | F18: =AVERAGE(Sheet1!AA3:AA33) -> 0.83592593

Sheet Sheet6

Sheet Sheet7

Sheet Sheet8

Sheet Sheet9

Sheet Sheet10

Sheet Sheet11

Sheet Sheet12

Sheet Sheet13

Sheet Sheet14

Sheet Sheet15

Sheet Sheet16
