Workbook

Sheet Close
B1: Close for: | C1: 38077
A2: Region | B2: Category | C2: Name | D2: Forex | E2: Ticker | F2: ISIN | G2: CUSIP | H2: SEDOL | J2: No. Comp. | K2: Float | M2: Open Quotation | N2: Close | O2: Mcap(local) | P2: Mcap(EUR) | Q2: Mcap(USD) | S2: Divisor | T2: Change
A3: Global | B3: Blue Chip | C3: Dow Jones Sector Titans - Financial Svcs. Sector (U.S. $) Price | D3: USD | E3: DJTFSV | F3: XC0006972993 | J3: 30 | K3: 0.72819234 | N3: 313.18568 | O3: 7.2477294e+11 | Q3: 7.2477294e+11 | S3: 2.3141956e+09 | T3: No
A4: Global | B4: Blue Chip | C4: Dow Jones Sector Titans - Financial Svcs. Sector (U.S. $) Return | D4: USD | J4: 30 | K4: 0.72819234 | N4: 391.56724 | O4: 7.2477294e+11 | Q4: 7.2477294e+11 | S4: 1.850954e+09 | T4: Yes
A5: Global | B5: Blue Chip | C5: Dow Jones Sector Titans - Financial Svcs. Sector (Euro) Price | D5: EUR | E5: DJTFSVE | F5: XC0006973181 | J5: 30 | K5: 0.72819234 | N5: 341.23076 | O5: 5.8977373e+11 | P5: 5.8977373e+11 | S5: 1.7283721e+09 | T5: No
A6: Global | B6: Blue Chip | C6: Dow Jones Sector Titans - Financial Svcs. Sector (Euro) Return | D6: EUR | J6: 30 | K6: 0.72819234 | N6: 426.63121 | O6: 5.8977373e+11 | P6: 5.8977373e+11 | S6: 1.3823971e+09 | T6: Yes
A7: Global | B7: Blue Chip | C7: Financial Services-Asia Close Price | D7: USD | E7: DJPFSV | F7: US26057A5838 | J7: 30 | K7: 0.72819234 | N7: 313.18568 | O7: 7.2477294e+11 | Q7: 7.2477294e+11 | S7: 2.3141956e+09 | T7: No
A8: Global | B8: Blue Chip | C8: Financial Services-Asia Close Return | D8: USD | J8: 30 | K8: 0.72819234 | N8: 391.56724 | O8: 7.2477294e+11 | Q8: 7.2477294e+11 | S8: 1.850954e+09 | T8: Yes
A9: Global | B9: Blue Chip | C9: Financial Services-Asia Close (in Euros) Price | D9: EUR | E9: DJPFSVE | F9: US26057A5911 | J9: 30 | K9: 0.72819234 | N9: 341.23076 | O9: 5.8977373e+11 | P9: 5.8977373e+11 | S9: 1.7283721e+09 | T9: No
A10: Global | B10: Blue Chip | C10: Financial Services-Asia Close (in Euros) Return | D10: EUR | J10: 30 | K10: 0.72819234 | N10: 426.63121 | O10: 5.8977373e+11 | P10: 5.8977373e+11 | S10: 1.3823971e+09 | T10: Yes
A11: Global | B11: Blue Chip | C11: Financial Services-Europe Close Price | D11: USD | E11: DJEFSV | F11: US26057A6091 | J11: 30 | K11: 0.72819234 | N11: 313.18568 | O11: 7.2477294e+11 | Q11: 7.2477294e+11 | S11: 2.3141956e+09 | T11: No
A12: Global | B12: Blue Chip | C12: Financial Services-Europe Close Return | D12: USD | J12: 30 | K12: 0.72819234 | N12: 391.56724 | O12: 7.2477294e+11 | Q12: 7.2477294e+11 | S12: 1.850954e+09 | T12: Yes
A13: Global | B13: Blue Chip | C13: Financial Services-Europe Close (in Euros) Price | D13: EUR | E13: DJEFSVE | F13: US26057A6174 | J13: 30 | K13: 0.72819234 | N13: 341.23076 | O13: 5.8977373e+11 | P13: 5.8977373e+11 | S13: 1.7283721e+09 | T13: No
A14: Global | B14: Blue Chip | C14: Financial Services-Europe Close (in Euros) Return | D14: EUR | J14: 30 | K14: 0.72819234 | N14: 426.63121 | O14: 5.8977373e+11 | P14: 5.8977373e+11 | S14: 1.3823971e+09 | T14: Yes
A15: Global | B15: Blue Chip | C15: Financial Services-US Close Price | D15: USD | E15: DJAFSV | F15: US26057A6257 | J15: 30 | K15: 0.72819234 | N15: 313.18568 | O15: 7.2477294e+11 | Q15: 7.2477294e+11 | S15: 2.3141956e+09 | T15: No
A16: Global | B16: Blue Chip | C16: Financial Services-US Close Return | D16: USD | J16: 30 | K16: 0.72819234 | N16: 391.56724 | O16: 7.2477294e+11 | Q16: 7.2477294e+11 | S16: 1.850954e+09 | T16: Yes
A17: Global | B17: Blue Chip | C17: Financial Services-US Close (in Euros) Price | D17: EUR | E17: DJAFSVE | F17: US26057A6331 | J17: 30 | K17: 0.72819234 | N17: 341.23076 | O17: 5.8977373e+11 | P17: 5.8977373e+11 | S17: 1.7283721e+09 | T17: No
A18: Global | B18: Blue Chip | C18: Financial Services-US Close (in Euros) Return | D18: EUR | J18: 30 | K18: 0.72819234 | N18: 426.63121 | O18: 5.8977373e+11 | P18: 5.8977373e+11 | S18: 1.3823971e+09 | T18: Yes
A20: Country | B20: Exchange | C20: Name | D20: Forex | E20: RIC | F20: ISIN | G20: CUSIP | H20: SEDOL | I20: Internal Number | J20: Shares | K20: Free Float | L20: 10%Cap | M20: Open(local) | N20: Close(local) | O20: Mcap(local) | P20: Mcap(EUR) | Q20: Mcap(USD) | R20: Wgt. | S20: Econ. Sector | T20: Market Sector | U20: Ind. Group | V20: Subgroup | W20: Corp. Action
A21: US | C21: Citigroup Inc. | D21: USD | E21: C.N | F21: US1729671016 | H21: 2297907 | I21: C | J21: 5165780530 | K21: 1 | L21: 0.27622786 | M21: 51.94 | N21: 51.7 | O21: 7.3772409e+10 | P21: 6.0031255e+10 | Q21: 7.3772409e+10 | R21: 0.10178693 | S21: FIN | T21: FSV | U21: FIS | V21: FIS
A22: US | C22: Fannie Mae | D22: USD | E22: FNM.N | F22: US3135861090 | H22: 2333889 | I22: FNM | J22: 971667000 | K22: 0.9017 | L22: 1 | M22: 75.33 | N22: 74.35 | O22: 6.5141911e+10 | P22: 5.3008309e+10 | Q22: 6.5141911e+10 | R22: 0.089879061 | S22: FIN | T22: FSV | U22: FIS | V22: FIS
A23: US | C23: American Express Co. | D23: USD | E23: AXP.N | F23: US0258161092 | H23: 2026082 | I23: AXP | J23: 1284000000 | K23: 0.8863 | L23: 1 | M23: 51.76 | N23: 51.85 | O23: 59005777020 | P23: 4.8015117e+10 | Q23: 59005777020 | R23: 0.081412776 | S23: FIN | T23: FSV | U23: FIS | V23: FIS
A24: US | C24: Morgan Stanley | D24: USD | E24: MWD.N | F24: US6174464486 | H24: 2262314 | I24: MWD | J24: 1085171000 | K24: 0.912 | L24: 1 | M24: 57.43 | N24: 57.3 | O24: 5.6708432e+10 | P24: 4.6145685e+10 | Q24: 5.6708432e+10 | R24: 0.078243032 | S24: FIN | T24: FSV | U24: SCR | V24: SCR
A25: US | C25: Merrill Lynch & Co. Inc. | D25: USD | E25: MER.N | F25: US5901881087 | H25: 2580986 | I25: MER | J25: 942399000 | K25: 0.9193 | L25: 1 | M25: 59.5 | N25: 59.56 | O25: 5.1599651e+10 | P25: 4.1988487e+10 | Q25: 5.1599651e+10 | R25: 0.07119423 | S25: FIN | T25: FSV | U25: SCR | V25: SCR
A26: US | C26: Freddie Mac | D26: USD | E26: FRE.N | F26: US3134003017 | H26: 2334150 | I26: FRE | J26: 693921000 | K26: 1 | L26: 1 | M26: 59.7 | N26: 59.06 | O26: 40982974260 | P26: 3.3349316e+10 | Q26: 40982974260 | R26: 0.05654595 | S26: FIN | T26: FSV | U26: FIS | V26: FIS
A27: JP | C27: Nomura Holdings Inc. | D27: JPY | E27: 8604.T | F27: JP3762600009 | H27: 6643108 | I27: jT8604 | J27: 1965919860 | K27: 1 | L27: 1 | M27: 1885 | N27: 1895 | O27: 3725418134700 | P27: 2.9139293e+10 | Q27: 3.5809277e+10 | R27: 0.04940758 | S27: FIN | T27: FSV | U27: SCR | V27: SCR
A28: US | C28: Goldman Sachs Group Inc. | D28: USD | E28: GS.N | F28: US38141G1040 | H28: 2407966 | I28: GS | J28: 483312000 | K28: 0.6361 | L28: 1 | M28: 104.27 | N28: 104.35 | O28: 3.2080818e+10 | P28: 2.6105312e+10 | Q28: 3.2080818e+10 | R28: 0.044263266 | S28: FIN | T28: FSV | U28: SCR | V28: SCR
A29: US | C29: MBNA Corp. | D29: USD | E29: KRB.N | F29: US55262L1008 | H29: 2547055 | I29: KRB | J29: 1277672000 | K29: 0.8841 | L29: 1 | M29: 27.7 | N29: 27.63 | O29: 3.1210567e+10 | P29: 2.5397157e+10 | Q29: 3.1210567e+10 | R29: 0.043062544 | S29: FIN | T29: FSV | U29: FIS | V29: FIS
A30: NL | C30: Fortis N.V. | D30: EUR | E30: FOR.AS | F30: BE0003801181 | H30: 7266117 | I30: eA30086 | J30: 1295379559 | K30: 0.941 | L30: 1 | M30: 17.42 | N30: 17.31 | O30: 2.1100062e+10 | P30: 2.1100062e+10 | Q30: 2.5929866e+10 | R30: 0.035776537 | S30: FIN | T30: FSV | U30: FIS | V30: FIS
A31: US | C31: Lehman Brothers Holdings Inc. | D31: USD | E31: LEH.N | F31: US5249081002 | H31: 2510723 | I31: LEH | J31: 277257000 | K31: 1 | L31: 1 | M31: 83.26 | N31: 82.87 | O31: 22976287590 | P31: 1.8696629e+10 | Q31: 22976287590 | R31: 0.03170136 | S31: FIN | T31: FSV | U31: SCR | V31: SCR
A32: US | C32: SLM Corp. | D32: USD | E32: SLM.N | F32: US78442P1066 | H32: 2101967 | I32: SLM | J32: 450826000 | K32: 1 | L32: 1 | M32: 41.17 | N32: 41.85 | O32: 18867068100 | P32: 1.535281e+10 | Q32: 18867068100 | R32: 0.026031695 | S32: FIN | T32: FSV | U32: FIS | V32: FIS
... A50: CA | C50: Power Corp. of Canada | D50: CAD | E50: POW.TO | F50: CA7392391016 | H50: 2697701 | I50: TPOW | J50: 196915950 | K50: 0.7841 | L50: 1 | M50: 53.85 | N50: 53.8 | O50: 8.3068166e+09 | P50: 5.1432791e+09 | Q50: 6.3205757e+09 | R50: 0.0087207667 | S50: FIN | T50: FSV | U50: FIS | V50: FIS

Sheet Changes
B1: Effective: | C1: 38078
A2: Country | B2: Exchange | C2: Name | D2: Ferex | E2: Ticker | F2: ISIN | G2: SEDOL | H2: Changes | I2: Category

Sheet Opening
B1: Opening for: | C1: 38078
A2: Region | B2: Category | C2: Name | D2: Forex | E2: Ticker | F2: ISIN | G2: CUSIP | H2: SEDOL | J2: No. Comp. | K2: Float | M2: Open Quotation | N2: Close | O2: Mcap(local) | P2: Mcap(EUR) | Q2: Mcap(USD) | S2: Divisor | T2: Change
A3: Global | B3: Blue Chip | C3: Dow Jones Sector Titans - Financial Svcs. Sector (U.S. $) Price | D3: USD | E3: DJTFSV | F3: XC0006972993 | J3: 30 | K3: 0.72819234 | O3: 7.2477294e+11 | Q3: 7.2477294e+11 | S3: 2.3141956e+09 | T3: No
A4: Global | B4: Blue Chip | C4: Dow Jones Sector Titans - Financial Svcs. Sector (U.S. $) Return | D4: USD | J4: 30 | K4: 0.72819234 | O4: 7.2477294e+11 | Q4: 7.2477294e+11 | S4: 1.850954e+09 | T4: No
A5: Global | B5: Blue Chip | C5: Dow Jones Sector Titans - Financial Svcs. Sector (Euro) Price | D5: EUR | E5: DJTFSVE | F5: XC0006973181 | J5: 30 | K5: 0.72819234 | O5: 5.8977373e+11 | P5: 5.8977373e+11 | S5: 1.7283721e+09 | T5: No
A6: Global | B6: Blue Chip | C6: Dow Jones Sector Titans - Financial Svcs. Sector (Euro) Return | D6: EUR | J6: 30 | K6: 0.72819234 | O6: 5.8977373e+11 | P6: 5.8977373e+11 | S6: 1.3823971e+09 | T6: No
A7: Global | B7: Blue Chip | C7: Financial Services-Asia Close Price | D7: USD | E7: DJPFSV | F7: US26057A5838 | J7: 30 | K7: 0.72819234 | O7: 7.2477294e+11 | Q7: 7.2477294e+11 | S7: 2.3141956e+09 | T7: No
A8: Global | B8: Blue Chip | C8: Financial Services-Asia Close Return | D8: USD | J8: 30 | K8: 0.72819234 | O8: 7.2477294e+11 | Q8: 7.2477294e+11 | S8: 1.850954e+09 | T8: No
A9: Global | B9: Blue Chip | C9: Financial Services-Asia Close (in Euros) Price | D9: EUR | E9: DJPFSVE | F9: US26057A5911 | J9: 30 | K9: 0.72819234 | O9: 5.8977373e+11 | P9: 5.8977373e+11 | S9: 1.7283721e+09 | T9: No
A10: Global | B10: Blue Chip | C10: Financial Services-Asia Close (in Euros) Return | D10: EUR | J10: 30 | K10: 0.72819234 | O10: 5.8977373e+11 | P10: 5.8977373e+11 | S10: 1.3823971e+09 | T10: No
A11: Global | B11: Blue Chip | C11: Financial Services-Europe Close Price | D11: USD | E11: DJEFSV | F11: US26057A6091 | J11: 30 | K11: 0.72819234 | O11: 7.2477294e+11 | Q11: 7.2477294e+11 | S11: 2.3141956e+09 | T11: No
A12: Global | B12: Blue Chip | C12: Financial Services-Europe Close Return | D12: USD | J12: 30 | K12: 0.72819234 | O12: 7.2477294e+11 | Q12: 7.2477294e+11 | S12: 1.850954e+09 | T12: No
A13: Global | B13: Blue Chip | C13: Financial Services-Europe Close (in Euros) Price | D13: EUR | E13: DJEFSVE | F13: US26057A6174 | J13: 30 | K13: 0.72819234 | O13: 5.8977373e+11 | P13: 5.8977373e+11 | S13: 1.7283721e+09 | T13: No
A14: Global | B14: Blue Chip | C14: Financial Services-Europe Close (in Euros) Return | D14: EUR | J14: 30 | K14: 0.72819234 | O14: 5.8977373e+11 | P14: 5.8977373e+11 | S14: 1.3823971e+09 | T14: No
A15: Global | B15: Blue Chip | C15: Financial Services-US Close Price | D15: USD | E15: DJAFSV | F15: US26057A6257 | J15: 30 | K15: 0.72819234 | O15: 7.2477294e+11 | Q15: 7.2477294e+11 | S15: 2.3141956e+09 | T15: No
A16: Global | B16: Blue Chip | C16: Financial Services-US Close Return | D16: USD | J16: 30 | K16: 0.72819234 | O16: 7.2477294e+11 | Q16: 7.2477294e+11 | S16: 1.850954e+09 | T16: No
A17: Global | B17: Blue Chip | C17: Financial Services-US Close (in Euros) Price | D17: EUR | E17: DJAFSVE | F17: US26057A6331 | J17: 30 | K17: 0.72819234 | O17: 5.8977373e+11 | P17: 5.8977373e+11 | S17: 1.7283721e+09 | T17: No
A18: Global | B18: Blue Chip | C18: Financial Services-US Close (in Euros) Return | D18: EUR | J18: 30 | K18: 0.72819234 | O18: 5.8977373e+11 | P18: 5.8977373e+11 | S18: 1.3823971e+09 | T18: No
A20: Country | B20: Exchange | C20: Name | D20: Forex | E20: RIC | F20: ISIN | G20: CUSIP | H20: SEDOL | I20: Internal Number | J20: Shares | K20: Free Float | L20: 10%Cap | M20: Open(local) | N20: Close(local) | O20: Mcap(local) | P20: Mcap(EUR) | Q20: Mcap(USD) | R20: Wgt. | S20: Econ. Sector | T20: Market Sector | U20: Ind. Group | V20: Subgroup | W20: Corp. Action
A21: US | C21: Citigroup Inc. | D21: USD | E21: C.N | F21: US1729671016 | H21: 2297907 | I21: C | J21: 5165780530 | K21: 1 | L21: 0.27622786 | N21: 51.7 | O21: 7.3772409e+10 | P21: 6.0031255e+10 | Q21: 7.3772409e+10 | R21: 0.10178693 | S21: FIN | T21: FSV | U21: FIS | V21: FIS | W21: =IF(ISERROR(MATCH(E21,Changes!$E:$E,0)),"","Yes")
A22: US | C22: Fannie Mae | D22: USD | E22: FNM.N | F22: US3135861090 | H22: 2333889 | I22: FNM | J22: 971667000 | K22: 0.9017 | L22: 1 | N22: 74.35 | O22: 6.5141911e+10 | P22: 5.3008309e+10 | Q22: 6.5141911e+10 | R22: 0.089879061 | S22: FIN | T22: FSV | U22: FIS | V22: FIS | W22: =IF(ISERROR(MATCH(E22,Changes!$E:$E,0)),"","Yes")
A23: US | C23: American Express Co. | D23: USD | E23: AXP.N | F23: US0258161092 | H23: 2026082 | I23: AXP | J23: 1284000000 | K23: 0.8863 | L23: 1 | N23: 51.85 | O23: 59005777020 | P23: 4.8015117e+10 | Q23: 59005777020 | R23: 0.081412776 | S23: FIN | T23: FSV | U23: FIS | V23: FIS | W23: =IF(ISERROR(MATCH(E23,Changes!$E:$E,0)),"","Yes")
A24: US | C24: Morgan Stanley | D24: USD | E24: MWD.N | F24: US6174464486 | H24: 2262314 | I24: MWD | J24: 1085171000 | K24: 0.912 | L24: 1 | N24: 57.3 | O24: 5.6708432e+10 | P24: 4.6145685e+10 | Q24: 5.6708432e+10 | R24: 0.078243032 | S24: FIN | T24: FSV | U24: SCR | V24: SCR | W24: =IF(ISERROR(MATCH(E24,Changes!$E:$E,0)),"","Yes")
A25: US | C25: Merrill Lynch & Co. Inc. | D25: USD | E25: MER.N | F25: US5901881087 | H25: 2580986 | I25: MER | J25: 942399000 | K25: 0.9193 | L25: 1 | N25: 59.56 | O25: 5.1599651e+10 | P25: 4.1988487e+10 | Q25: 5.1599651e+10 | R25: 0.07119423 | S25: FIN | T25: FSV | U25: SCR | V25: SCR | W25: =IF(ISERROR(MATCH(E25,Changes!$E:$E,0)),"","Yes")
A26: US | C26: Freddie Mac | D26: USD | E26: FRE.N | F26: US3134003017 | H26: 2334150 | I26: FRE | J26: 693921000 | K26: 1 | L26: 1 | N26: 59.06 | O26: 40982974260 | P26: 3.3349316e+10 | Q26: 40982974260 | R26: 0.05654595 | S26: FIN | T26: FSV | U26: FIS | V26: FIS | W26: =IF(ISERROR(MATCH(E26,Changes!$E:$E,0)),"","Yes")
A27: JP | C27: Nomura Holdings Inc. | D27: JPY | E27: 8604.T | F27: JP3762600009 | H27: 6643108 | I27: jT8604 | J27: 1965919860 | K27: 1 | L27: 1 | N27: 1895 | O27: 3725418134700 | P27: 2.9139293e+10 | Q27: 3.5809277e+10 | R27: 0.04940758 | S27: FIN | T27: FSV | U27: SCR | V27: SCR | W27: =IF(ISERROR(MATCH(E27,Changes!$E:$E,0)),"","Yes")
A28: US | C28: Goldman Sachs Group Inc. | D28: USD | E28: GS.N | F28: US38141G1040 | H28: 2407966 | I28: GS | J28: 483312000 | K28: 0.6361 | L28: 1 | N28: 104.35 | O28: 3.2080818e+10 | P28: 2.6105312e+10 | Q28: 3.2080818e+10 | R28: 0.044263266 | S28: FIN | T28: FSV | U28: SCR | V28: SCR | W28: =IF(ISERROR(MATCH(E28,Changes!$E:$E,0)),"","Yes")
A29: US | C29: MBNA Corp. | D29: USD | E29: KRB.N | F29: US55262L1008 | H29: 2547055 | I29: KRB | J29: 1277672000 | K29: 0.8841 | L29: 1 | N29: 27.63 | O29: 3.1210567e+10 | P29: 2.5397157e+10 | Q29: 3.1210567e+10 | R29: 0.043062544 | S29: FIN | T29: FSV | U29: FIS | V29: FIS | W29: =IF(ISERROR(MATCH(E29,Changes!$E:$E,0)),"","Yes")
A30: NL | C30: Fortis N.V. | D30: EUR | E30: FOR.AS | F30: BE0003801181 | H30: 7266117 | I30: eA30086 | J30: 1295379559 | K30: 0.941 | L30: 1 | N30: 17.31 | O30: 2.1100062e+10 | P30: 2.1100062e+10 | Q30: 2.5929866e+10 | R30: 0.035776537 | S30: FIN | T30: FSV | U30: FIS | V30: FIS | W30: =IF(ISERROR(MATCH(E30,Changes!$E:$E,0)),"","Yes")
A31: US | C31: Lehman Brothers Holdings Inc. | D31: USD | E31: LEH.N | F31: US5249081002 | H31: 2510723 | I31: LEH | J31: 277257000 | K31: 1 | L31: 1 | N31: 82.87 | O31: 22976287590 | P31: 1.8696629e+10 | Q31: 22976287590 | R31: 0.03170136 | S31: FIN | T31: FSV | U31: SCR | V31: SCR | W31: =IF(ISERROR(MATCH(E31,Changes!$E:$E,0)),"","Yes")
A32: US | C32: SLM Corp. | D32: USD | E32: SLM.N | F32: US78442P1066 | H32: 2101967 | I32: SLM | J32: 450826000 | K32: 1 | L32: 1 | N32: 41.85 | O32: 18867068100 | P32: 1.535281e+10 | Q32: 18867068100 | R32: 0.026031695 | S32: FIN | T32: FSV | U32: FIS | V32: FIS | W32: =IF(ISERROR(MATCH(E32,Changes!$E:$E,0)),"","Yes")
... A50: CA | C50: Power Corp. of Canada | D50: CAD | E50: POW.TO | F50: CA7392391016 | H50: 2697701 | I50: TPOW | J50: 196915950 | K50: 0.7841 | L50: 1 | N50: 53.8 | O50: 8.3068166e+09 | P50: 5.1432791e+09 | Q50: 6.3205757e+09 | R50: 0.0087207667 | S50: FIN | T50: FSV | U50: FIS | V50: FIS | W50: =IF(ISERROR(MATCH(E50,Changes!$E:$E,0)),"","Yes")
