Workbook
Name BASIS: Flowsheet!$H$1
Name CONV: Flowsheet!$H$2
Name CONVERGE: #REF!
Name EXITP: Flowsheet!$H$18
Name EXITR1: Flowsheet!$H$15
Name EXITR2: Flowsheet!$H$16
Name EXITR3: Flowsheet!$H$17
Name FEEDR1: Flowsheet!$H$6
Name FEEDR2: Flowsheet!$H$7
Name FEEDR3: Flowsheet!$H$8
Name GOAL: Flowsheet!$C$19
Name HIGHINDEX: Interp!$G$6
Name HIGHK: Interp!$G$12
Name HIGHTEMP: Interp!$G$9
Name INERTS: Flowsheet!$C$17
Name INLETP: 'Eqn. Solve'!$F$5
Name INLETR1: 'Eqn. Solve'!$F$2
Name INLETR2: 'Eqn. Solve'!$F$3
Name INLETR3: 'Eqn. Solve'!$F$4
Name KEQ: Flowsheet!$E$3
Name KNOB: Flowsheet!$C$21
Name KP: Flash!$C$6
Name _KR1: Flash!$C$3
Name _KR2: Flash!$C$4
Name _KR3: Flash!$C$5
Name KTABLE: Interp!$B$3:$C$11
Name LININTERP: Interp!$G$14
Name LIQP: Flash!$E$34
Name LIQR1: Flash!$E$31
Name LIQR2: Flash!$E$32
Name LIQR3: Flash!$E$33
Name LOGINTERP: Interp!$G$15
Name LOWINDEX: Interp!$G$5
Name LOWK: Interp!$G$11
Name LOWTEMP: Interp!$G$8
Name NEWCONV: 'Eqn. Solve'!$M$37
Name OLDCONV: 'Eqn. Solve'!$M$35
Name PRES: Flowsheet!$J$7
Name PURITY: Flowsheet!$H$3
Name PURP: Flowsheet!$C$15
Name PURR1: Flowsheet!$C$12
Name PURR2: Flowsheet!$C$13
Name PURR3: Flowsheet!$C$14
Name RECYP: Flowsheet!$E$18
Name RECYR1: Flowsheet!$E$15
Name RECYR2: Flowsheet!$E$16
Name RECYR3: Flowsheet!$E$17
Name SELECT: Flowsheet!$E$2
Name SENS: Flowsheet!$J$8
Name SOLUTION: 'Eqn. Solve'!$M$38
Name TABLE1: Interp!$A$3:$C$11
Name TABLE2: Interp!$B$3:$D$11
Name TEMP: Flowsheet!$J$6
Name TOTFED: Flash!$F$35
Name TOTL: Flash!$E$35
Name TOTV: Flash!$D$35
Name TOTX: Flash!$C$35
Name TOTY: Flash!$B$35
Name TTEMP: Interp!$G$3
Name VAPP: Flash!$D$34

Sheet Flowsheet
G1: BASIS = | H1: 100 | I1: mol/hr R1
D2: SELECT = | E2: 0 | G2: R1 CONV = | H2: =IF(SELECT=0,SOLUTION,SELECT) -> 0.67200595
D3: KEQ = | E3: ='Eqn. Solve'!F7 -> 73.549757 | G3: R1 PURITY = | H3: 0.99
G4: XSR2 = | H4: 0.1
A6: =IF(OR(TEMP<100,TEMP>500),"WARNING! Temperature is outside bounds of experimental data.","") | B6: PROCESS FLOWSHEET | G6: R1 | H6: =BASIS*PURITY -> 99 | I6: TEMP = | J6: 170 | K6: OC
B7: All Flows are in Mol/hr | G7: R2 | H7: =MAX(0.01,2*(FEEDR1-PURR1)*(1+XSR2)) -> 201.92608 | I7: PRES = | J7: 4 | K7: Atm
G8: R3 | H8: =BASIS*(1-PURITY) -> 1 | I8: SENS = | J8: 1
I10: =IF(OR(TEMP<100,TEMP>499),"WARNING! Temperature is outside","")
G11: REACTOR | I11: =IF(OR(TEMP<100,TEMP>499),"of range of table of Keq values.","")
B12: R1 | C12: =MIN(RECYR1,PURR3*RECYR1/MAX(0.01,RECYR3)) -> 7.2154202
B13: R2 | C13: =PURR3*RECYR2/MAX(0.01,RECYR3) -> 1.4699052
B14: R3 | C14: 1
B15: P | C15: =MIN(RECYP,PURR3*RECYP/MAX(0.01,RECYR3)) -> 0.31382007 | D15: R1 | E15: =MAX(0.01,F24+Flash!D37) -> 44.711838 | G15: R1 | H15: =(1-CONV)*(FEEDR1+RECYR1-PURR1) -> 44.770013
D16: R2 | E16: =MAX(0.01,Flash!D38) -> 9.1085701 | G16: R2 | H16: =FEEDR2+RECYR2-PURR2-EXITP -> 26.11193
B17: INERTS = | C17: =RECYR3/(RECYR3+RECYR2+RECYR1+RECYP) -> 0.10000854 | D17: R3 | E17: =MAX(0.01,F25+Flash!D39) -> 6.1967059 | G17: R3 | H17: =FEEDR3+RECYR3-PURR3 -> 6.1967059
D18: P | E18: =MAX(0.01,Flash!D40) -> 1.9446508 | G18: P | H18: =2*CONV*(FEEDR1+RECYR1-PURR1) -> 183.45281
B19: GOAL = | C19: 0.1
B21: KNOB = | C21: 4 | G21: FLASH
E24: R1 | F24: =H24-H33 -> 5.7590201 | G24: R1 | H24: =Flash!E37 -> 5.8171921
E25: R3 | F25: =H26 -> 0.97479634 | G25: R2 | H25: =Flash!E38 -> 17.00336
G26: R3 | H26: =Flash!E39 -> 0.97479631
G27: P | H27: =Flash!E40 -> 181.50816
I29: R2 | J29: =H25-H34 -> 16.663292
G30: SEPARATOR
G33: R1 | H33: =0.01*H24 -> 0.058171921
G34: R2 | H34: =0.02*H25 -> 0.34006719
G35: P | H35: =H27 -> 181.50816

Sheet Flash
B2: z | C2: k | E2: SOLUTION OF FLASH EQUATION
A3: R1 = | B3: =EXITR1/SUM(Flowsheet!H15:H18) -> 0.1718411 | C3: 25 | E3: by LINEAR INVERSE INTERPOLATION
A4: R2 = | B4: =EXITR2/SUM(Flowsheet!H15:H18) -> 0.10022563 | C4: 2
A5: R3 = | B5: =EXITR3/SUM(Flowsheet!H15:H18) -> 0.023784866 | C5: 20
A6: P = | B6: =EXITP/SUM(Flowsheet!H15:H18) -> 0.70414841 | C6: 0.04
A7: TOTZ | B7: =SUM(B3:B6) -> 1
D8: Vlow | E8: f(Vlow) | F8: Vhi | G8: f(Vhi) | H8: Vmid | I8: f(Vmid)
D9: 0 | E9: =_ZR1*(1-_KR1)/(1+D9*(_KR1-1))+_ZR2*(1-_KR2)/(1+D9*(_KR2-1))+_ZR3*(1-_KR3)/(1+D9*(_KR3-1))+ZP*(1-KP)/(1+D9*(KP-1)) -> -4.000342 | F9: 1 | G9: =_ZR1*(1-_KR1)/(1+F9*(_KR1-1))+_ZR2*(1-_KR2)/(1+F9*(_KR2-1))+_ZR3*(1-_KR3)/(1+F9*(_KR3-1))+ZP*(1-KP)/(1+F9*(KP-1)) -> 16.661886 | H9: =(D9*G9-F9*E9)/(G9-E9) -> 0.19360652 | I9: =_ZR1*(1-_KR1)/(1+H9*(_KR1-1))+_ZR2*(1-_KR2)/(1+H9*(_KR2-1))+_ZR3*(1-_KR3)/(1+H9*(_KR3-1))+ZP*(1-KP)/(1+H9*(KP-1)) -> -0.08064655
D10: =IF(E9*I9>0,H9,D9) -> 0.19360652 | E10: =_ZR1*(1-_KR1)/(1+D10*(_KR1-1))+_ZR2*(1-_KR2)/(1+D10*(_KR2-1))+_ZR3*(1-_KR3)/(1+D10*(_KR3-1))+ZP*(1-KP)/(1+D10*(KP-1)) -> -0.08064655 | F10: =IF(E9*I9>0,F9,H9) -> 1 | G10: =_ZR1*(1-_KR1)/(1+F10*(_KR1-1))+_ZR2*(1-_KR2)/(1+F10*(_KR2-1))+_ZR3*(1-_KR3)/(1+F10*(_KR3-1))+ZP*(1-KP)/(1+F10*(KP-1)) -> 16.661886 | H10: =(D10*G10-F10*E10)/(G10-E10) -> 0.19749081 | I10: =_ZR1*(1-_KR1)/(1+H10*(_KR1-1))+_ZR2*(1-_KR2)/(1+H10*(_KR2-1))+_ZR3*(1-_KR3)/(1+H10*(_KR3-1))+ZP*(1-KP)/(1+H10*(KP-1)) -> -0.063191004
D11: =IF(E10*I10>0,H10,D10) -> 0.19749081 | E11: =_ZR1*(1-_KR1)/(1+D11*(_KR1-1))+_ZR2*(1-_KR2)/(1+D11*(_KR2-1))+_ZR3*(1-_KR3)/(1+D11*(_KR3-1))+ZP*(1-KP)/(1+D11*(KP-1)) -> -0.063191004 | F11: =IF(E10*I10>0,F10,H10) -> 1 | G11: =_ZR1*(1-_KR1)/(1+F11*(_KR1-1))+_ZR2*(1-_KR2)/(1+F11*(_KR2-1))+_ZR3*(1-_KR3)/(1+F11*(_KR3-1))+ZP*(1-KP)/(1+F11*(KP-1)) -> 16.661886 | H11: =(D11*G11-F11*E11)/(G11-E11) -> 0.20052286 | I11: =_ZR1*(1-_KR1)/(1+H11*(_KR1-1))+_ZR2*(1-_KR2)/(1+H11*(_KR2-1))+_ZR3*(1-_KR3)/(1+H11*(_KR3-1))+ZP*(1-KP)/(1+H11*(KP-1)) -> -0.049838436
D12: =IF(E11*I11>0,H11,D11) -> 0.20052286 | E12: =_ZR1*(1-_KR1)/(1+D12*(_KR1-1))+_ZR2*(1-_KR2)/(1+D12*(_KR2-1))+_ZR3*(1-_KR3)/(1+D12*(_KR3-1))+ZP*(1-KP)/(1+D12*(KP-1)) -> -0.049838436 | F12: =IF(E11*I11>0,F11,H11) -> 1 | G12: =_ZR1*(1-_KR1)/(1+F12*(_KR1-1))+_ZR2*(1-_KR2)/(1+F12*(_KR2-1))+_ZR3*(1-_KR3)/(1+F12*(_KR3-1))+ZP*(1-KP)/(1+F12*(KP-1)) -> 16.661886 | H12: =(D12*G12-F12*E12)/(G12-E12) -> 0.2029071 | I12: =_ZR1*(1-_KR1)/(1+H12*(_KR1-1))+_ZR2*(1-_KR2)/(1+H12*(_KR2-1))+_ZR3*(1-_KR3)/(1+H12*(_KR3-1))+ZP*(1-KP)/(1+H12*(KP-1)) -> -0.03949985
D13: =IF(E12*I12>0,H12,D12) -> 0.2029071 | E13: =_ZR1*(1-_KR1)/(1+D13*(_KR1-1))+_ZR2*(1-_KR2)/(1+D13*(_KR2-1))+_ZR3*(1-_KR3)/(1+D13*(_KR3-1))+ZP*(1-KP)/(1+D13*(KP-1)) -> -0.03949985 | F13: =IF(E12*I12>0,F12,H12) -> 1 | G13: =_ZR1*(1-_KR1)/(1+F13*(_KR1-1))+_ZR2*(1-_KR2)/(1+F13*(_KR2-1))+_ZR3*(1-_KR3)/(1+F13*(_KR3-1))+ZP*(1-KP)/(1+F13*(KP-1)) -> 16.661886 | H13: =(D13*G13-F13*E13)/(G13-E13) -> 0.20479227 | I13: =_ZR1*(1-_KR1)/(1+H13*(_KR1-1))+_ZR2*(1-_KR2)/(1+H13*(_KR2-1))+_ZR3*(1-_KR3)/(1+H13*(_KR3-1))+ZP*(1-KP)/(1+H13*(KP-1)) -> -0.031422401
D14: =IF(E13*I13>0,H13,D13) -> 0.20479227 | E14: =_ZR1*(1-_KR1)/(1+D14*(_KR1-1))+_ZR2*(1-_KR2)/(1+D14*(_KR2-1))+_ZR3*(1-_KR3)/(1+D14*(_KR3-1))+ZP*(1-KP)/(1+D14*(KP-1)) -> -0.031422401 | F14: =IF(E13*I13>0,F13,H13) -> 1 | G14: =_ZR1*(1-_KR1)/(1+F14*(_KR1-1))+_ZR2*(1-_KR2)/(1+F14*(_KR2-1))+_ZR3*(1-_KR3)/(1+F14*(_KR3-1))+ZP*(1-KP)/(1+F14*(KP-1)) -> 16.661886 | H14: =(D14*G14-F14*E14)/(G14-E14) -> 0.20628912 | I14: =_ZR1*(1-_KR1)/(1+H14*(_KR1-1))+_ZR2*(1-_KR2)/(1+H14*(_KR2-1))+_ZR3*(1-_KR3)/(1+H14*(_KR3-1))+ZP*(1-KP)/(1+H14*(KP-1)) -> -0.025068315
D15: =IF(E14*I14>0,H14,D14) -> 0.20628912 | E15: =_ZR1*(1-_KR1)/(1+D15*(_KR1-1))+_ZR2*(1-_KR2)/(1+D15*(_KR2-1))+_ZR3*(1-_KR3)/(1+D15*(_KR3-1))+ZP*(1-KP)/(1+D15*(KP-1)) -> -0.025068315 | F15: =IF(E14*I14>0,F14,H14) -> 1 | G15: =_ZR1*(1-_KR1)/(1+F15*(_KR1-1))+_ZR2*(1-_KR2)/(1+F15*(_KR2-1))+_ZR3*(1-_KR3)/(1+F15*(_KR3-1))+ZP*(1-KP)/(1+F15*(KP-1)) -> 16.661886 | H15: =(D15*G15-F15*E15)/(G15-E15) -> 0.20748149 | I15: =_ZR1*(1-_KR1)/(1+H15*(_KR1-1))+_ZR2*(1-_KR2)/(1+H15*(_KR2-1))+_ZR3*(1-_KR3)/(1+H15*(_KR3-1))+ZP*(1-KP)/(1+H15*(KP-1)) -> -0.020043637
D16: =IF(E15*I15>0,H15,D15) -> 0.20748149 | E16: =_ZR1*(1-_KR1)/(1+D16*(_KR1-1))+_ZR2*(1-_KR2)/(1+D16*(_KR2-1))+_ZR3*(1-_KR3)/(1+D16*(_KR3-1))+ZP*(1-KP)/(1+D16*(KP-1)) -> -0.020043637 | F16: =IF(E15*I15>0,F15,H15) -> 1 | G16: =_ZR1*(1-_KR1)/(1+F16*(_KR1-1))+_ZR2*(1-_KR2)/(1+F16*(_KR2-1))+_ZR3*(1-_KR3)/(1+F16*(_KR3-1))+ZP*(1-KP)/(1+F16*(KP-1)) -> 16.661886 | H16: =(D16*G16-F16*E16)/(G16-E16) -> 0.20843372 | I16: =_ZR1*(1-_KR1)/(1+H16*(_KR1-1))+_ZR2*(1-_KR2)/(1+H16*(_KR2-1))+_ZR3*(1-_KR3)/(1+H16*(_KR3-1))+ZP*(1-KP)/(1+H16*(KP-1)) -> -0.016054045
D17: =IF(E16*I16>0,H16,D16) -> 0.20843372 | E17: =_ZR1*(1-_KR1)/(1+D17*(_KR1-1))+_ZR2*(1-_KR2)/(1+D17*(_KR2-1))+_ZR3*(1-_KR3)/(1+D17*(_KR3-1))+ZP*(1-KP)/(1+D17*(KP-1)) -> -0.016054045 | F17: =IF(E16*I16>0,F16,H16) -> 1 | G17: =_ZR1*(1-_KR1)/(1+F17*(_KR1-1))+_ZR2*(1-_KR2)/(1+F17*(_KR2-1))+_ZR3*(1-_KR3)/(1+F17*(_KR3-1))+ZP*(1-KP)/(1+F17*(KP-1)) -> 16.661886 | H17: =(D17*G17-F17*E17)/(G17-E17) -> 0.20919567 | I17: =_ZR1*(1-_KR1)/(1+H17*(_KR1-1))+_ZR2*(1-_KR2)/(1+H17*(_KR2-1))+_ZR3*(1-_KR3)/(1+H17*(_KR3-1))+ZP*(1-KP)/(1+H17*(KP-1)) -> -0.012876229
D18: =IF(E17*I17>0,H17,D17) -> 0.20919567 | E18: =_ZR1*(1-_KR1)/(1+D18*(_KR1-1))+_ZR2*(1-_KR2)/(1+D18*(_KR2-1))+_ZR3*(1-_KR3)/(1+D18*(_KR3-1))+ZP*(1-KP)/(1+D18*(KP-1)) -> -0.012876229 | F18: =IF(E17*I17>0,F17,H17) -> 1 | G18: =_ZR1*(1-_KR1)/(1+F18*(_KR1-1))+_ZR2*(1-_KR2)/(1+F18*(_KR2-1))+_ZR3*(1-_KR3)/(1+F18*(_KR3-1))+ZP*(1-KP)/(1+F18*(KP-1)) -> 16.661886 | H18: =(D18*G18-F18*E18)/(G18-E18) -> 0.20980633 | I18: =_ZR1*(1-_KR1)/(1+H18*(_KR1-1))+_ZR2*(1-_KR2)/(1+H18*(_KR2-1))+_ZR3*(1-_KR3)/(1+H18*(_KR3-1))+ZP*(1-KP)/(1+H18*(KP-1)) -> -0.010338678
D19: =IF(E18*I18>0,H18,D18) -> 0.20980633 | E19: =_ZR1*(1-_KR1)/(1+D19*(_KR1-1))+_ZR2*(1-_KR2)/(1+D19*(_KR2-1))+_ZR3*(1-_KR3)/(1+D19*(_KR3-1))+ZP*(1-KP)/(1+D19*(KP-1)) -> -0.010338678 | F19: =IF(E18*I18>0,F18,H18) -> 1 | G19: =_ZR1*(1-_KR1)/(1+F19*(_KR1-1))+_ZR2*(1-_KR2)/(1+F19*(_KR2-1))+_ZR3*(1-_KR3)/(1+F19*(_KR3-1))+ZP*(1-KP)/(1+F19*(KP-1)) -> 16.661886 | H19: =(D19*G19-F19*E19)/(G19-E19) -> 0.21029634 | I19: =_ZR1*(1-_KR1)/(1+H19*(_KR1-1))+_ZR2*(1-_KR2)/(1+H19*(_KR2-1))+_ZR3*(1-_KR3)/(1+H19*(_KR3-1))+ZP*(1-KP)/(1+H19*(KP-1)) -> -0.0083083842
D20: =IF(E19*I19>0,H19,D19) -> 0.21029634 | E20: =_ZR1*(1-_KR1)/(1+D20*(_KR1-1))+_ZR2*(1-_KR2)/(1+D20*(_KR2-1))+_ZR3*(1-_KR3)/(1+D20*(_KR3-1))+ZP*(1-KP)/(1+D20*(KP-1)) -> -0.0083083842 | F20: =IF(E19*I19>0,F19,H19) -> 1 | G20: =_ZR1*(1-_KR1)/(1+F20*(_KR1-1))+_ZR2*(1-_KR2)/(1+F20*(_KR2-1))+_ZR3*(1-_KR3)/(1+F20*(_KR3-1))+ZP*(1-KP)/(1+F20*(KP-1)) -> 16.661886 | H20: =(D20*G20-F20*E20)/(G20-E20) -> 0.21068992 | I20: =_ZR1*(1-_KR1)/(1+H20*(_KR1-1))+_ZR2*(1-_KR2)/(1+H20*(_KR2-1))+_ZR3*(1-_KR3)/(1+H20*(_KR3-1))+ZP*(1-KP)/(1+H20*(KP-1)) -> -0.0066813958
D21: =IF(E20*I20>0,H20,D20) -> 0.21068992 | E21: =_ZR1*(1-_KR1)/(1+D21*(_KR1-1))+_ZR2*(1-_KR2)/(1+D21*(_KR2-1))+_ZR3*(1-_KR3)/(1+D21*(_KR3-1))+ZP*(1-KP)/(1+D21*(KP-1)) -> -0.0066813958 | F21: =IF(E20*I20>0,F20,H20) -> 1 | G21: =_ZR1*(1-_KR1)/(1+F21*(_KR1-1))+_ZR2*(1-_KR2)/(1+F21*(_KR2-1))+_ZR3*(1-_KR3)/(1+F21*(_KR3-1))+ZP*(1-KP)/(1+F21*(KP-1)) -> 16.661886 | H21: =(D21*G21-F21*E21)/(G21-E21) -> 0.21100631 | I21: =_ZR1*(1-_KR1)/(1+H21*(_KR1-1))+_ZR2*(1-_KR2)/(1+H21*(_KR2-1))+_ZR3*(1-_KR3)/(1+H21*(_KR3-1))+ZP*(1-KP)/(1+H21*(KP-1)) -> -0.005375969
D22: =IF(E21*I21>0,H21,D21) -> 0.21100631 | E22: =_ZR1*(1-_KR1)/(1+D22*(_KR1-1))+_ZR2*(1-_KR2)/(1+D22*(_KR2-1))+_ZR3*(1-_KR3)/(1+D22*(_KR3-1))+ZP*(1-KP)/(1+D22*(KP-1)) -> -0.005375969 | F22: =IF(E21*I21>0,F21,H21) -> 1 | G22: =_ZR1*(1-_KR1)/(1+F22*(_KR1-1))+_ZR2*(1-_KR2)/(1+F22*(_KR2-1))+_ZR3*(1-_KR3)/(1+F22*(_KR3-1))+ZP*(1-KP)/(1+F22*(KP-1)) -> 16.661886 | H22: =(D22*G22-F22*E22)/(G22-E22) -> 0.2112608 | I22: =_ZR1*(1-_KR1)/(1+H22*(_KR1-1))+_ZR2*(1-_KR2)/(1+H22*(_KR2-1))+_ZR3*(1-_KR3)/(1+H22*(_KR3-1))+ZP*(1-KP)/(1+H22*(KP-1)) -> -0.0043275046
B23: V | C23: L
A24: R1 | B24: =VAPR1 -> 38.952818 | C24: =LIQR1 -> 5.8171921
A25: R2 | B25: =VAPR2 -> 9.1085701 | C25: =LIQR2 -> 17.00336
A26: R3 | B26: =VAPR3 -> 5.2219096 | C26: =LIQR3 -> 0.97479632
A27: P | B27: =VAPP -> 1.9446507 | C27: =LIQP -> 181.50816
G29: PER FLOWSHEET
B30: y | C30: x | D30: V | E30: L | F30: Z | G30: RECY | H30: P
A31: R1 | B31: =_KR1*_ZR1/(1+$H$22*(_KR1-1)) -> 0.7077173 | C31: =_ZR1/(1+$H$22*(_KR1-1)) -> 0.028308692 | D31: =_YR1*TOTV -> 38.952819 | E31: =_XR1*TOTL -> 5.8171921 | F31: =VAPR1+LIQR1 -> 44.770011 | G31: =Flowsheet!E15 -> 44.711837 | H31: 0
A32: R2 | B32: =_KR2*_ZR2/(1+$H$22*(_KR2-1)) -> 0.16548976 | C32: =_ZR2/(1+$H$22*(_KR2-1)) -> 0.082744882 | D32: =_YR2*TOTV -> 9.1085702 | E32: =_XR2*TOTL -> 17.003359 | F32: =VAPR2+LIQR2 -> 26.11193 | G32: =Flowsheet!E16 -> 9.10857 | H32: =Flowsheet!H25 -> 17.00336
A33: R3 | B33: =_KR3*_ZR3/(1+$H$22*(_KR3-1)) -> 0.094874668 | C33: =_ZR3/(1+$H$22*(_KR3-1)) -> 0.0047437334 | D33: =_YR3*TOTV -> 5.2219095 | E33: =_XR3*TOTL -> 0.9747963 | F33: =VAPR3+LIQR3 -> 6.1967058 | G33: =Flowsheet!E17 -> 6.196706 | H33: 0
A34: P | B34: =KP*ZP/(1+$H$22*(KP-1)) -> 0.035331538 | C34: =ZP/(1+$H$22*(KP-1)) -> 0.88328846 | D34: =YP*TOTV -> 1.9446508 | E34: =XP*TOTL -> 181.50816 | F34: =VAPP+LIQP -> 183.45281 | G34: 0 | H34: =Flowsheet!H27 -> 181.50816
A35: TOT | B35: =SUM(_YR1:(YP)) -> 1.0034133 | C35: =SUM(_XR1:(XP)) -> 0.99908577 | D35: =H22*TOTFED -> 55.040084 | E35: =TOTFED-TOTV -> 205.49137 | F35: =SUM(Flowsheet!H15:H18) -> 260.53146 | G35: =SUM(G31:G34) -> 60.017113 | H35: =SUM(H31:H34) -> 198.51152
D36: AVERAGE
A37: R1 | D37: =(VAPR1+B24)/2 -> 38.952818 | E37: =(LIQR1+C24)/2 -> 5.8171921
A38: R2 | D38: =(VAPR2+B25)/2 -> 9.1085701 | E38: =(LIQR2+C25)/2 -> 17.00336 | G38: =TOTFED -> 260.53146
A39: R3 | D39: =(VAPR3+B26)/2 -> 5.2219095 | E39: =(LIQR3+C26)/2 -> 0.97479631
A40: P | D40: =(VAPP+B27)/2 -> 1.9446508 | E40: =(LIQP+C27)/2 -> 181.50816

Sheet Interp
B1: TEMP | C1: Keq | F1: INTERPOLATION
B2: (oC) | C2: (Atm-1)
A3: 1 | B3: 100 | C3: 250 | D3: 1 | F3: TableTemp = | G3: =IF(TEMP<100,100,IF(TEMP>499,499,TEMP)) -> 170 | H3: (Constrained to bounds of table)
A4: 2 | B4: 150 | C4: 92 | D4: 2
A5: 3 | B5: 200 | C5: 55 | D5: 3 | F5: Low Index = | G5: =VLOOKUP(TTEMP,TABLE2,3) -> 2
A6: 4 | B6: 250 | C6: 34 | D6: 4 | F6: High Index = | G6: =G5+1 -> 3
A7: 5 | B7: 300 | C7: 28 | D7: 5
A8: 6 | B8: 350 | C8: 17 | D8: 6 | F8: Low Temp = | G8: =VLOOKUP(LOWINDEX,TABLE1,2) -> 150
A9: 7 | B9: 400 | C9: 13 | D9: 7 | F9: High Temp = | G9: =VLOOKUP(HIGHINDEX,TABLE1,2) -> 200
A10: 8 | B10: 450 | C10: 10 | D10: 8
A11: 9 | B11: 500 | C11: 8 | D11: 9 | F11: Low Keq = | G11: =VLOOKUP(LOWTEMP,TABLE2,2) -> 92
F12: High Keq = | G12: =VLOOKUP(HIGHTEMP,TABLE2,2) -> 55
F14: Interpolated Keq = | G14: =(HIGHK-LOWK)*(TTEMP-LOWTEMP)/(HIGHTEMP-LOWTEMP)+LOWK -> 77.2 | H14: (Linear Interpolation)
F15: Interpolated Keq = | G15: =EXP((LN(HIGHK)-LN(LOWK))*(LN(TTEMP)-LN(LOWTEMP))/(LN(HIGHTEMP)-LN(LOWTEMP))+LN(LOWK)) -> 73.549757 | H15: (Logarithmic Interpolation)
K24: TEMP(oC) | L24: Keq(Atm-1) | M24: LnT | N24: LnK | O24: Predicted LnK | P24: EXP (CALC)
K25: 100 | L25: 250 | M25: =LN(K25) -> 4.6051702 | N25: =LN(L25) -> 5.5214609 | O25: 5.4711611 | P25: =EXP(O25) -> 237.73607
K26: 150 | L26: 92 | M26: =LN(K26) -> 5.0106353 | N26: =LN(L26) -> 4.5217886 | O26: 4.6227791 | P26: =EXP(O26) -> 101.77649
K27: 200 | L27: 55 | M27: =LN(K27) -> 5.2983174 | N27: =LN(L27) -> 4.0073332 | O27: 4.0208426 | P27: =EXP(O27) -> 55.748058
K28: 250 | L28: 34 | M28: =LN(K28) -> 5.5214609 | N28: =LN(L28) -> 3.5263605 | O28: 3.5539443 | P28: =EXP(O28) -> 34.950903
K29: 300 | L29: 28 | M29: =LN(K29) -> 5.7037825 | N29: =LN(L29) -> 3.3322045 | O29: 3.1724606 | P29: =EXP(O29) -> 23.866138
K30: 350 | L30: 17 | M30: =LN(K30) -> 5.8579332 | N30: =LN(L30) -> 2.8332133 | O30: 2.8499208 | P30: =EXP(O30) -> 17.286412
K31: 400 | L31: 13 | M31: =LN(K31) -> 5.9914645 | N31: =LN(L31) -> 2.5649494 | O31: 2.5705241 | P31: =EXP(O31) -> 13.072673
K32: 450 | L32: 10 | M32: =LN(K32) -> 6.1092476 | N32: =LN(L32) -> 2.3025851 | O32: 2.3240787 | P32: =EXP(O32) -> 10.217262
K33: 500 | L33: 8 | M33: =LN(K33) -> 6.2146081 | N33: =LN(L33) -> 2.0794415 | O33: 2.1036258 | P33: =EXP(O33) -> 8.1958324
K35: Intercept | L35: 15.252214
K36: X Variable 1 | L36: -2.1189622

Sheet Regress
A1: SUMMARY OUTPUT
A3: Regression Statistics
A4: Multiple R | B4: 0.99799351
A5: R Square | B5: 0.99599105
A6: Adjusted R Square | B6: 0.99541834
A7: Standard Error | B7: 0.076108673
A8: Observations | B8: 9
A10: ANOVA
B11: df | C11: SS | D11: MS | E11: F | F11: Significance F
A12: Regression | B12: 1 | C12: 10.073739 | D12: 10.073739 | E12: 1739.0914 | F12: 1.1891018e-09
A13: Residual | B13: 7 | C13: 0.040547711 | D13: 0.0057925301
A14: Total | B14: 8 | C14: 10.114287
B16: Coefficients | C16: Standard Error | D16: t Stat | E16: P-value | F16: Lower 95% | G16: Upper 95% | H16: Lower 95.0% | I16: Upper 95.0%
A17: Intercept | B17: 15.106869 | C17: 0.28163096 | D17: 53.640654 | E17: 2.0513209e-10 | F17: 14.440918 | G17: 15.77282 | H17: 14.440918 | I17: 15.77282
A18: LnT | B18: -2.0923673 | C18: 0.05017377 | D18: -41.702414 | E18: 1.1891018e-09 | F18: -2.2110094 | G18: -1.9737253 | H18: -2.2110094 | I18: -1.9737253
A22: RESIDUAL OUTPUT
A24: Observation | B24: Predicted LnK | C24: Residuals
A25: 1 | B25: 5.4711611 | C25: 0.050299821
A26: 2 | B26: 4.6227791 | C26: -0.10099057
A27: 3 | B27: 4.0208426 | C27: -0.013509392
A28: 4 | B28: 3.5539443 | C28: -0.027583775
A29: 5 | B29: 3.1724606 | C29: 0.15974388
A30: 6 | B30: 2.8499208 | C30: -0.016707438
A31: 7 | B31: 2.5705241 | C31: -0.0055747001
A32: 8 | B32: 2.3240787 | C32: -0.021493588
A33: 9 | B33: 2.1036258 | C33: -0.024184238

Sheet Eqn. Solve
E2: R1 FED | F2: =IF(OR(ISERROR(RECYR1),ISERROR(PURR1)),100,FEEDR1+RECYR1-PURR1) -> 136.49642 | H2: SOLUTION OF EQUILIBRIUM EQUATION
E3: R2 FED | F3: =IF(OR(ISERROR(RECYR2),ISERROR(PURR2)),200,FEEDR2+RECYR2-PURR2) -> 209.56474 | H3: BY THE BISECTION METHOD
E4: R3 FED | F4: =IF(OR(ISERROR(RECYR3),ISERROR(PURR3)),2,FEEDR3+RECYR3-PURR3) -> 6.196706
E5: P FED | F5: =RECYP-PURP -> 1.6308307 | H5: X = MOLS R1 REACTED
E7: K | F7: =[0]!LOGINTERP -> 73.549757
F8: (from INTERP! | G8: xlow | H8: f(xlow) | I8: xhi | J8: f(xhi) | K8: xmid | L8: f(xmid)
F9: Log Interpolation) | G9: 0 | H9: =(2*G9+INLETP)^2/(INLETR1-G9)/(INLETR2-2*G9)^2*(INLETR1+INLETR2+INLETR3+INLETP-G9)-$F$7*PRES -> -294.19887 | I9: =MIN(0.9999*INLETR1,0.9999*INLETR2/2) -> 104.77189 | J9: =(2*I9+INLETP)^2/(INLETR1-I9)/(INLETR2-2*I9)^2*(INLETR1+INLETR2+INLETR3+INLETP-I9)-$F$7*PRES -> 7.9736052e+08 | K9: =(I9+G9)/2 -> 52.385946 | L9: =(2*K9+INLETP)^2/(INLETR1-K9)/(INLETR2-2*K9)^2*(INLETR1+INLETR2+INLETR3+INLETP-K9)-$F$7*PRES -> -290.50344
G10: =IF(H9*L9>0,K9,G9) -> 52.385946 | H10: =(2*G10+INLETP)^2/(INLETR1-G10)/(INLETR2-2*G10)^2*(INLETR1+INLETR2+INLETR3+INLETP-G10)-$F$7*PRES -> -290.50344 | I10: =IF(H9*L9>0,I9,K9) -> 104.77189 | J10: =(2*I10+INLETP)^2/(INLETR1-I10)/(INLETR2-2*I10)^2*(INLETR1+INLETR2+INLETR3+INLETP-I10)-$F$7*PRES -> 7.9736052e+08 | K10: =(I10+G10)/2 -> 78.578919 | L10: =(2*K10+INLETP)^2/(INLETR1-K10)/(INLETR2-2*K10)^2*(INLETR1+INLETR2+INLETR3+INLETP-K10)-$F$7*PRES -> -250.56012
G11: =IF(H10*L10>0,K10,G10) -> 78.578919 | H11: =(2*G11+INLETP)^2/(INLETR1-G11)/(INLETR2-2*G11)^2*(INLETR1+INLETR2+INLETR3+INLETP-G11)-$F$7*PRES -> -250.56012 | I11: =IF(H10*L10>0,I10,K10) -> 104.77189 | J11: =(2*I11+INLETP)^2/(INLETR1-I11)/(INLETR2-2*I11)^2*(INLETR1+INLETR2+INLETR3+INLETP-I11)-$F$7*PRES -> 7.9736052e+08 | K11: =(I11+G11)/2 -> 91.675406 | L11: =(2*K11+INLETP)^2/(INLETR1-K11)/(INLETR2-2*K11)^2*(INLETR1+INLETR2+INLETR3+INLETP-K11)-$F$7*PRES -> -2.881877
G12: =IF(H11*L11>0,K11,G11) -> 91.675406 | H12: =(2*G12+INLETP)^2/(INLETR1-G12)/(INLETR2-2*G12)^2*(INLETR1+INLETR2+INLETR3+INLETP-G12)-$F$7*PRES -> -2.881877 | I12: =IF(H11*L11>0,I11,K11) -> 104.77189 | J12: =(2*I12+INLETP)^2/(INLETR1-I12)/(INLETR2-2*I12)^2*(INLETR1+INLETR2+INLETR3+INLETP-I12)-$F$7*PRES -> 7.9736052e+08 | K12: =(I12+G12)/2 -> 98.223649 | L12: =(2*K12+INLETP)^2/(INLETR1-K12)/(INLETR2-2*K12)^2*(INLETR1+INLETR2+INLETR3+INLETP-K12)-$F$7*PRES -> 1228.9983
G13: =IF(H12*L12>0,K12,G12) -> 91.675406 | H13: =(2*G13+INLETP)^2/(INLETR1-G13)/(INLETR2-2*G13)^2*(INLETR1+INLETR2+INLETR3+INLETP-G13)-$F$7*PRES -> -2.881877 | I13: =IF(H12*L12>0,I12,K12) -> 98.223649 | J13: =(2*I13+INLETP)^2/(INLETR1-I13)/(INLETR2-2*I13)^2*(INLETR1+INLETR2+INLETR3+INLETP-I13)-$F$7*PRES -> 1228.9983 | K13: =(I13+G13)/2 -> 94.949528 | L13: =(2*K13+INLETP)^2/(INLETR1-K13)/(INLETR2-2*K13)^2*(INLETR1+INLETR2+INLETR3+INLETP-K13)-$F$7*PRES -> 296.97333
G14: =IF(H13*L13>0,K13,G13) -> 91.675406 | H14: =(2*G14+INLETP)^2/(INLETR1-G14)/(INLETR2-2*G14)^2*(INLETR1+INLETR2+INLETR3+INLETP-G14)-$F$7*PRES -> -2.881877 | I14: =IF(H13*L13>0,I13,K13) -> 94.949528 | J14: =(2*I14+INLETP)^2/(INLETR1-I14)/(INLETR2-2*I14)^2*(INLETR1+INLETR2+INLETR3+INLETP-I14)-$F$7*PRES -> 296.97333 | K14: =(I14+G14)/2 -> 93.312467 | L14: =(2*K14+INLETP)^2/(INLETR1-K14)/(INLETR2-2*K14)^2*(INLETR1+INLETR2+INLETR3+INLETP-K14)-$F$7*PRES -> 112.17827
G15: =IF(H14*L14>0,K14,G14) -> 91.675406 | H15: =(2*G15+INLETP)^2/(INLETR1-G15)/(INLETR2-2*G15)^2*(INLETR1+INLETR2+INLETR3+INLETP-G15)-$F$7*PRES -> -2.881877 | I15: =IF(H14*L14>0,I14,K14) -> 93.312467 | J15: =(2*I15+INLETP)^2/(INLETR1-I15)/(INLETR2-2*I15)^2*(INLETR1+INLETR2+INLETR3+INLETP-I15)-$F$7*PRES -> 112.17827 | K15: =(I15+G15)/2 -> 92.493936 | L15: =(2*K15+INLETP)^2/(INLETR1-K15)/(INLETR2-2*K15)^2*(INLETR1+INLETR2+INLETR3+INLETP-K15)-$F$7*PRES -> 48.313884
G16: =IF(H15*L15>0,K15,G15) -> 91.675406 | H16: =(2*G16+INLETP)^2/(INLETR1-G16)/(INLETR2-2*G16)^2*(INLETR1+INLETR2+INLETR3+INLETP-G16)-$F$7*PRES -> -2.881877 | I16: =IF(H15*L15>0,I15,K15) -> 92.493936 | J16: =(2*I16+INLETP)^2/(INLETR1-I16)/(INLETR2-2*I16)^2*(INLETR1+INLETR2+INLETR3+INLETP-I16)-$F$7*PRES -> 48.313884 | K16: =(I16+G16)/2 -> 92.084671 | L16: =(2*K16+INLETP)^2/(INLETR1-K16)/(INLETR2-2*K16)^2*(INLETR1+INLETR2+INLETR3+INLETP-K16)-$F$7*PRES -> 21.345469
G17: =IF(H16*L16>0,K16,G16) -> 91.675406 | H17: =(2*G17+INLETP)^2/(INLETR1-G17)/(INLETR2-2*G17)^2*(INLETR1+INLETR2+INLETR3+INLETP-G17)-$F$7*PRES -> -2.881877 | I17: =IF(H16*L16>0,I16,K16) -> 92.084671 | J17: =(2*I17+INLETP)^2/(INLETR1-I17)/(INLETR2-2*I17)^2*(INLETR1+INLETR2+INLETR3+INLETP-I17)-$F$7*PRES -> 21.345469 | K17: =(I17+G17)/2 -> 91.880039 | L17: =(2*K17+INLETP)^2/(INLETR1-K17)/(INLETR2-2*K17)^2*(INLETR1+INLETR2+INLETR3+INLETP-K17)-$F$7*PRES -> 8.9120128
G18: =IF(H17*L17>0,K17,G17) -> 91.675406 | H18: =(2*G18+INLETP)^2/(INLETR1-G18)/(INLETR2-2*G18)^2*(INLETR1+INLETR2+INLETR3+INLETP-G18)-$F$7*PRES -> -2.881877 | I18: =IF(H17*L17>0,I17,K17) -> 91.880039 | J18: =(2*I18+INLETP)^2/(INLETR1-I18)/(INLETR2-2*I18)^2*(INLETR1+INLETR2+INLETR3+INLETP-I18)-$F$7*PRES -> 8.9120128 | K18: =(I18+G18)/2 -> 91.777722 | L18: =(2*K18+INLETP)^2/(INLETR1-K18)/(INLETR2-2*K18)^2*(INLETR1+INLETR2+INLETR3+INLETP-K18)-$F$7*PRES -> 2.937776
G19: =IF(H18*L18>0,K18,G18) -> 91.675406 | H19: =(2*G19+INLETP)^2/(INLETR1-G19)/(INLETR2-2*G19)^2*(INLETR1+INLETR2+INLETR3+INLETP-G19)-$F$7*PRES -> -2.881877 | I19: =IF(H18*L18>0,I18,K18) -> 91.777722 | J19: =(2*I19+INLETP)^2/(INLETR1-I19)/(INLETR2-2*I19)^2*(INLETR1+INLETR2+INLETR3+INLETP-I19)-$F$7*PRES -> 2.937776 | K19: =(I19+G19)/2 -> 91.726564 | L19: =(2*K19+INLETP)^2/(INLETR1-K19)/(INLETR2-2*K19)^2*(INLETR1+INLETR2+INLETR3+INLETP-K19)-$F$7*PRES -> 0.0089465462
G20: =IF(H19*L19>0,K19,G19) -> 91.675406 | H20: =(2*G20+INLETP)^2/(INLETR1-G20)/(INLETR2-2*G20)^2*(INLETR1+INLETR2+INLETR3+INLETP-G20)-$F$7*PRES -> -2.881877 | I20: =IF(H19*L19>0,I19,K19) -> 91.726564 | J20: =(2*I20+INLETP)^2/(INLETR1-I20)/(INLETR2-2*I20)^2*(INLETR1+INLETR2+INLETR3+INLETP-I20)-$F$7*PRES -> 0.0089465462 | K20: =(I20+G20)/2 -> 91.700985 | L20: =(2*K20+INLETP)^2/(INLETR1-K20)/(INLETR2-2*K20)^2*(INLETR1+INLETR2+INLETR3+INLETP-K20)-$F$7*PRES -> -1.4411767
G21: =IF(H20*L20>0,K20,G20) -> 91.700985 | H21: =(2*G21+INLETP)^2/(INLETR1-G21)/(INLETR2-2*G21)^2*(INLETR1+INLETR2+INLETR3+INLETP-G21)-$F$7*PRES -> -1.4411767 | I21: =IF(H20*L20>0,I20,K20) -> 91.726564 | J21: =(2*I21+INLETP)^2/(INLETR1-I21)/(INLETR2-2*I21)^2*(INLETR1+INLETR2+INLETR3+INLETP-I21)-$F$7*PRES -> 0.0089465462 | K21: =(I21+G21)/2 -> 91.713775 | L21: =(2*K21+INLETP)^2/(INLETR1-K21)/(INLETR2-2*K21)^2*(INLETR1+INLETR2+INLETR3+INLETP-K21)-$F$7*PRES -> -0.7172978
... G33: =IF(H32*L32>0,K32,G32) -> 91.726402 | H33: =(2*G33+INLETP)^2/(INLETR1-G33)/(INLETR2-2*G33)^2*(INLETR1+INLETR2+INLETR3+INLETP-G33)-$F$7*PRES -> -0.00028821814 | I33: =IF(H32*L32>0,I32,K32) -> 91.726408 | J33: =(2*I33+INLETP)^2/(INLETR1-I33)/(INLETR2-2*I33)^2*(INLETR1+INLETR2+INLETR3+INLETP-I33)-$F$7*PRES -> 6.6958024e-05 | K33: =(I33+G33)/2 -> 91.726405 | L33: =(2*K33+INLETP)^2/(INLETR1-K33)/(INLETR2-2*K33)^2*(INLETR1+INLETR2+INLETR3+INLETP-K33)-$F$7*PRES -> -0.00011063013
L35: OLD CONV | M35: =NEWCONV -> 0.67200596
L36: R1 REACTED | M36: =IF(AND(H9*J9>0,J9*L9>0),0.9999*INLETR1,K33) -> 91.726405
L37: NEW CONV | M37: =MIN(0.9999,M36/INLETR1) -> 0.67200595
L38: ACC CONV | M38: =MAX(0.000001,MIN(0.9999,OLDCONV+SENS*(NEWCONV-OLDCONV))) -> 0.67200595

Sheet Index
A1: NAME OF CELL OR RANGE | B1: ADDRESS OF CELL OR RANGE | C1: FUNCTION OF CELL OR RANGE
A3: BASIS | B3: =Flowsheet!$H$1 | C3: Value of R1 feed rate on which flowsheet is based
A4: CONV | B4: =Flowsheet!$H$2 | C4: Conversion of R1 per pass through the Reactor
A5: CONVERGE | B5: =#REF!$A$1:$A$21 | C5: A macro which adjusts the inerts in the flowsheet to a desired value
A6: EXITP | B6: =Flowsheet!$H$18 | C6: Flow rate of the product "P" in the Reactor exit stream
A7: EXITR1 | B7: =Flowsheet!$H$15 | C7: Flow rate of unreacted R1 in the Reactor exit stream
A8: EXITR2 | B8: =Flowsheet!$H$16 | C8: Flow rate of unreacted R2 in the Reactor exit stream
A9: EXITR3 | B9: =Flowsheet!$H$17 | C9: Flow rate of R3 in the Reactor exit stream
A10: FEEDR1 | B10: =Flowsheet!$H$6 | C10: Flow rate of makeup R1 fed to the Reactor
A11: FEEDR2 | B11: =Flowsheet!$H$7 | C11: Flow rate of makeup R2 fed to the Reactor
A12: FEEDR3 | B12: =Flowsheet!$H$8 | C12: Flow rate of makeup R3 fed to the Reactor
A13: GOAL | B13: =Flowsheet!$C$19 | C13: Desired percent inerts (R3) in the flowsheet recycle
... A78: ZR3 | B78: =Flash!$B$5 | C78: Mol fraction of R3 in feed to Flash
