Workbook

Sheet Rate
A2: Preferred Qualifications
B3: Requisition #: | C3: M34933
B4: Job Title: | C4: DATABASE ADMINISTRATOR
B5: Department: | C5: VICE PROVOST FOR RESEARCH
A8: KEYS
B9: Experience | C9: Proficiency / Expertise | E9: Rating Scale
A10: Yes / No | B10: (Length of Time / # of Years) | C10: (Low / Med / High) | G10: Preferences
C11: X | E11: 100 | G11: Computer and/or network security systems, applications, procedures and techniques
C12: X | E12: 100 | G12: Data integrity methods and techniques
C13: X | E13: 100 | G13: Develop, program, configure, manage, and maintain complex RDBMS
C14: X | E14: 100 | G14: Provide technical guidance and leadership to professional personnel in area of expertise
C15: X | E15: 100 | G15: Knowledge of ecological and/or biodiversity informatics theory
B16: X | E16: 100 | G16: Working with diverse RDBMS including SQL Server, Postgres, Oracle, and Access
B17: X | E17: 100 | G17: Programming languages such as PERL, PHP, Java, XML, SQL, SGML, and Visual Basic
B18: X | E18: 100 | G18: UNIX and NT-based server management
B19: X | E19: 100 | G19: Database-to-web connectivity using ODBC and/or JDBC
B20: X | E20: 100 | G20: Managing and maintaining scientific data and working with scientists
C22: Total: | E22: =SUM(E11:E20) -> 1000
A25: Expertise: | G25: Experience:
A26: KEY | G26: KEY
A27: None - | B27: No knowledge/ability | G27: None - | H27: No experience
A28: Low - | B28: Basic familiarity with this function/skill | G28: Less than 1 - | H28: Less than 1 year experience
A29: Medium - | B29: Moderate ability; able to perform this function/skill with little or no training | G29: 1 to 3 - | H29: 1 to 3 years of experience
A30: High - | B30: Extensive knowledge of this function/skill; could train others | G30: 3 to 5 - | H30: 3 to 5 years of experience
G31: More than 5 - | H31: More than 5 years of experience

Sheet Ap1
A2: Preferred Qualifications
C3: Requisition #: | D3: =Rate!C3 -> M34933
C4: Job Title: | D4: =Rate!C4 -> DATABASE ADMINISTRATOR | K4: None | L4: None
C5: Department: | D5: =Rate!C5 -> VICE PROVOST FOR RESEARCH | K5: Low | L5: Less than 1
K6: Medium | L6: 1 to 3
B7: Select the answers below that best describe your qualifications. Your answers must be supported by education and experience listed on your resume/application. Key definitions can be found just above the questions. | K7: High | L7: 3 to 5
L8: More than 5
B9: Proficiency / Expertise:
B10: KEY
B11: None - | C11: No knowledge/ability
B12: Low - | C12: Basic familiarity with this function/skill
B13: Medium - | C13: Moderate ability; able to perform this function/skill with little or no training
B14: High - | C14: Extensive knowledge of this function/skill; could train others
B16: =Rate!G11 -> Computer and/or network security systems, applications, procedures and techniques | K16: 2 | L16: =IF(K16=2,Rate!E11*0.33,IF(K16=3,Rate!E11*0.66,IF(K16=4,Rate!E11*1,0))) -> 33
B17: =Rate!G12 -> Data integrity methods and techniques | K17: 3 | L17: =IF(K17=2,Rate!E12*0.33,IF(K17=3,Rate!E12*0.66,IF(K17=4,Rate!E12*1,0))) -> 66
B18: =Rate!G13 -> Develop, program, configure, manage, and maintain complex RDBMS | K18: 2 | L18: =IF(K18=2,Rate!E13*0.33,IF(K18=3,Rate!E13*0.66,IF(K18=4,Rate!E13*1,0))) -> 33
B19: =Rate!G16 -> Working with diverse RDBMS including SQL Server, Postgres, Oracle, and Access | K19: 4 | L19: =IF(K19=2,Rate!E14*0.33,IF(K19=3,Rate!E14*0.66,IF(K19=4,Rate!E14*1,0))) -> 100
B20: =Rate!G15 -> Knowledge of ecological and/or biodiversity informatics theory | K20: 4 | L20: =IF(K20=2,Rate!E15*0.33,IF(K20=3,Rate!E15*0.66,IF(K20=4,Rate!E15*1,0))) -> 100
B21: Experience:
B22: KEY
B23: None - | C23: No experience
B24: Less than 1 - | C24: Less than 1 year experience
B25: 1 to 3 - | C25: 1 to 3 years of experience
B26: 3 to 5 - | C26: 3 to 5 years of experience
B27: More than 5 - | C27: More than 5 years of experience
B29: =Rate!G16 -> Working with diverse RDBMS including SQL Server, Postgres, Oracle, and Access | K29: 2 | L29: =IF(K29=2,Rate!E16*0.25,IF(K29=3,Rate!E16*0.5,IF(K29=4,Rate!E16*0.75,IF(K29=5,Rate!E16*1,0)))) -> 25
B30: =Rate!G17 -> Programming languages such as PERL, PHP, Java, XML, SQL, SGML, and Visual Basic | K30: 3 | L30: =IF(K30=2,Rate!E17*0.25,IF(K30=3,Rate!E17*0.5,IF(K30=4,Rate!E17*0.75,IF(K30=5,Rate!E17*1,0)))) -> 50
B31: =Rate!G18 -> UNIX and NT-based server management | K31: 4 | L31: =IF(K31=2,Rate!E18*0.25,IF(K31=3,Rate!E18*0.5,IF(K31=4,Rate!E18*0.75,IF(K31=5,Rate!E18*1,0)))) -> 75
B32: =Rate!G19 -> Database-to-web connectivity using ODBC and/or JDBC | K32: 5 | L32: =IF(K32=2,Rate!E17*0.25,IF(K32=3,Rate!E17*0.5,IF(K32=4,Rate!E17*0.75,IF(K32=5,Rate!E17*1,0)))) -> 100
B33: =Rate!G20 -> Managing and maintaining scientific data and working with scientists | K33: 0 | L33: =IF(K33=2,Rate!E18*0.25,IF(K33=3,Rate!E18*0.5,IF(K33=4,Rate!E18*0.75,IF(K33=5,Rate!E18*1,0)))) -> 0

Sheet Ap2
A2: Preferred Qualifications
C3: Requisition #: | D3: =Rate!C3 -> M34933
C4: Job Title: | D4: =Rate!C4 -> DATABASE ADMINISTRATOR | K4: None | L4: None
C5: Department: | D5: =Rate!C5 -> VICE PROVOST FOR RESEARCH | K5: Low | L5: Less than 1
K6: Medium | L6: 1 to 3
B7: Select the answers below that best describe your qualifications. Your answers must be supported by education and experience listed on your resume/application. Key definitions can be found just above the questions. | K7: High | L7: 3 to 5
L8: More than 5
B9: Proficiency / Expertise:
B10: KEY
B11: None - | C11: No knowledge/ability
B12: Low - | C12: Basic familiarity with this function/skill
B13: Medium - | C13: Moderate ability; able to perform this function/skill with little or no training
B14: High - | C14: Extensive knowledge of this function/skill; could train others
B16: =Rate!G11 -> Computer and/or network security systems, applications, procedures and techniques | K16: 3 | L16: =IF(K16=2,Rate!E11*0.33,IF(K16=3,Rate!E11*0.66,IF(K16=4,Rate!E11*1,0))) -> 66
B17: =Rate!G12 -> Data integrity methods and techniques | K17: 4 | L17: =IF(K17=2,Rate!E12*0.33,IF(K17=3,Rate!E12*0.66,IF(K17=4,Rate!E12*1,0))) -> 100
B18: =Rate!G13 -> Develop, program, configure, manage, and maintain complex RDBMS | K18: 3 | L18: =IF(K18=2,Rate!E13*0.33,IF(K18=3,Rate!E13*0.66,IF(K18=4,Rate!E13*1,0))) -> 66
B19: =Rate!G16 -> Working with diverse RDBMS including SQL Server, Postgres, Oracle, and Access | K19: 3 | L19: =IF(K19=2,Rate!E14*0.33,IF(K19=3,Rate!E14*0.66,IF(K19=4,Rate!E14*1,0))) -> 66
B20: =Rate!G15 -> Knowledge of ecological and/or biodiversity informatics theory | K20: 2 | L20: =IF(K20=2,Rate!E15*0.33,IF(K20=3,Rate!E15*0.66,IF(K20=4,Rate!E15*1,0))) -> 33
B21: Experience:
B22: KEY
B23: None - | C23: No experience
B24: Less than 1 - | C24: Less than 1 year experience
B25: 1 to 3 - | C25: 1 to 3 years of experience
B26: 3 to 5 - | C26: 3 to 5 years of experience
B27: More than 5 - | C27: More than 5 years of experience
B29: =Rate!G16 -> Working with diverse RDBMS including SQL Server, Postgres, Oracle, and Access | K29: 3 | L29: =IF(K29=2,Rate!E16*0.25,IF(K29=3,Rate!E16*0.5,IF(K29=4,Rate!E16*0.75,IF(K29=5,Rate!E16*1,0)))) -> 50
B30: =Rate!G17 -> Programming languages such as PERL, PHP, Java, XML, SQL, SGML, and Visual Basic | K30: 4 | L30: =IF(K30=2,Rate!E17*0.25,IF(K30=3,Rate!E17*0.5,IF(K30=4,Rate!E17*0.75,IF(K30=5,Rate!E17*1,0)))) -> 75
B31: =Rate!G18 -> UNIX and NT-based server management | K31: 5 | L31: =IF(K31=2,Rate!E18*0.25,IF(K31=3,Rate!E18*0.5,IF(K31=4,Rate!E18*0.75,IF(K31=5,Rate!E18*1,0)))) -> 100
B32: =Rate!G19 -> Database-to-web connectivity using ODBC and/or JDBC | K32: 3 | L32: =IF(K32=2,Rate!E17*0.25,IF(K32=3,Rate!E17*0.5,IF(K32=4,Rate!E17*0.75,IF(K32=5,Rate!E17*1,0)))) -> 50
B33: =Rate!G20 -> Managing and maintaining scientific data and working with scientists | K33: 4 | L33: =IF(K33=2,Rate!E18*0.25,IF(K33=3,Rate!E18*0.5,IF(K33=4,Rate!E18*0.75,IF(K33=5,Rate!E18*1,0)))) -> 75

Sheet Ap3
A2: Preferred Qualifications
C3: Requisition #: | D3: =Rate!C3 -> M34933
C4: Job Title: | D4: =Rate!C4 -> DATABASE ADMINISTRATOR | K4: None | L4: None
C5: Department: | D5: =Rate!C5 -> VICE PROVOST FOR RESEARCH | K5: Low | L5: Less than 1
K6: Medium | L6: 1 to 3
B7: Select the answers below that best describe your qualifications. Your answers must be supported by education and experience listed on your resume/application. Key definitions can be found just above the questions. | K7: High | L7: 3 to 5
L8: More than 5
B9: Proficiency / Expertise:
B10: KEY
B11: None - | C11: No knowledge/ability
B12: Low - | C12: Basic familiarity with this function/skill
B13: Medium - | C13: Moderate ability; able to perform this function/skill with little or no training
B14: High - | C14: Extensive knowledge of this function/skill; could train others
B16: =Rate!G11 -> Computer and/or network security systems, applications, procedures and techniques | K16: 4 | L16: =IF(K16=2,Rate!E11*0.33,IF(K16=3,Rate!E11*0.66,IF(K16=4,Rate!E11*1,0))) -> 100
B17: =Rate!G12 -> Data integrity methods and techniques | K17: 3 | L17: =IF(K17=2,Rate!E12*0.33,IF(K17=3,Rate!E12*0.66,IF(K17=4,Rate!E12*1,0))) -> 66
B18: =Rate!G13 -> Develop, program, configure, manage, and maintain complex RDBMS | K18: 3 | L18: =IF(K18=2,Rate!E13*0.33,IF(K18=3,Rate!E13*0.66,IF(K18=4,Rate!E13*1,0))) -> 66
B19: =Rate!G16 -> Working with diverse RDBMS including SQL Server, Postgres, Oracle, and Access | K19: 4 | L19: =IF(K19=2,Rate!E14*0.33,IF(K19=3,Rate!E14*0.66,IF(K19=4,Rate!E14*1,0))) -> 100
B20: =Rate!G15 -> Knowledge of ecological and/or biodiversity informatics theory | K20: 3 | L20: =IF(K20=2,Rate!E15*0.33,IF(K20=3,Rate!E15*0.66,IF(K20=4,Rate!E15*1,0))) -> 66
B21: Experience:
B22: KEY
B23: None - | C23: No experience
B24: Less than 1 - | C24: Less than 1 year experience
B25: 1 to 3 - | C25: 1 to 3 years of experience
B26: 3 to 5 - | C26: 3 to 5 years of experience
B27: More than 5 - | C27: More than 5 years of experience
B29: =Rate!G16 -> Working with diverse RDBMS including SQL Server, Postgres, Oracle, and Access | K29: 4 | L29: =IF(K29=2,Rate!E16*0.25,IF(K29=3,Rate!E16*0.5,IF(K29=4,Rate!E16*0.75,IF(K29=5,Rate!E16*1,0)))) -> 75
B30: =Rate!G17 -> Programming languages such as PERL, PHP, Java, XML, SQL, SGML, and Visual Basic | K30: 3 | L30: =IF(K30=2,Rate!E17*0.25,IF(K30=3,Rate!E17*0.5,IF(K30=4,Rate!E17*0.75,IF(K30=5,Rate!E17*1,0)))) -> 50
B31: =Rate!G18 -> UNIX and NT-based server management | K31: 0 | L31: =IF(K31=2,Rate!E18*0.25,IF(K31=3,Rate!E18*0.5,IF(K31=4,Rate!E18*0.75,IF(K31=5,Rate!E18*1,0)))) -> 0
B32: =Rate!G19 -> Database-to-web connectivity using ODBC and/or JDBC | K32: 4 | L32: =IF(K32=2,Rate!E17*0.25,IF(K32=3,Rate!E17*0.5,IF(K32=4,Rate!E17*0.75,IF(K32=5,Rate!E17*1,0)))) -> 75
B33: =Rate!G20 -> Managing and maintaining scientific data and working with scientists | K33: 4 | L33: =IF(K33=2,Rate!E18*0.25,IF(K33=3,Rate!E18*0.5,IF(K33=4,Rate!E18*0.75,IF(K33=5,Rate!E18*1,0)))) -> 75

Sheet Summary
A2: Preferred Qualifications
B3: Requisition #: | C3: =Rate!C3 -> M34933
B4: Job Title: | C4: =Rate!C4 -> DATABASE ADMINISTRATOR
B5: Department: | C5: =Rate!C5 -> VICE PROVOST FOR RESEARCH
B7: 1 | C7: 2 | D7: 3 | E7: 4 | F7: 5 | G7: 6 | H7: 7 | I7: 8 | J7: 9 | K7: 10 | L7: Total
A8: Ap1 | B8: ='Ap1'!L16 -> 33 | C8: ='Ap1'!L17 -> 66 | D8: ='Ap1'!L18 -> 33 | E8: ='Ap1'!L19 -> 100 | F8: ='Ap1'!L20 -> 100 | G8: ='Ap1'!L29 -> 25 | H8: ='Ap1'!L30 -> 50 | I8: ='Ap1'!L31 -> 75 | J8: ='Ap1'!L32 -> 100 | K8: ='Ap1'!L33 -> 0 | L8: =SUM(B8:K8) -> 582
A9: Ap2 | B9: ='Ap2'!L16 -> 66 | C9: ='Ap2'!L17 -> 100 | D9: ='Ap2'!L18 -> 66 | E9: ='Ap2'!L19 -> 66 | F9: ='Ap2'!L20 -> 33 | G9: ='Ap2'!L29 -> 50 | H9: ='Ap2'!L30 -> 75 | I9: ='Ap2'!L31 -> 100 | J9: ='Ap2'!L32 -> 50 | K9: ='Ap2'!L33 -> 75 | L9: =SUM(B9:K9) -> 681
A10: Ap3 | B10: ='Ap3'!L16 -> 100 | C10: ='Ap3'!L17 -> 66 | D10: ='Ap3'!L18 -> 66 | E10: ='Ap3'!L19 -> 100 | F10: ='Ap3'!L20 -> 66 | G10: ='Ap3'!L29 -> 75 | H10: ='Ap3'!L30 -> 50 | I10: ='Ap3'!L31 -> 0 | J10: ='Ap3'!L32 -> 75 | K10: ='Ap3'!L33 -> 75 | L10: =SUM(B10:K10) -> 673
