Workbook

Sheet Exercise 1
A1: Grade in mathematics | B1: Maximum | C1: Minimum | D1: Mean | E1: Mode | F1: Median | G1: Sum | H1: Variance | I1: Standard desviation
A2: 68 | B2: =MAX(A2:A81) -> 97 | C2: =MIN(A2:A81) -> 53 | D2: =AVERAGE(A2:A81) -> 75.25 | E2: =MODE(A2:A81) -> 75 | F2: =MEDIAN(A2:A81) -> 75 | G2: =SUM(A2:A81) -> 6020 | H2: =VAR(A2:A81) -> 107.63291 | I2: =STDEV(A2:A81) -> 10.374628
A3: 84
A4: 75
A5: 82
A6: 68
A7: 90
A8: 62
A9: 88
A10: 76
A11: 93
A12: 73
A13: 79
A14: 88
... A81: 77

Sheet Exercise 2
A1: Grades | B1: Frequency | C1: Product
A2: 53 | B2: {=FREQUENCY('Exercise 1'!A2:A81,A2:A46)} -> 1 | C2: {=PRODUCT(A2:B2)} -> 53
A3: 54 | B3: 0 | C3: {=PRODUCT(A3:B3)} -> 0
A4: 55 | B4: 0 | C4: {=PRODUCT(A4:B4)} -> 0
A5: 56 | B5: 0 | C5: {=PRODUCT(A5:B5)} -> 0
A6: 57 | B6: 1 | C6: {=PRODUCT(A6:B6)} -> 57
A7: 58 | B7: 0 | C7: {=PRODUCT(A7:B7)} -> 0
A8: 59 | B8: 1 | C8: {=PRODUCT(A8:B8)} -> 59
A9: 60 | B9: 3 | C9: {=PRODUCT(A9:B9)} -> 180
A10: 61 | B10: 2 | C10: {=PRODUCT(A10:B10)} -> 122
A11: 62 | B11: 4 | C11: {=PRODUCT(A11:B11)} -> 248
A12: 63 | B12: 2 | C12: {=PRODUCT(A12:B12)} -> 126
A13: 64 | B13: 0 | C13: {=PRODUCT(A13:B13)} -> 0
A14: 65 | B14: 3 | C14: {=PRODUCT(A14:B14)} -> 195
... A46: 97 | B46: 1 | C46: {=PRODUCT(A46:B46)} -> 97
C47: =SUM(C2:C46) -> 6020

Sheet Exercise 3
A1: Bin range | B1: Absolute Frequency
A2: 54 | B2: {=FREQUENCY('Exercise 1'!A2:A81,A2:A11)} -> 1
A3: 59 | B3: 2
A4: 64 | B4: 11
A5: 69 | B5: 10
A6: 74 | B6: 12
A7: 79 | B7: 21
A8: 84 | B8: 6
A9: 89 | B9: 9
A10: 94 | B10: 4
A11: 99 | B11: 4
B12: =SUM(B2:B11) -> 80

Sheet Exercises 4, 5 and 6
A1: Bin range | B1: Frequency | C1: Relative Frequencies | E1: Relative frequency in % | G1: Probabilistic frequencies | H1: Area of bins
A2: 54 | B2: {=FREQUENCY('Exercise 1'!A2:A81,A2:A11)} -> 1 | C2: {=B2/80} -> 0.0125 | E2: =(B2/80)*100 -> 1.25 | G2: {=(B2/(5*80))} -> 0.0025 | H2: {=G2*5} -> 0.0125
A3: 59 | B3: 2 | C3: {=B3/80} -> 0.025 | E3: {=(B3/80)*100} -> 2.5 | G3: {=(B3/(5*80))} -> 0.005 | H3: {=G3*5} -> 0.025
A4: 64 | B4: 11 | C4: {=B4/80} -> 0.1375 | E4: {=(B4/80)*100} -> 13.75 | G4: {=(B4/(5*80))} -> 0.0275 | H4: {=G4*5} -> 0.1375
A5: 69 | B5: 10 | C5: {=B5/80} -> 0.125 | E5: {=(B5/80)*100} -> 12.5 | G5: {=(B5/(5*80))} -> 0.025 | H5: {=G5*5} -> 0.125
A6: 74 | B6: 12 | C6: {=B6/80} -> 0.15 | E6: {=(B6/80)*100} -> 15 | G6: {=(B6/(5*80))} -> 0.03 | H6: {=G6*5} -> 0.15
A7: 79 | B7: 21 | C7: {=B7/80} -> 0.2625 | E7: {=(B7/80)*100} -> 26.25 | G7: {=(B7/(5*80))} -> 0.0525 | H7: {=G7*5} -> 0.2625
A8: 84 | B8: 6 | C8: {=B8/80} -> 0.075 | E8: {=(B8/80)*100} -> 7.5 | G8: {=(B8/(5*80))} -> 0.015 | H8: {=G8*5} -> 0.075
A9: 89 | B9: 9 | C9: {=B9/80} -> 0.1125 | E9: {=(B9/80)*100} -> 11.25 | G9: {=(B9/(5*80))} -> 0.0225 | H9: {=G9*5} -> 0.1125
A10: 94 | B10: 4 | C10: {=B10/80} -> 0.05 | E10: {=(B10/80)*100} -> 5 | G10: {=(B10/(5*80))} -> 0.01 | H10: {=G10*5} -> 0.05
A11: 99 | B11: 4 | C11: {=B11/80} -> 0.05 | E11: {=(B11/80)*100} -> 5 | G11: {=(B11/(5*80))} -> 0.01 | H11: {=G11*5} -> 0.05
A12: Sum | B12: =SUM(B2:B11) -> 80 | C12: =SUM(C2:C11) -> 1 | E12: {=(B12/80)*100} -> 100 | G12: Total Area | H12: =SUM(H2:H11) -> 1
C26: Note that the three histograms are proportional

Sheet Exercise 7
A1: Bin range | B1: Density function | E1: Chi test to check normality | F1: Null Hyp. The grades are N(75.25,10.37) distributed
A2: 54 | B2: {=NORMDIST(A2,75.25,10.37,FALSE)} -> 0.0047130239 | E2: Chi -value(O-E) | F2: p-value | G2: Chi statistic 95%
A3: 59 | B3: {=NORMDIST(A3,75.25,10.37,FALSE)} -> 0.011269765 | E3: =SUM(('Exercises 4, 5 and 6'!$H$2:$H$11-'Exercise 7'!B2:B11)/'Exercise 7'!B2:B11) -> 1.2183248 | F3: =CHIDIST(E3,9) -> 0.99874716 | G3: =CHIINV(0.05,9) -> 16.918978 | H3: No reject null hyp. Since Chi-value<Chi statistic
A4: 64 | B4: {=NORMDIST(A4,75.25,10.37,FALSE)} -> 0.021358268 | H4: or p-value<0.05
A5: 69 | B5: {=NORMDIST(A5,75.25,10.37,FALSE)} -> 0.032081387
A6: 74 | B6: {=NORMDIST(A6,75.25,10.37,FALSE)} -> 0.038192332
A7: 79 | B7: {=NORMDIST(A7,75.25,10.37,FALSE)} -> 0.036035883
A8: 84 | B8: {=NORMDIST(A8,75.25,10.37,FALSE)} -> 0.02694822
A9: 89 | B9: {=NORMDIST(A9,75.25,10.37,FALSE)} -> 0.015972061
A10: 94 | B10: {=NORMDIST(A10,75.25,10.37,FALSE)} -> 0.0075028759
A11: 99 | B11: {=NORMDIST(A11,75.25,10.37,FALSE)} -> 0.0027933831

Sheet Exercise 8 and 9
A1: Intervals | B1: Interval probability grades variable | C1: Probability of the normal distribution
A2: 60-64 | B2: 0.0275*5=0.1375 | C2: =NORMDIST(64,75.25,10.37,TRUE)-NORMDIST(60,75.25,10.37,TRUE) -> 0.068290541
A3: 75-79 | B3: 0.0525*5=0.2625 | C3: =NORMDIST(79,75.25,10.37,TRUE)-NORMDIST(75,75.25,10.37,TRUE) -> 0.15079878
A4: 83-86 | B4: 0.015*2+0.0225*2=0.075 | C4: =NORMDIST(86,75.25,10.37,TRUE)-NORMDIST(83,75.25,10.37,TRUE) -> 0.077475866
A5: 92-99 | B5: 0.01*3+0.01*5=0.08 | C5: =NORMDIST(99,75.25,10.37,TRUE)-NORMDIST(92,75.25,10.37,TRUE) -> 0.042126657

Sheet Exercise 11,12,13 and 14
A1: Standard error | B1: ='Exercise 1'!I2/SQRT(80) -> 1.1599187
A3: CI with a t-distribution
A4: 90%CI(mean) | B4: ='Exercise 11,12,13 and 14'!D4-(TINV(0.1,79)*'Exercise 11,12,13 and 14'!B1) -> -1.9305355 | C4: ='Exercise 11,12,13 and 14'!D4+(TINV(0.1,79)*'Exercise 11,12,13 and 14'!B1) -> 1.9305355
A5: 95%CI(mean) | B5: ='Exercise 11,12,13 and 14'!D4-(TINV(0.05,79)*'Exercise 11,12,13 and 14'!B1) -> -2.3087604 | C5: ='Exercise 11,12,13 and 14'!D4+(TINV(0.05,79)*'Exercise 11,12,13 and 14'!B1) -> 2.3087604
A6: 99%CI(mean) | B6: ='Exercise 11,12,13 and 14'!D4-(TINV(0.01,79)*'Exercise 11,12,13 and 14'!B1) -> -3.0616108 | C6: ='Exercise 11,12,13 and 14'!D4+(TINV(0.01,79)*'Exercise 11,12,13 and 14'!B1) -> 3.0616108
A8: CI with a normal distribution
A9: 90%CI(mean) | B9: =-CONFIDENCE(0.1,10.37,80) -> -1.9070453 | C9: =CONFIDENCE(0.1,10.37,80) -> 1.9070453
A10: 95%CI(mean) | B10: =-CONFIDENCE(0.05,10.37,80) -> -2.2723847 | C10: =CONFIDENCE(0.05,10.37,80) -> 2.2723847
A11: 99%CI(mean) | B11: =-CONFIDENCE(0.01,10.37,80) -> -2.9864197 | C11: =CONFIDENCE(0.01,10.37,80) -> 2.9864197
B13: t-value | C13: P(| t |) or p-value | D13: t statistic (critical value for 95%)
A14: t test for the mean and the expected value 75 | B14: =('Exercise 1'!D2-75)/B1 -> 0.21553235 | C14: =TDIST(B14,79,2) -> 0.82990779 | D14: =TINV(0.05,79) -> 1.9904502 | E14: No reject null hyp. Since t-value<t statistic
A15: Null hyp: sample mean is not different from 75 | E15: or p-value>0.05
A17: t test for the mean and the expected value 50 | B17: =('Exercise 1'!D2-50)/'Exercise 11,12,13 and 14'!B1 -> 21.768767 | C17: =TDIST(ABS(B17),79,2) -> 4.043139e-35 | D17: =TINV(0.05,79) -> 1.9904502 | E17: Reject null hyp. Since t-value>t statistic
A18: Null hyp: sample mean is not different from 50 | E18: or p-value<0.05

Sheet Exercise 15
A1: Grades 2 | B1: Sum | C1: Mean | D1: Variance | E1: s | F1: SE | G1: Bin range | H1: Frequencies | I1: Relative Frequencies | J1: Probability frequencies
A2: 51 | B2: =SUM(A2:A41) -> 2576 | C2: =AVERAGE(A2:A41) -> 64.4 | D2: =VAR(A2:A41) -> 56.65641 | E2: =SQRT(D2) -> 7.5270453 | F2: =E2/SQRT(40) -> 1.1901304 | G2: 54 | H2: {=FREQUENCY(A2:A41,G2:G11)} -> 3 | I2: =(H2/40) -> 0.075 | J2: {=(H2/40)/5} -> 0.015
A3: 65 | G3: 59 | H3: 7 | I3: {=(H3/40)} -> 0.175 | J3: {=(H3/40)/5} -> 0.035
A4: 61 | G4: 64 | H4: 9 | I4: {=(H4/40)} -> 0.225 | J4: {=(H4/40)/5} -> 0.045
A5: 66 | G5: 69 | H5: 10 | I5: {=(H5/40)} -> 0.25 | J5: {=(H5/40)/5} -> 0.05
A6: 55 | G6: 74 | H6: 6 | I6: {=(H6/40)} -> 0.15 | J6: {=(H6/40)/5} -> 0.03
A7: 70 | G7: 79 | H7: 5 | I7: {=(H7/40)} -> 0.125 | J7: {=(H7/40)/5} -> 0.025
A8: 65 | G8: 84 | H8: 0 | I8: {=(H8/40)} -> 0 | J8: {=(H8/40)/5} -> 0
A9: 52 | G9: 89 | H9: 0 | I9: {=(H9/40)} -> 0 | J9: {=(H9/40)/5} -> 0
A10: 75 | G10: 94 | H10: 0 | I10: {=(H10/40)} -> 0 | J10: {=(H10/40)/5} -> 0
A11: 65 | G11: 99 | H11: 0 | I11: {=(H11/40)} -> 0 | J11: {=(H11/40)/5} -> 0
A12: 75 | H12: =SUM(H2:H11) -> 40 | I12: =SUM(I2:I11) -> 1
A13: 65
A14: 55
A15: 73
A16: 56
A17: 60
A18: 68
A19: 60
A20: 74
A21: 66
A22: 62
A23: 64
A24: 62
... A41: 60

Sheet Exercise 15 b
B3: t value | C3: P(| t |) or p-value | D3: t statistic (critical value for 95%)
A4: two-sample t test | B4: =('Exercise 15'!C2-'Exercise 1'!D2)/SQRT('Exercise 15'!F2^2+'Exercise 11,12,13 and 14'!B1^2) -> -6.5287783 | C4: =TDIST(ABS(B4),118,2) -> 1.7446918e-09 | D4: =TINV(0.05,118) -> 1.9802722
A5: Null hyp: sample mean of both group is not significantly different | E5: Reject null hyp. Since |t-value|>t statistic
E6: or p-value<0.05

Sheet Exercise 16
A1: Men | B1: Women | C1: Men-Women | E1: Covariance | F1: Correlation | G1: Average Men | H1: Average Women | I1: Average of Total
A2: 20 | B2: 15 | C2: {=A2-B2} -> 5 | E2: =COVAR(A2:A11,B2:B11) -> 20 | F2: =CORREL(A2:A11,B2:B11) -> 0.40824829 | G2: =AVERAGE(A2:A11) -> 30 | H2: =AVERAGE(B2:B11) -> 25 | I2: =AVERAGE(A2:A11,B2:B11) -> 27.5
A3: 30 | B3: 35 | C3: {=A3-B3} -> -5 | G3: Stand. Dev. Men | H3: Stand. Dev. Women | I3: SD of Total
A4: 30 | B4: 25 | C4: {=A4-B4} -> 5 | G4: =STDEV(A2:A11) -> 8.1649658 | H4: =STDEV(B2:B11) -> 6.6666667 | I4: =STDEV(A2:A11,B2:B11) -> 7.6948376
A5: 20 | B5: 25 | C5: {=A5-B5} -> -5
A6: 20 | B6: 25 | C6: {=A6-B6} -> -5 | E6: Men-Women Average
A7: 30 | B7: 15 | C7: {=A7-B7} -> 15 | E7: =AVERAGE(C2:C11) -> 5
A8: 40 | B8: 25 | C8: {=A8-B8} -> 15 | E8: Men-Women SD
A9: 30 | B9: 25 | C9: {=A9-B9} -> 5 | E9: =STDEV(C2:C11) -> 8.1649658
A10: 40 | B10: 35 | C10: {=A10-B10} -> 5
A11: 40 | B11: 25 | C11: {=A11-B11} -> 15 | E11: Regression Parameters
E12: b(slope) | F12: a (constant)
E13: =LINEST(B2:B11,A2:A11,TRUE,TRUE) -> 0.33333333 | F13: 15
