Workbook

Sheet Education Activities, p. 7
A1: A | B1: Education Support Activities | C1: Fill in the numbers requested, and, where possible, indicate results you have
C2: seen. Leave blank those rows which are not applicable. Feel free to add
C3: activities in the row labeled OTHER, or write them on an additional page.
F4: What results have you seen?
E5: Total | F5: For example:
B6: For each of the following activities you | C6: Total served | E6: AmeriCorps | F6: *Student class participation increased | G6: Special
B7: did under AmeriCorps, please complete | C7: or directly | E7: Members | F7: *Number of students wanting tutors increased | G7: characteristics
B8: the columns to the right. | C8: benefiting | E8: involved | F8: *Computer center now fully staffed with volunteers | G8: of clients or
F9: *Students more interested in environment | G9: beneficiaries
F10: *Results of assessment used to modify class focus
A11: 1 | B11: Recruited peer (student) tutors | C11: # of tutors: | I11: 6 | J11: =A11 -> 1 | K11: ='Education Activities, p. 7'!D22 -> 0
A12: 2 | B12: Trained peer (student) tutors | C12: # of tutors: | I12: 6 | J12: =A12 -> 2 | K12: ='Education Activities, p. 7'!D22 -> 0
A13: 3 | B13: Recruited volunteers for tutoring or other educational purposes | C13: # of volunteers: | I13: 6 | J13: =A13 -> 3 | K13: ='Education Activities, p. 7'!D22 -> 0
A14: 4 | B14: Trained, placed, and/or followed-up volunteers who were providing services | C14: # of volunteers: | I14: 6 | J14: =A14 -> 4 | K14: ='Education Activities, p. 7'!D22 -> 0
A15: 5 | B15: Developed curriculum or curriculum materials (Please specify subject areas) | C15: # of students instructed: | I15: 6 | J15: =A15 -> 5 | K15: ='Education Activities, p. 7'!D22 -> 0
A17: 6 | B17: Performed case management (e.g., followed up student performance in different classes; worked with students' teachers to integrate instruction) | C17: # of students: | I17: 6 | J17: =A17 -> 6 | K17: ='Education Activities, p. 7'!D22 -> 0
A18: 7 | B18: Assembled book collections, maintained libraries | C18: # of students: | I18: 6 | J18: =A18 -> 7 | K18: ='Education Activities, p. 7'!D22 -> 0
A19: 8 | B19: Other Student or Instructional Support (Please specify) | C19: # of units: (specify unit) | I19: 6 | J19: =A19 -> 8 | K19: ='Education Activities, p. 7'!D22 -> 0

Sheet Education Activities, p. 8
A1: B | B1: Education Services | C1: Fill in the numbers requested, and, where possible, indicate results you have
C2: seen. Leave blank those rows which are not applicable. Feel free to add
C3: activities in the row labeled OTHER, or write them on an additional page.
C4: Total served or directly benefiting | E4: Total | F4: What results have you seen? | G4: Special characteristics of clients or beneficiaries
B5: For each of the following activities | E5: AmeriCorps | F5: For example:
B6: you did under AmeriCorps, please | E6: Members | F6: *<number> Grades increased
B7: complete the columns to the right | E7: providing | F7: *<number> Homework turned in
E8: services | F8: *<number> Parents passed GED tests
A9: 1 | B9: Provided child care | I9: 7 | J9: 1 | K9: ='Education Activities, p. 8'!D22 -> 0
A10: 2 | B10: Taught students in Head Start or kindergarten | I10: 7 | J10: 2 | K10: ='Education Activities, p. 8'!D22 -> 0
A11: 3 | B11: Taught students in grades 1-12 What grade levels? (Please use box) | I11: 7 | J11: 3 | K11: ='Education Activities, p. 8'!D22 -> 0
A13: 4 | B13: Tutored students in grades 1-12 What grade levels? (Please use box) | I13: 7 | J13: 4 | K13: ='Education Activities, p. 8'!D22 -> 0
A15: 5 | B15: Mentored or counseled concerning school success or achievement | I15: 7 | J15: 5 | K15: ='Education Activities, p. 8'!D22 -> 0
A16: 6 | B16: Provided in-class enrichment (such as speakers, presentations) | I16: 7 | J16: 6 | K16: ='Education Activities, p. 8'!D22 -> 0
A17: 7 | B17: Provided out-of-class enrichment (such as field trips) | I17: 7 | J17: 7 | K17: ='Education Activities, p. 8'!D22 -> 0
A18: 8 | B18: Conducted home visits for instruction or follow-up of educational activities | I18: 7 | J18: 8 | K18: ='Education Activities, p. 8'!D22 -> 0
A19: 9 | B19: Organized or conducted service learning & community education activities | C19: # of students: | I19: 7 | J19: 9 | K19: ='Education Activities, p. 8'!D22 -> 0
A20: 10 | B20: Worked with parents or families on parenting skills development | C20: # of parents: | I20: 7 | J20: 10 | K20: ='Education Activities, p. 8'!D22 -> 0
A21: 11 | B21: Taught adults GED or basic skills development | C21: # of adults: | I21: 7 | J21: 11 | K21: ='Education Activities, p. 8'!D22 -> 0
A22: 12 | B22: Other activities (Please specify) | C22: # of units: (specify unit) | I22: 7 | J22: 12 | K22: ='Education Activities, p. 8'!D22 -> 0

Sheet Human Needs Activities, p. 9
A1: A | B1: Human Needs Service Support | C1: Fill in the numbers requested, and, where possible, indicate results you
B2: Activities | C2: have seen. Leave blank those rows which are not applicable. Feel free
C3: to add activities in the row labeled OTHER, or write them on an additional page.
C4: Total served or directly benefiting | F4: What results have you seen? | G4: Special characteristics of clients or beneficiaries
E5: Total | F5: For example:
B6: For each of the following activities you did | E6: AmeriCorps | F6: *<number> Homeless parents found jobs
B7: under AmeriCorps, please complete the | E7: Members | F7: *<number> Homeless HIV+ individuals fed
B8: columns to the right | E8: providing | F8: *<number> Permanent shelter found
E9: services | F9: *<number> Children allowed in school because immunized
A10: 1 | B10: Adults or children were provided transportation in support of other human service activities | I10: 8 | J10: 1 | K10: ='Human Needs Activities, p. 9'!D22 -> 0
A11: 2 | B11: Families were provided child care in support of other human service activities | C11: # families: | I11: 8 | J11: 2 | K11: ='Human Needs Activities, p. 9'!D22 -> 0
A12: 3 | B12: People were provided case management such as health appointments or follow up scheduling | I12: 8 | J12: 3 | K12: ='Human Needs Activities, p. 9'!D22 -> 0
A13: 4 | B13: Volunteers recruited and coordinated for assistance in addressing human needs issues | C13: # volunteers: | I13: 8 | J13: 4 | K13: ='Human Needs Activities, p. 9'!D22 -> 0
A14: 5 | B14: People's specific support needs assessed or identified | I14: 8 | J14: 5 | K14: ='Human Needs Activities, p. 9'!D22 -> 0
A15: 6 | B15: Informational materials developed (Please specify subject) | I15: 8 | J15: 6 | K15: ='Human Needs Activities, p. 9'!D22 -> 0
A17: 7 | B17: Informational materials distributed (Please specify subject) | C17: # who received: | I17: 8 | J17: 7 | K17: ='Human Needs Activities, p. 9'!D22 -> 0
A19: 8 | B19: Organized or staffed a community event, fair, or benefit related to health or other human needs which people attended | C19: # attending: | I19: 8 | J19: 8 | K19: ='Human Needs Activities, p. 9'!D22 -> 0
A20: 9 | B20: Other Service Support Activities (Please specify) | C20: # of units: (specify unit) | I20: 8 | J20: 9 | K20: ='Human Needs Activities, p. 9'!D22 -> 0

Sheet Human Needs Activities, p. 10
A1: B | B1: Human Needs -- Direct Services | C1: Fill in the numbers requested, and, where possible, indicate results you have
C2: seen. Leave blank those rows which are not applicable. Feel free to add
C3: activities in the row labeled OTHER, or write them on an additional page.
C4: Number of items | E4: Total served or directly benefiting | G4: Total | H4: What results have you seen?
B5: For each of the following activities you did | G5: AmeriCorps | H5: For example: | I5: Special characteristics of
B6: under AmeriCorps, please complete the | G6: Members | H6: *<number> Individuals found jobs | I6: clients or beneficiaries
B7: columns to the right | G7: providing | H7: *<number> Homeless individuals
G8: services | H8: found permanent homes.
A9: 1 | B9: People received independent living assistance (such as chores for seniors, social support for disabled) | K9: 9 | L9: 1 | M9: ='Human Needs Activities, p. 10'!D22 -> 0
A10: 2 | B10: People counseled concerning job development or placement | K10: 9 | L10: 2 | M10: ='Human Needs Activities, p. 10'!D22 -> 0
A11: 3 | B11: People counseled related to health and family matters (mental or physical health, or other matters) | K11: 9 | L11: 3 | M11: ='Human Needs Activities, p. 10'!D22 -> 0
A12: 4 | B12: Homeless given shelter or vouchers for shelter | E12: # people: | K12: 9 | L12: 4 | M12: ='Human Needs Activities, p. 10'!D22 -> 0
A13: 5 | B13: Homeless placed in housing (permanent or transitional to permanent) | E13: # people: | K13: 9 | L13: 5 | M13: ='Human Needs Activities, p. 10'!D22 -> 0
A14: 6 | B14: Homeless given goods to help them, such as distributed clothes and food (shelter support) | K14: 9 | L14: 6 | M14: ='Human Needs Activities, p. 10'!D22 -> 0
A15: 7 | B15: Organized or packed food or clothing for a food bank or clothing distribution center; provided furniture or other goods to recently homeless | C15: # items: | E15: # people: | K15: 9 | L15: 7 | M15: ='Human Needs Activities, p. 10'!D22 -> 0
K16: 9 | L16: 7.1 | M16: ='Human Needs Activities, p. 10'!D22 -> 0
A17: 8 | B17: New homeowners or potential home owners are provided housing services and loan development | E17: # people: | K17: 9 | L17: 8 | M17: ='Human Needs Activities, p. 10'!D22 -> 0
A18: 9 | B18: Individuals received access to health care, diagnosis, and/or follow-up, and/or screened for needed care | K18: 9 | L18: 9 | M18: ='Human Needs Activities, p. 10'!D22 -> 0
A19: 10 | B19: Pregnant women received access to prenatal care, screening or actual health services, and/or taught about children's health or development; families with young children provided health care or screening | K19: 9 | L19: 10 | M19: ='Human Needs Activities, p. 10'!D22 -> 0
A20: 11 | B20: Adults or children immunized | E20: # adults: | K20: 9 | L20: 11 | M20: ='Human Needs Activities, p. 10'!D22 -> 0
E21: # children: | K21: 9 | L21: 11.1 | M21: ='Human Needs Activities, p. 10'!D22 -> 0
A22: 12 | B22: Other Direct Services (Please specify) | C22: # items: | E22: # people: | K22: 9 | L22: 12 | M22: ='Human Needs Activities, p. 10'!D22 -> 0
C23: (specify unit) | E23: (specify type) | K23: 9 | L23: 12.1 | M23: ='Human Needs Activities, p. 10'!D22 -> 0

Sheet Environment Activities, p. 11
A1: A | B1: Environment -- Support & | C1: Fill in the numbers requested, and, where possible, indicate results you
B2: Emergency Response | C2: have seen. Leave blank those rows which are not applicable. Feel free
C3: to add activities in the row labeled OTHER, or write them on an additional page.
C4: Total buildings, trail mileage, wild land acreage, etc. | E4: Estimated | F4: Total | G4: What results have you seen? | H4: Special characteristics of work or its beneficiaries
B5: For each of the following activities you | E5: number of | F5: AmeriCorps | G5: For example:
B6: did under AmeriCorps, please complete | E6: people | F6: Members | G6: * Improved water quality standards
B7: the columns to the right | E7: served or | F7: providing | G7: in mixed industrial & residential
E8: directly | F8: services | G8: * Designed shelters to house 50
E9: benefiting | G9: homeless people
A10: 1 | B10: Assessed need for public or community building repair needs (e.g., for repair of public facilities, lead abatement) | C10: # assessed: | J10: 10 | K10: 1 | L10: ='Environment Activities, p. 11'!D22 -> 0
A11: 2 | B11: Assessed housing or building repair needs (e.g., for housing, pollution prevention or containment, or risk management) | C11: # assessed: | J11: 10 | K11: 2 | L11: ='Environment Activities, p. 11'!D22 -> 0
A12: 3 | B12: Assessed park trail or wild land area | C12: # assessed: | J12: 10 | K12: 3 | L12: ='Environment Activities, p. 11'!D22 -> 0
B13: maintenance needs (e.g., need for repair of | C13: # of miles: | J13: 10 | K13: 3.1 | L13: ='Environment Activities, p. 11'!D22 -> 0
B14: trail erosion, safety enhancement) | C14: # of acres: | J14: 10 | K14: 3.2 | L14: ='Environment Activities, p. 11'!D22 -> 0
A15: 4 | B15: Helped clients identify requirements to meet health or pollution standards (e.g., water quality or air quality guidelines) | J15: 10 | K15: 4 | L15: ='Environment Activities, p. 11'!D22 -> 0
A16: 5 | B16: Distributed information about risks or prevention to the public (Please specify type of risks) | C16: # distributed: | J16: 10 | K16: 5 | L16: ='Environment Activities, p. 11'!D22 -> 0
A18: 6 | B18: Provided safety training on environmental hazards (e.g., pesticide training) | C18: # of trainings: | J18: 10 | K18: 6 | L18: ='Environment Activities, p. 11'!D22 -> 0
A19: 7 | B19: Designed or drew up plans for picnic areas, community buildings, housing or shelters | C19: # planned: | J19: 10 | K19: 7 | L19: ='Environment Activities, p. 11'!D22 -> 0
A20: 8 | B20: Provided emergency assistance to individuals in need | J20: 10 | K20: 8 | L20: ='Environment Activities, p. 11'!D22 -> 0
A21: 9 | B21: Performed emergency response (e.g., fought fires, performed search and rescue) | C21: # emergencies: | J21: 10 | K21: 9 | L21: ='Environment Activities, p. 11'!D22 -> 0
A22: 10 | B22: Other responses (Please specify) | C22: # of units: (specify unit) | J22: 10 | K22: 10 | L22: ='Environment Activities, p. 11'!D22 -> 0

Sheet Environment Activities, p. 12
A1: B | B1: Neighborhood Environment | C1: Fill in the numbers requested, and, where possible, indicate results you
C2: have seen. Leave blank those rows which are not applicable. Feel free
C3: to add activities in the row labeled OTHER, or write them on an additional page.
E4: Estimated | F4: Total | G4: Special characteristics of work or its beneficiaries?
B5: For each of the following activities you | C5: Total things/units built | E5: number of | F5: AmeriCorps
B6: did under AmeriCorps, please complete | C6: (number of housing units | E6: people served | F6: Members
B7: the columns to the right | C7: built, buildings renovated, | E7: or directly | F7: providing
C8: areas cleared, trees planted) | E8: benefiting | F8: services
A9: 1 | B9: Constructed new homeless shelters or made old | C9: # completed: | J9: 11 | K9: 1 | L9: ='Environment Activities, p. 12'!D22 -> 0
B10: shelters habitable | C10: # in progress: | J10: 11 | K10: 1.1 | L10: ='Environment Activities, p. 12'!D22 -> 0
A11: 2 | B11: Constructed low income housing or housing for | C11: # completed: | J11: 11 | K11: 2 | L11: ='Environment Activities, p. 12'!D22 -> 0
B12: disabled or elderly | C12: # in progress: | J12: 11 | K12: 2.1 | L12: ='Environment Activities, p. 12'!D22 -> 0
A13: 3 | B13: Rehabilitated/renovated low income housing or | C13: # completed: | J13: 11 | K13: 3 | L13: ='Environment Activities, p. 12'!D22 -> 0
B14: housing for disabled or elderly | C14: # in progress: | J14: 11 | K14: 3.1 | L14: ='Environment Activities, p. 12'!D22 -> 0
A15: 4 | B15: Rehabilitated, renovated, or repaired other | C15: # completed: | J15: 11 | K15: 4 | L15: ='Environment Activities, p. 12'!D22 -> 0
B16: community buildings | C16: # in progress: | J16: 11 | K16: 4.1 | L16: ='Environment Activities, p. 12'!D22 -> 0
A17: 5 | B17: Weatherized or winterized homes and/or other | C17: # homes, apts, etc.: | J17: 11 | K17: 5 | L17: ='Environment Activities, p. 12'!D22 -> 0
B18: buildings | C18: # community buildings: | J18: 11 | K18: 5.1 | L18: ='Environment Activities, p. 12'!D22 -> 0
A19: 6 | B19: Worked on business development activities or helped prepare redevelopment or business | C19: # businesses attending: | J19: 11 | K19: 6 | L19: ='Environment Activities, p. 12'!D22 -> 0
B20: development events | C20: # communities: | J20: 11 | K20: 6.1 | L20: ='Environment Activities, p. 12'!D22 -> 0
A21: 7 | B21: Cleaned up neighborhoods (indicate lbs or tons of | C21: Lbs: | J21: 11 | K21: 7 | L21: ='Environment Activities, p. 12'!D22 -> 0
B22: trash removed and/or number of neighborhoods | C22: Tons: | J22: 11 | K22: 7.1 | L22: ='Environment Activities, p. 12'!D22 -> 0
B23: cleared or in which graffiti removed) | C23: # neighborhoods: | J23: 11 | K23: 7.2 | L23: ='Environment Activities, p. 12'!D22 -> 0
A24: 8 | B24: Planted neighborhood gardens | C24: # gardens: | J24: 11 | K24: 8 | L24: ='Environment Activities, p. 12'!D22 -> 0
A25: 9 | B25: Planted trees in urban areas or rural towns (not wildlands) | C25: Total trees planted: | J25: 11 | K25: 9 | L25: ='Environment Activities, p. 12'!D22 -> 0
A26: 10 | B26: Recycled consumables or improved energy efficiency in neighborhood (Specify amount | C26: Lbs. recycled: | J26: 11 | K26: 10 | L26: ='Environment Activities, p. 12'!D22 -> 0
B27: recycled, or # of devices/fixtures) | C27: # of items: | J27: 11 | K27: 10.1 | L27: ='Environment Activities, p. 12'!D22 -> 0
A28: 11 | B28: Eliminated or abated environmental risk in buildings, bases, parks or other areas. (Please specify risk) | C28: # of buildings: | J28: 11 | K28: 11 | L28: ='Environment Activities, p. 12'!D22 -> 0
C29: # of areas: | J29: 11 | K29: 11.1 | L29: ='Environment Activities, p. 12'!D22 -> 0
A30: 12 | B30: Other activities (Please specify) | C30: # of units: (specify unit) | J30: 11 | K30: 12 | L30: ='Environment Activities, p. 12'!D22 -> 0

Sheet Environment Activities, p. 13
A1: C | B1: Natural Environment | C1: Fill in the numbers requested, and, where possible, indicate results you have
C2: seen. Leave blank those rows which are not applicable. Feel free to add
C3: activities in the row labeled OTHER, or write them on an additional page.
B4: For each of the following activities you | C4: Number of units | E4: Estimated | F4: Total | G4: Special characteristics of unit or work done
B5: did under AmeriCorps, please complete | C5: (e.g., trees planted, dams repaired, | E5: number of | F5: AmeriCorps
B6: the columns to the right | C6: areas abated, fish cultivated) | E6: people served | F6: Members
E7: or directly | F7: providing
E8: benefiting | F8: services
A9: 1 | B9: Planted trees in wildlands or park lands | C9: # of acres: | J9: 12 | K9: 1 | L9: ='Environment Activities, p. 13'!$D22 -> 0
B10: (Specify acres or trees) | C10: # of trees: | J10: 12 | K10: 1.1 | L10: ='Environment Activities, p. 13'!$D23 -> 0
A11: 2 | B11: Eliminated environmental risks in wild or park lands (Specify risk) | C11: # of acres: | J11: 12 | K11: 2 | L11: ='Environment Activities, p. 13'!$D24 -> 0
C12: # of miles: | J12: 12 | K12: 2.1 | L12: ='Environment Activities, p. 13'!$D25 -> 0
A13: 3 | B13: Repaired dams or did other flood control activities (Specify type of work) | C13: # of dams or items: | J13: 12 | K13: 3 | L13: ='Environment Activities, p. 13'!#REF! -> #REF!
A15: 4 | B15: Restored or conserved rivers, river banks, | C15: Miles of river: | J15: 12 | K15: 4 | L15: ='Environment Activities, p. 13'!$D27 -> 0
B16: beaches, and fish habitat | C16: Acres of habitat: | J16: 12 | K16: 4.1 | L16: ='Environment Activities, p. 13'!$D28 -> 0
A17: 5 | B17: Restored or conserved other public lands and fowl or fauna habitat (Specify type of habitat) | C17: Acres of habitat or land: | J17: 12 | K17: 5 | L17: ='Environment Activities, p. 13'!$D29 -> 0
A19: 6 | B19: Maintained or cleaned up trail & other public park areas or roads | C19: Miles of trail or road: | J19: 12 | K19: 6 | L19: ='Environment Activities, p. 13'!$D31 -> 0
A20: 7 | B20: Sampled, mapped and/or monitored natural resources (Specify resources and types of service) | C20: # of activities or efforts: | J20: 12 | K20: 7 | L20: ='Environment Activities, p. 13'!$D32 -> 0
A22: 8 | B22: Provided other technical services (e.g., computer simulation) (Specify type of service) | C22: # of service activities: | J22: 12 | K22: 8 | L22: ='Environment Activities, p. 13'!$D34 -> 0
A24: 9 | B24: Trained others to prevent or better address environmental problems (Specify type of training) | C24: # of trainings: | J24: 12 | K24: 9 | L24: ='Environment Activities, p. 13'!$D36 -> 0
A26: 10 | B26: Other activities (Please specify) | C26: # of units: (specify unit) | J26: 12 | K26: 10 | L26: ='Environment Activities, p. 13'!$D38 -> 0

Sheet Public Safety, p. 14
C1: Fill in the numbers requested, and, where possible, indicate results you
B2: Public Safety | C2: have seen. Leave blank those rows which are not applicable. Feel free
C3: to add activities in the row labeled OTHER, or add them on an additional page.
B4: For each of the following activities | G4: Total | H4: What results have you seen?
B5: you did under AmeriCorps, please | C5: Programs or groups | E5: Total served or directly | G5: AmeriCorps | H5: For example: | I5: Special characteristics
B6: complete the columns to the right | C6: affected | E6: benefiting | G6: Members | H6: *Held first peaceful community event | I6: of clients or
G7: providing | H7: *<number> Gang members now | I7: beneficiaries
G8: service | H8: working as peer mediators
A9: 1 | B9: Developed networks among ethnic or other groups previously not relating well | C9: # community groups: | E9: # people: | K9: 13 | L9: 1 | M9: ='Public Safety, p. 14'!$D22 -> 0
A10: 2 | B10: Conducted neighborhood watch or violence prevention patrols, child or | C10: # patrol groups: | E10: # people escorted: | K10: 13 | L10: 2 | M10: ='Public Safety, p. 14'!$D22 -> 0
B11: senior escorts | C11: # escorts: | K11: 13 | L11: 2.1 | M11: ='Public Safety, p. 14'!$D22 -> 0
A12: 3 | B12: Started or continued community policing or police relations programs | C12: # programs: | E12: #individuals: | K12: 13 | L12: 3 | M12: ='Public Safety, p. 14'!$D22 -> 0
A13: 4 | B13: Conducted or trained students in conflict mediation/ resolution programs in schools | C13: # programs: | E13: # involved: | K13: 13 | L13: 4 | M13: ='Public Safety, p. 14'!$D22 -> 0
A14: 5 | B14: Conducted or trained students, adults, or families in conflict mediation/ resolution out of school | C14: # programs: | E14: # involved: | K14: 13 | L14: 5 | M14: ='Public Safety, p. 14'!$D22 -> 0
A15: 6 | B15: Organized and/or conducted after school sports & violence avoidance activities | E15: # who participated: | K15: 13 | L15: 6 | M15: ='Public Safety, p. 14'!$D22 -> 0
A16: 7 | B16: Counseled individuals about substance abuse prevention or related issues | E16: # counseled: | K16: 13 | L16: 7 | M16: ='Public Safety, p. 14'!$D22 -> 0
A17: 8 | B17: Provided information about risks, safety measures, or victimization prevention to public, or answered hotline calls (Specify type of risks) | E17: # who received info: | K17: 13 | L17: 8 | M17: ='Public Safety, p. 14'!$D22 -> 0
A19: 9 | B19: Conducted anti-victimization counseling, workshops in violence prevention, or help in negotiating the justice system | E19: # individuals counseled or trained: | K19: 13 | L19: 9 | M19: ='Public Safety, p. 14'!$D22 -> 0
A20: 10 | B20: Conducted child abuse prevention awareness training | E20: # individuals trained: | K20: 13 | L20: 10 | M20: ='Public Safety, p. 14'!$D22 -> 0
A21: 11 | B21: Conducted activities related to juvenile or adult offenders or ex-offenders | E21: # juveniles: | K21: 13 | L21: 11 | M21: ='Public Safety, p. 14'!$D22 -> 0
B22: (e.g., career development for youth on probation) | E22: # adults: | K22: 13 | L22: 11.1 | M22: ='Public Safety, p. 14'!$D22 -> 0
A23: 12 | B23: Other activities (Please specify) | C23: # of units (please specify) | K23: 13 | L23: 12 | M23: ='Public Safety, p. 14'!$D22 -> 0

Sheet Member Development, p. 15
B1: Member Development | C1: Fill in the numbers requested and comment on any results you have seen.
C2: Leave blank those rows that are not applicable. Feel free to add accomplishments
C3: in the row labeled OTHER, or on an additional page.
B4: For each of the following activities you did | C4: Total | D4: What results have you seen?
B5: under AmeriCorps, please complete the | C5: AmeriCorps | D5: For example:
B6: columns to the right | C6: Members | D6: *Members now employed by social service agencies
C7: trained
A8: 1 | B8: Trained Members in life skills such as organizational skills, problem solving, working in teams, leadership skills, conflict resolution. (Please describe skills in which members were trained.) | F8: 14 | G8: 1 | H8: ='Member Development, p. 15'!$D22 -> 0
A10: 2 | B10: Trained Members in technical skills related to carrying out their assignments | F10: 14 | G10: 2 | H10: ='Member Development, p. 15'!$D22 -> 0
A11: 3 | B11: Provided Members academic training toward getting their GED or high school diploma | F11: 14 | G11: 3 | H11: ='Member Development, p. 15'!$D22 -> 0
A12: 4 | B12: Provided Members career development training or counseling | F12: 14 | G12: 4 | H12: ='Member Development, p. 15'!$D22 -> 0
A13: 5 | B13: Trained Members in CPR, first aid, emergency response | F13: 14 | G13: 5 | H13: ='Member Development, p. 15'!$D22 -> 0
A14: 6 | B14: Trained Members in citizenship and civic responsibility | F14: 14 | G14: 6 | H14: ='Member Development, p. 15'!$D22 -> 0
A15: 7 | B15: Helped prepare Members for their post-AmeriCorps job search | F15: 14 | G15: 7 | H15: ='Member Development, p. 15'!$D22 -> 0
A16: 8 | B16: Other Member Development activities (Please specify) | F16: 14 | G16: 8 | H16: ='Member Development, p. 15'!$D22 -> 0
