Workbook

Sheet Q1 Data
B1: Faculty Role | C1: Responses | D1: % Unique Responses
A2: Q1_1 | B2: Dean | C2: 1 | D2: =C2/30 -> 0.033333333
A3: Q1_2 | B3: Dept chair/Director | C3: 3 | D3: =C3/30 -> 0.1
A4: Q1_3 | B4: Departmental student advisor | C4: 1 | D4: =C4/30 -> 0.033333333
A5: Q1_4 | B5: Graduate student advisor | C5: 2 | D5: =C5/30 -> 0.066666667
A6: Q1_5 | B6: Course Coordinator | C6: 2 | D6: =C6/30 -> 0.066666667
A7: Q1_6 | B7: Faculty | C7: 24 | D7: =C7/30 -> 0.8
A8: Q1_7 | B8: Sessional Instructor | C8: 0 | D8: =C8/30 -> 0
A9: Q1_8 | B9: Other | C9: 0 | D9: =C9/30 -> 0
A10: Q1_Other | B10: Total Responses | C10: =SUM(C2:C9) -> 33
B11: Unique Responses | C11: 30

Sheet Q2 Data
B1: Faculty | C1: Responses | D1: % Responses
A2: 1 | B2: Business | C2: 2 | D2: =C2/C$9 -> 0.066666667
A3: 4 | B3: Fine Arts | C3: 1 | D3: =C3/C$9 -> 0.033333333
A4: 5 | B4: Human & Social Development | C4: 4 | D4: =C4/C$9 -> 0.13333333
A5: 6 | B5: Humanities | C5: 6 | D5: =C5/C$9 -> 0.2
A6: 7 | B6: Law | C6: 1 | D6: =C6/C$9 -> 0.033333333
A7: 8 | B7: Science | C7: 5 | D7: =C7/C$9 -> 0.16666667
A8: 9 | B8: Social Science | C8: 11 | D8: =C8/C$9 -> 0.36666667
B9: Total Responses | C9: =SUM(C2:C8) -> 30 | D9: =C9/C$9 -> 1

Sheet Q4 
A1: Q4 | B1: Class Lists | C1: Student Records | D1: Timetables | E1: Student Addresses | F1: Transcripts/Grades | G1: Advising | H1: Enrolment Numbers | I1: Transfer Credit | J1: Secretary Provides Information
A2: Even when I was program director, I did not use ISIS - primarily because it was not very user friendly and my staff could do it for me. | J2: 1
A3: Class lists, student records, timetables. | B3: 1 | C3: 1 | D3: 1
A4: class list, transcripts, student e-mails | B4: 1 | E4: 1 | F4: 1
A5: transcripts | F5: 1
A6: Up to date course population numbers (very important); Up to date wait list numbers (extremely important); In rare instances, address information to write to students; With the permission of the student, checks on grade records when I am writing letter | E6: 1 | F6: 1 | H6: 1
A7: class lists, unofficial transcripts | B7: 1 | F7: 1
A8: class lists, student addresses (e-mails), phones, unofficial transcripts (when writing letters of recommendation | B8: 1 | E8: 1 | F8: 1
A9: Checking Student grades for admission to Honours Program | F9: 1
A10: Mostly unofficial transcripts. | F10: 1
A11: My secretary will access student records, grades, phone numbers, etc. | C11: 1 | E11: 1 | F11: 1 | J11: 1
A12: student records and course lists | C12: 1 | D12: 1
A13: I ask my secretary to look up whatever it is I need. | J13: 1
A14: student transcripts, transfer credit, course credits | F14: 1 | I14: 1
A15: student transcripts, for advising students about courses to take etc, and to check when writing reference letters for students (in most cases, with students' permission) | F15: 1 | G15: 1
A16: I do not have ISIS access. The Department Secretary responds to my requests for student information. | J16: 1
A17: As few as possible right now - I find the interface clumsy and outmoded. | J17: 1
A18: none; secretary handles it for me | J18: 1
A19: Records of student grades | F19: 1
A20: access to student trascripts, class lists | B20: 1 | F20: 1
A21: student records, class lists | B21: 1 | C21: 1
A22: I occassional need to check students' credits and course completions. When I served as Chair, for 4 years between 1997 and 2002, I used ISIS every day. | F22: 1
A23: =COUNTA(A2:A22) -> 21 | B23: =SUM(B2:B22) -> 6 | C23: =SUM(C2:C22) -> 4 | D23: =SUM(D2:D22) -> 2 | E23: =SUM(E2:E22) -> 4 | F23: =SUM(F2:F22) -> 13 | G23: =SUM(G2:G22) -> 1 | H23: =SUM(H2:H22) -> 1 | I23: =SUM(I2:I22) -> 1 | J23: =SUM(J2:J22) -> 6
B24: =B23/$A$23 -> 0.28571429 | C24: =C23/$A$23 -> 0.19047619 | D24: =D23/$A$23 -> 0.095238095 | E24: =E23/$A$23 -> 0.19047619 | F24: =F23/$A$23 -> 0.61904762 | G24: =G23/$A$23 -> 0.047619048 | H24: =H23/$A$23 -> 0.047619048 | I24: =I23/$A$23 -> 0.047619048 | J24: =J23/$A$23 -> 0.28571429
A30: Q5 | B30: Enhanced Class Lists | C30: Ad Hoc Reporting | D30: Direct Access for Faculty | E30: Enhanced Student Address Information | F30: Better Integration with Other Systems | G30: Enhanced Transfer Credit Information | H30: Interface Improvements | I30: Status Quo
A31: It concerns me that the assumption is to modify ISIS - which seems a bit problematic to me. What we need is a web-based system, preferably one that would interface with our Faculty's Blackboard program. It would be nice if the system could provide class | F31: 1
A32: easy use, | H32: 1
A33: 1) I would like to see a student's program and not just his/her year and faculty listed on course lists. 2) I would like to be able to do sophisticated database style inquiries, such as, "what percentage of students [ or what number of students] currentl | B33: 1 | C33: 1
A34: flagging of students currently on probation at the top of UTs, adjacent to the notation that a student has not satisfied the English Language Requirement, those two flags on class lists would be even more helpful | B34: 1
A35: As an Advisor, I have no need for further information than courses taken and grades. | I35: 1
A36: student e-mail addresses; printable screens | E36: 1 | H36: 1
A37: e-mail addresses for students as part of their student information | E37: 1
A38: direct access for faculty; I have to go through dept staff | D38: 1
A39: - easily customizable and downloadable information (that conforms to standard database formats e.g. SQL) - user friendliness - - ability to integrate with other databases (e.g., grade-keeping, email archives -integration with Course Management platf | C39: 1
A40: Better Math 12 data from high schools | G40: 1
A41: Student records should include Uvic-equivalent grades for transfer credits given from community colleges and other universities. As it is now I have to ask Records to fax over student records from other institutions to get this information. I use this inf | G41: 1
A42: =COUNTA(A31:A41) -> 11 | B42: =SUM(B31:B41) -> 2 | C42: =SUM(C31:C41) -> 2 | D42: =SUM(D31:D41) -> 1 | E42: =SUM(E31:E41) -> 2 | F42: =SUM(F31:F41) -> 1 | G42: =SUM(G31:G41) -> 2 | H42: =SUM(H31:H41) -> 2 | I42: =SUM(I31:I41) -> 1
B43: =B42/$A$42 -> 0.18181818 | C43: =C42/$A$42 -> 0.18181818 | D43: =D42/$A$42 -> 0.090909091 | E43: =E42/$A$42 -> 0.18181818 | F43: =F42/$A$42 -> 0.090909091 | G43: =G42/$A$42 -> 0.18181818 | H43: =H42/$A$42 -> 0.18181818 | I43: =I42/$A$42 -> 0.090909091

Sheet Q3 Data
B1: Frequency | C1: Responses | D1: % Responses
A2: 3 | B2: Weekly | C2: 10 | D2: =C2/$C$6 -> 0.33333333 | E2: =C2*A2 -> 30
A3: 2 | B3: Monthly | C3: 4 | D3: =C3/$C$6 -> 0.13333333 | E3: =C3*A3 -> 8
A4: 1 | B4: Infrequently | C4: 4 | D4: =C4/$C$6 -> 0.13333333 | E4: =C4*A4 -> 4
A5: 0 | B5: Never | C5: 12 | D5: =C5/$C$6 -> 0.4 | E5: =C5*A5 -> 0
B6: Total Responses | C6: =SUM(C2:C5) -> 30 | E6: =(SUM(E2:E5))/30 -> 1.4
B7: Average Response | C7: =E6 -> 1.4
A9: Daily

Sheet Q4 AND 5 Data

Sheet Q8 9 Data
A1: Q8 | B1: Don't Use | C1: Class Enrolment | D1: Secretary Accesses/Provides Information
A2: Do not know how to use or get access to it. | B2: 1
A3: Hard copies | D3: 1
A4: My secretary uses it, as does the Departmental admin officer | D4: 1
A5: I have never heard of it. | B5: 1
A6: I used CUS when I was Chair. It was important to check class enrollments. | C6: 1
B7: =SUM(B2:B6) -> 2 | C7: =SUM(C2:C6) -> 1 | D7: =SUM(D2:D6) -> 2
B8: =B7/5 -> 0.4 | C8: =C7/5 -> 0.2 | D8: =D7/5 -> 0.4

Sheet Sheet6

Sheet Q7 Data
B1: Frequency | C1: Responses | D1: % Responses
A2: 4 | B2: Daily | C2: 2 | D2: =C2/$C$5 -> 0.066666667 | E2: =C2*A2 -> 8
A3: 1 | B3: Infrequently | C3: 3 | D3: =C3/$C$5 -> 0.1 | E3: =C3*A3 -> 3
A4: 0 | B4: Never | C4: 25 | D4: =C4/$C$5 -> 0.83333333 | E4: =C4*A4 -> 0
B5: Total Responses | C5: =SUM(C2:C4) -> 30 | E5: =(SUM(E2:E4))/30 -> 0.36666667
B6: Average Response | C6: =E5 -> 0.36666667

Sheet Q11 Data
A1: Q11 | B1: Frequency | C1: Responses | D1: % Responses
A2: 1 | B2: Infrequently | C2: 5 | D2: =C2/$C$4 -> 0.16666667 | E2: =C2*A2 -> 5
A3: 0 | B3: Never | C3: 25 | D3: =C3/$C$4 -> 0.83333333 | E3: =C3*A3 -> 0
B4: Total Responses | C4: =SUM(C2:C3) -> 30 | E4: =(SUM(E2:E3))/30 -> 0.16666667
B5: Average Response | C5: =E4 -> 0.16666667

Sheet Q15 Data
A1: Q15 | B1: Frequency | C1: Responses | D1: % Responses
A2: 3 | B2: Weekly | C2: 3 | D2: =C2/$C$6 -> 0.1 | E2: =C2*A2 -> 9
A3: 2 | B3: Monthly | C3: 2 | D3: =C3/$C$6 -> 0.066666667 | E3: =C3*A3 -> 4
A4: 1 | B4: Infrequently | C4: 2 | D4: =C4/$C$6 -> 0.066666667 | E4: =C4*A4 -> 2
A5: 0 | B5: Never | C5: 23 | D5: =C5/$C$6 -> 0.76666667 | E5: =C5*A5 -> 0
B6: Total Responses | C6: =SUM(C2:C5) -> 30 | E6: =(SUM(E2:E5))/30 -> 0.5
B7: Average Response | C7: =E6 -> 0.5

Sheet Q19 Data
A1: Q19 | B1: Frequency | C1: Responses | D1: % Responses
A2: 4 | B2: Daily | C2: 2 | D2: =C2/$C$7 -> 0.066666667 | E2: =C2*A2 -> 8
A3: 3 | B3: Weekly | C3: 3 | D3: =C3/$C$7 -> 0.1 | E3: =C3*A3 -> 9
A4: 2 | B4: Monthly | C4: 6 | D4: =C4/$C$7 -> 0.2 | E4: =C4*A4 -> 12
A5: 1 | B5: Infrequently | C5: 8 | D5: =C5/$C$7 -> 0.26666667 | E5: =C5*A5 -> 8
A6: 0 | B6: Never | C6: 11 | D6: =C6/$C$7 -> 0.36666667 | E6: =C6*A6 -> 0
B7: Total Responses | C7: =SUM(C2:C6) -> 30 | E7: =(SUM(E2:E6))/30 -> 1.2333333
B8: Average Response | C8: =E7 -> 1.2333333

Sheet Q23 Data
A2: Q23 | B2: Frequency | C2: Responses | D2: % Responses
A3: 4 | B3: Daily | C3: 1 | D3: =C3/$C$7 -> 0.033333333 | E3: =C3*A3 -> 4
A4: 3 | B4: Weekly | C4: 4 | D4: =C4/$C$7 -> 0.13333333 | E4: =C4*A4 -> 12
A5: 1 | B5: Infrequently | C5: 5 | D5: =C5/$C$7 -> 0.16666667 | E5: =C5*A5 -> 5
A6: 0 | B6: Never | C6: 20 | D6: =C6/$C$7 -> 0.66666667 | E6: =C6*A6 -> 0
B7: Total Responses | C7: =SUM(C3:C6) -> 30 | E7: =(SUM(E3:E6))/30 -> 0.7
B8: Average Response | C8: =E7 -> 0.7

Sheet Q27 Data
A1: Activity | B1: Responses | C1: % Responses | D1: % Unique Responses
A2: Class lists | B2: 22 | C2: =B2/63 -> 0.34920635 | D2: =B2/30 -> 0.73333333
A3: Advising students | B3: 16 | C3: =B3/63 -> 0.25396825 | D3: =B3/30 -> 0.53333333
A4: Registering students | B4: 1 | C4: =B4/63 -> 0.015873016 | D4: =B4/30 -> 0.033333333
A5: Managing enrollment | B5: 12 | C5: =B5/63 -> 0.19047619 | D5: =B5/30 -> 0.4
A6: Obtaining statistical or other reports | B6: 3 | C6: =B6/63 -> 0.047619048 | D6: =B6/30 -> 0.1
A7: Transfer credit | B7: 4 | C7: =B7/63 -> 0.063492063 | D7: =B7/30 -> 0.13333333
A8: Booking rooms | B8: 2 | C8: =B8/63 -> 0.031746032 | D8: =B8/30 -> 0.066666667
A9: Other | B9: 3 | C9: =B9/63 -> 0.047619048 | D9: =B9/30 -> 0.1
A10: Total Responses | B10: =SUM(B2:B9) -> 63
A11: Unique Respondents | B11: 30

Sheet Q28 Data
A2: Q28a | B2: Answer | C2: Responses | D2: % Responses
A3: 1 | B3: No | C3: 21 | D3: =C3/C$5 -> 0.7
A4: 2 | B4: Yes | C4: 9 | D4: =C4/C$5 -> 0.3
B5: Total Responses | C5: =SUM(C3:C4) -> 30
A7: Q28b | B7: CountOfQ28b
B8: Software | C8: Responses | D8: % Responses
A9: 1 | B9: Web CT | C9: 5 | D9: =C9/C$12 -> 0.55555556
A10: 2 | B10: Blackboard | C10: 2 | D10: =C10/C$12 -> 0.22222222
A11: 3 | B11: Other | C11: 2 | D11: =C11/C$12 -> 0.22222222
B12: Total Responses | C12: =SUM(C8:C11) -> 9

Sheet Q29 Data
A1: Answer | B1: Responses | C1: % Responses
A2: No | B2: 9 | C2: =B2/30 -> 0.3
A3: Yes | B3: 21 | C3: =B3/30 -> 0.7
A4: Total Responses | B4: =SUM(B2:B3) -> 30
A6: Software | B6: Responses | C6: % Responses
A7: MS Excel | B7: 16 | C7: =B7/$B$10 -> 0.76190476
A8: File Maker Pro | B8: 1 | C8: =B8/$B$10 -> 0.047619048
A9: Other | B9: 4 | C9: =B9/$B$10 -> 0.19047619
A10: Total Responses | B10: =SUM(B7:B9) -> 21

Sheet Q30 Data
A1: Answer | B1: Responses | C1: % Responses
A2: Yes | B2: 16 | C2: =B2/30 -> 0.53333333
A3: No | B3: 14 | C3: =B3/30 -> 0.46666667
A4: Total Responses | B4: =SUM(B2:B3) -> 30

Sheet Sheet10
A1: Q3: ISIS | B1: ='Q3 Data'!E6 -> 1.4
A2: Q7: CUS | B2: ='Q7 Data'!E5 -> 0.36666667
A3: Q11: CRABS | B3: ='Q11 Data'!E4 -> 0.16666667
A4: Q15: PADRE | B4: ='Q15 Data'!E6 -> 0.5
A5: Q19: WebCL | B5: ='Q19 Data'!E7 -> 1.2333333
A6: Q23: WebTT | B6: ='Q23 Data'!E7 -> 0.7
A10: Answer | B10: Responses | C10: % Responses
A11: No | B11: 24 | C11: =B11/30 -> 0.8
A12: Yes | B12: 6 | C12: =B12/30 -> 0.2
A13: Total Responses | B13: =SUM(B11:B12) -> 30
