Workbook

Sheet Attendance
A1: Name | C1: 38006 | D1: =C1+2 -> 38008 | E1: =D1+5 -> 38013 | F1: =E1+2 -> 38015 | G1: =F1+5 -> 38020 | H1: =G1+2 -> 38022 | I1: =H1+5 -> 38027 | J1: =I1+2 -> 38029 | K1: =J1+5 -> 38034 | L1: =K1+2 -> 38036 | M1: =L1+5 -> 38041 | N1: =M1+2 -> 38043 | O1: =N1+5 -> 38048 | P1: =O1+2 -> 38050 | Q1: =P1+5 -> 38055 | R1: =Q1+2 -> 38057 | S1: =R1+5 -> 38062 | T1: =S1+2 -> 38064 | U1: =T1+5 -> 38069 | V1: =U1+2 -> 38071 | W1: =V1+5 -> 38076 | X1: =W1+2 -> 38078 | Y1: =X1+5 -> 38083 | Z1: =Y1+2 -> 38085 | AA1: =Z1+5 -> 38090 | AB1: =AA1+2 -> 38092 | AC1: =AB1+5 -> 38097 | AD1: =AC1+2 -> 38099 | AE1: =AD1+5 -> 38104 | AF1: =AE1+2 -> 38106 | AG1: =AF1+5 -> 38111 | AH1: =AG1+2 -> 38113 | AI1: Total Absences | AJ1: Attendance | AK1: Attendance Schedule
C2: ü | AI2: =IF(ISBLANK(Grades!#REF!),"",COUNTIF(C2:AH2,"A")) -> 0 | AJ2: =IF(ISBLANK(Grades!#REF!),"",LOOKUP(AI2,$AK$2:$AK$6,$AL$2:$AL$6)) -> 30 | AK2: 0 | AL2: 30
C3: ü | AI3: =IF(ISBLANK(Grades!#REF!),"",COUNTIF(C3:AH3,"A")) -> 0 | AJ3: =IF(ISBLANK(Grades!#REF!),"",LOOKUP(AI3,$AK$2:$AK$6,$AL$2:$AL$6)) -> 30 | AK3: 1 | AL3: 30
C4: ü | AI4: =IF(ISBLANK(Grades!#REF!),"",COUNTIF(C4:AH4,"A")) -> 0 | AJ4: =IF(ISBLANK(Grades!#REF!),"",LOOKUP(AI4,$AK$2:$AK$6,$AL$2:$AL$6)) -> 30 | AK4: 2 | AL4: 24
C5: ü | AI5: =IF(ISBLANK(Grades!#REF!),"",COUNTIF(C5:AH5,"A")) -> 0 | AJ5: =IF(ISBLANK(Grades!#REF!),"",LOOKUP(AI5,$AK$2:$AK$6,$AL$2:$AL$6)) -> 30 | AK5: 3 | AL5: 16
C6: ü | AI6: =IF(ISBLANK(Grades!#REF!),"",COUNTIF(C6:AH6,"A")) -> 0 | AJ6: =IF(ISBLANK(Grades!#REF!),"",LOOKUP(AI6,$AK$2:$AK$6,$AL$2:$AL$6)) -> 30 | AK6: 4 | AL6: 0
C7: ü | AI7: =IF(ISBLANK(Grades!#REF!),"",COUNTIF(C7:AH7,"A")) -> 0 | AJ7: =IF(ISBLANK(Grades!#REF!),"",LOOKUP(AI7,$AK$2:$AK$6,$AL$2:$AL$6)) -> 30
A8: john | B8: smith | C8: ü | AI8: =IF(ISBLANK(Grades!#REF!),"",COUNTIF(C8:AH8,"A")) -> 0 | AJ8: =IF(ISBLANK(Grades!#REF!),"",LOOKUP(AI8,$AK$2:$AK$6,$AL$2:$AL$6)) -> 30
C9: ü | AI9: =IF(ISBLANK(Grades!#REF!),"",COUNTIF(C9:AH9,"A")) -> 0 | AJ9: =IF(ISBLANK(Grades!#REF!),"",LOOKUP(AI9,$AK$2:$AK$6,$AL$2:$AL$6)) -> 30
C10: ü | AI10: =IF(ISBLANK(Grades!#REF!),"",COUNTIF(C10:AH10,"A")) -> 0 | AJ10: =IF(ISBLANK(Grades!#REF!),"",LOOKUP(AI10,$AK$2:$AK$6,$AL$2:$AL$6)) -> 30
C11: ü | AI11: =IF(ISBLANK(Grades!#REF!),"",COUNTIF(C11:AH11,"A")) -> 0 | AJ11: =IF(ISBLANK(Grades!#REF!),"",LOOKUP(AI11,$AK$2:$AK$6,$AL$2:$AL$6)) -> 30
C12: ü | AI12: =IF(ISBLANK(Grades!#REF!),"",COUNTIF(C12:AH12,"A")) -> 0 | AJ12: =IF(ISBLANK(Grades!#REF!),"",LOOKUP(AI12,$AK$2:$AK$6,$AL$2:$AL$6)) -> 30
C13: ü | AI13: =IF(ISBLANK(Grades!#REF!),"",COUNTIF(C13:AH13,"A")) -> 0 | AJ13: =IF(ISBLANK(Grades!#REF!),"",LOOKUP(AI13,$AK$2:$AK$6,$AL$2:$AL$6)) -> 30
C14: ü | AI14: =IF(ISBLANK(Grades!#REF!),"",COUNTIF(C14:AH14,"A")) -> 0 | AJ14: =IF(ISBLANK(Grades!#REF!),"",LOOKUP(AI14,$AK$2:$AK$6,$AL$2:$AL$6)) -> 30
C15: ü | AI15: =IF(ISBLANK(Grades!#REF!),"",COUNTIF(C15:AH15,"A")) -> 0 | AJ15: =IF(ISBLANK(Grades!#REF!),"",LOOKUP(AI15,$AK$2:$AK$6,$AL$2:$AL$6)) -> 30
C16: ü | AI16: =IF(ISBLANK(Grades!#REF!),"",COUNTIF(C16:AH16,"A")) -> 0 | AJ16: =IF(ISBLANK(Grades!#REF!),"",LOOKUP(AI16,$AK$2:$AK$6,$AL$2:$AL$6)) -> 30
C17: ü | AI17: =IF(ISBLANK(Grades!#REF!),"",COUNTIF(C17:AH17,"A")) -> 0 | AJ17: =IF(ISBLANK(Grades!#REF!),"",LOOKUP(AI17,$AK$2:$AK$6,$AL$2:$AL$6)) -> 30
C18: ü | AI18: =IF(ISBLANK(Grades!#REF!),"",COUNTIF(C18:AH18,"A")) -> 0 | AJ18: =IF(ISBLANK(Grades!#REF!),"",LOOKUP(AI18,$AK$2:$AK$6,$AL$2:$AL$6)) -> 30
C19: ü | AI19: =IF(ISBLANK(Grades!#REF!),"",COUNTIF(C19:AH19,"A")) -> 0 | AJ19: =IF(ISBLANK(Grades!#REF!),"",LOOKUP(AI19,$AK$2:$AK$6,$AL$2:$AL$6)) -> 30
C20: ü | AI20: =IF(ISBLANK(Grades!#REF!),"",COUNTIF(C20:AH20,"A")) -> 0 | AJ20: =IF(ISBLANK(Grades!#REF!),"",LOOKUP(AI20,$AK$2:$AK$6,$AL$2:$AL$6)) -> 30
... C35: ü | AI35: =IF(ISBLANK(Grades!#REF!),"",COUNTIF(C35:AH35,"A")) -> 0 | AJ35: =IF(ISBLANK(Grades!#REF!),"",LOOKUP(AI35,$AK$2:$AK$6,$AL$2:$AL$6)) -> 30

Sheet Phone List
A1: Name | C1: Phone# | D1: E-mail
A2: =IF(ISBLANK(Attendance!A2),"",Attendance!A2) | B2: =IF(ISBLANK(Attendance!B2),"",Attendance!B2)
A3: =IF(ISBLANK(Attendance!A3),"",Attendance!A3) | B3: =IF(ISBLANK(Attendance!B3),"",Attendance!B3)
A4: =IF(ISBLANK(Attendance!A4),"",Attendance!A4) | B4: =IF(ISBLANK(Attendance!B4),"",Attendance!B4)
A5: =IF(ISBLANK(Attendance!A5),"",Attendance!A5) | B5: =IF(ISBLANK(Attendance!B5),"",Attendance!B5)
A6: =IF(ISBLANK(Attendance!A6),"",Attendance!A6) | B6: =IF(ISBLANK(Attendance!B6),"",Attendance!B6)
A7: =IF(ISBLANK(Attendance!A7),"",Attendance!A7) | B7: =IF(ISBLANK(Attendance!B7),"",Attendance!B7)
A8: =IF(ISBLANK(Attendance!A8),"",Attendance!A8) -> john | B8: =IF(ISBLANK(Attendance!B8),"",Attendance!B8) -> smith
A9: =IF(ISBLANK(Attendance!A9),"",Attendance!A9) | B9: =IF(ISBLANK(Attendance!B9),"",Attendance!B9)
A10: =IF(ISBLANK(Attendance!A10),"",Attendance!A10) | B10: =IF(ISBLANK(Attendance!B10),"",Attendance!B10)
A11: =IF(ISBLANK(Attendance!A11),"",Attendance!A11) | B11: =IF(ISBLANK(Attendance!B11),"",Attendance!B11)
A12: =IF(ISBLANK(Attendance!A12),"",Attendance!A12) | B12: =IF(ISBLANK(Attendance!B12),"",Attendance!B12)
A13: =IF(ISBLANK(Attendance!A13),"",Attendance!A13) | B13: =IF(ISBLANK(Attendance!B13),"",Attendance!B13)
... A35: =IF(ISBLANK(Attendance!A35),"",Attendance!A35) | B35: =IF(ISBLANK(Attendance!B35),"",Attendance!B35)

Sheet Grades
A1: Name | C1: Attendance | D1: Participation | E1: Bonus | F1: Syllabus | G1: PPC | H1: Market | I1: Demand | J1: Supply Summary | K1: Supply | L1: Organ Webquest | M1: Smoking | N1: Violence | O1: Pam's… | P1: Cookies | Q1: MU/TU figures | R1: Assess | S1: Production | T1: Cost Table | U1: AZ Chain Reaction | V1: PC Profit | W1: Microsoft | X1: Final Notes | Y1: IN-CLASS | Z1: Quiz#1 | AA1: Retake#1 | AB1: Score#1 | AC1: (%1) | AD1: Quiz#2 | AE1: Retake#2 | AF1: Score#2 | AG1: (%2) | AH1: Alt. Quiz | AI1: Score | AJ1: (%) | AK1: Quiz#3 | AL1: Retake#3 | AM1: Score#3 | AN1: (%3) | AO1: Quiz#4 | AP1: Retake#4 | AQ1: Score#4 | AR1: (%4) | AS1: Quiz#5 | AT1: Retake#5 | AU1: Score#5 | AV1: (%5) | AW1: Quiz#6 | AX1: Retake#6 | AY1: Score#6 | AZ1: (%6) | BA1: QUIZ TOTAL | BB1: FINAL | BD1: TOTAL POINTS | BF1: AVERAGE | BG1: GRADE | BI1: (initial) | BJ1: re-take | BK1: final exam score
A2: =IF(ISBLANK(Attendance!A2),"",Attendance!A2) | B2: =IF(ISBLANK(Attendance!B2),"",Attendance!B2) | C2: =IF(ISBLANK(Attendance!A2),"",Attendance!AJ2) | Y2: =SUM(F2:X2) -> 0 | AB2: =(Z2+AA2) -> 0 | AC2: =AB2/40 -> 0 | AF2: =(AD2+AE2) -> 0 | AG2: =AF2/40 -> 0 | AJ2: =AH2/20 -> 0 | AM2: =(AK2+AL2) -> 0 | AN2: =AM2/40 -> 0 | AQ2: =(AO2+AP2) -> 0 | AR2: =AQ2/40 -> 0 | AU2: =AS2+AT2 -> 0 | AV2: =AU2/40 -> 0 | AY2: =(AW2+AX2) -> 0 | AZ2: =AY2/50 -> 0 | BA2: =SUM(AB2,AF2,AI2,AM2,AQ2,AU2,AY2)-SMALL((AB2,AF2,AI2,AM2,AQ2,AU2,AY2),1) -> 0 | BB2: =BK2 -> 0 | BD2: =SUM(C2,D2,Y2,BA2,BB2) -> 0 | BF2: =BD2/400 -> 0 | BK2: =(BI2+BJ2)*3.75 -> 0
A3: =IF(ISBLANK(Attendance!A3),"",Attendance!A3) | B3: =IF(ISBLANK(Attendance!B3),"",Attendance!B3) | C3: =IF(ISBLANK(Attendance!A3),"",Attendance!AJ3) | Y3: =SUM(F3:X3) -> 0 | AB3: =(Z3+AA3) -> 0 | AC3: =AB3/40 -> 0 | AF3: =(AD3+AE3) -> 0 | AG3: =AF3/40 -> 0 | AJ3: =AH3/20 -> 0 | AM3: =(AK3+AL3) -> 0 | AN3: =AM3/40 -> 0 | AQ3: =(AO3+AP3) -> 0 | AR3: =AQ3/40 -> 0 | AU3: =AS3+AT3 -> 0 | AV3: =AU3/40 -> 0 | AY3: =(AW3+AX3) -> 0 | AZ3: =AY3/50 -> 0 | BA3: =SUM(AB3,AF3,AI3,AM3,AQ3,AU3,AY3)-SMALL((AB3,AF3,AI3,AM3,AQ3,AU3,AY3),1) -> 0 | BB3: =BK3 -> 0 | BD3: =SUM(C3,D3,Y3,BA3,BB3) -> 0 | BF3: =BD3/400 -> 0 | BK3: =(BI3+BJ3)*3.75 -> 0
A4: =IF(ISBLANK(Attendance!A4),"",Attendance!A4) | B4: =IF(ISBLANK(Attendance!B4),"",Attendance!B4) | C4: =IF(ISBLANK(Attendance!A4),"",Attendance!AJ4) | Y4: =SUM(F4:X4) -> 0 | AB4: =(Z4+AA4) -> 0 | AC4: =AB4/40 -> 0 | AF4: =(AD4+AE4) -> 0 | AG4: =AF4/40 -> 0 | AJ4: =AH4/20 -> 0 | AM4: =(AK4+AL4) -> 0 | AN4: =AM4/40 -> 0 | AQ4: =(AO4+AP4) -> 0 | AR4: =AQ4/40 -> 0 | AU4: =AS4+AT4 -> 0 | AV4: =AU4/40 -> 0 | AY4: =(AW4+AX4) -> 0 | AZ4: =AY4/50 -> 0 | BA4: =SUM(AB4,AF4,AI4,AM4,AQ4,AU4,AY4)-SMALL((AB4,AF4,AI4,AM4,AQ4,AU4,AY4),1) -> 0 | BB4: =BK4 -> 0 | BD4: =SUM(C4,D4,Y4,BA4,BB4) -> 0 | BF4: =BD4/400 -> 0 | BK4: =(BI4+BJ4)*3.75 -> 0
A5: =IF(ISBLANK(Attendance!A5),"",Attendance!A5) | B5: =IF(ISBLANK(Attendance!B5),"",Attendance!B5) | C5: =IF(ISBLANK(Attendance!A5),"",Attendance!AJ5) | Y5: =SUM(F5:X5) -> 0 | AB5: =(Z5+AA5) -> 0 | AC5: =AB5/40 -> 0 | AF5: =(AD5+AE5) -> 0 | AG5: =AF5/40 -> 0 | AJ5: =AH5/20 -> 0 | AM5: =(AK5+AL5) -> 0 | AN5: =AM5/40 -> 0 | AQ5: =(AO5+AP5) -> 0 | AR5: =AQ5/40 -> 0 | AU5: =AS5+AT5 -> 0 | AV5: =AU5/40 -> 0 | AY5: =(AW5+AX5) -> 0 | AZ5: =AY5/50 -> 0 | BA5: =SUM(AB5,AF5,AI5,AM5,AQ5,AU5,AY5)-SMALL((AB5,AF5,AI5,AM5,AQ5,AU5,AY5),1) -> 0 | BB5: =BK5 -> 0 | BD5: =SUM(C5,D5,Y5,BA5,BB5) -> 0 | BF5: =BD5/400 -> 0 | BK5: =(BI5+BJ5)*3.75 -> 0
A6: =IF(ISBLANK(Attendance!A6),"",Attendance!A6) | B6: =IF(ISBLANK(Attendance!B6),"",Attendance!B6) | C6: =IF(ISBLANK(Attendance!A6),"",Attendance!AJ6) | Y6: =SUM(F6:X6) -> 0 | AB6: =(Z6+AA6) -> 0 | AC6: =AB6/40 -> 0 | AF6: =(AD6+AE6) -> 0 | AG6: =AF6/40 -> 0 | AJ6: =AH6/20 -> 0 | AM6: =(AK6+AL6) -> 0 | AN6: =AM6/40 -> 0 | AQ6: =(AO6+AP6) -> 0 | AR6: =AQ6/40 -> 0 | AU6: =AS6+AT6 -> 0 | AV6: =AU6/40 -> 0 | AY6: =(AW6+AX6) -> 0 | AZ6: =AY6/50 -> 0 | BA6: =SUM(AB6,AF6,AI6,AM6,AQ6,AU6,AY6)-SMALL((AB6,AF6,AI6,AM6,AQ6,AU6,AY6),1) -> 0 | BB6: =BK6 -> 0 | BD6: =SUM(C6,D6,Y6,BA6,BB6) -> 0 | BF6: =BD6/400 -> 0 | BK6: =(BI6+BJ6)*3.75 -> 0
A7: =IF(ISBLANK(Attendance!A7),"",Attendance!A7) | B7: =IF(ISBLANK(Attendance!B7),"",Attendance!B7) | C7: =IF(ISBLANK(Attendance!A7),"",Attendance!AJ7) | Y7: =SUM(F7:X7) -> 0 | AB7: =(Z7+AA7) -> 0 | AC7: =AB7/40 -> 0 | AF7: =(AD7+AE7) -> 0 | AG7: =AF7/40 -> 0 | AJ7: =AH7/20 -> 0 | AM7: =(AK7+AL7) -> 0 | AN7: =AM7/40 -> 0 | AQ7: =(AO7+AP7) -> 0 | AR7: =AQ7/40 -> 0 | AU7: =AS7+AT7 -> 0 | AV7: =AU7/40 -> 0 | AY7: =(AW7+AX7) -> 0 | AZ7: =AY7/50 -> 0 | BA7: =SUM(AB7,AF7,AI7,AM7,AQ7,AU7,AY7)-SMALL((AB7,AF7,AI7,AM7,AQ7,AU7,AY7),1) -> 0 | BB7: =BK7 -> 0 | BD7: =SUM(C7,D7,Y7,BA7,BB7) -> 0 | BF7: =BD7/400 -> 0 | BK7: =(BI7+BJ7)*3.75 -> 0
A8: =IF(ISBLANK(Attendance!A8),"",Attendance!A8) -> john | B8: =IF(ISBLANK(Attendance!B8),"",Attendance!B8) -> smith | C8: =IF(ISBLANK(Attendance!A8),"",Attendance!AJ8) -> 30 | Y8: =SUM(F8:X8) -> 0 | AB8: =(Z8+AA8) -> 0 | AC8: =AB8/40 -> 0 | AF8: =(AD8+AE8) -> 0 | AG8: =AF8/40 -> 0 | AJ8: =AH8/20 -> 0 | AM8: =(AK8+AL8) -> 0 | AN8: =AM8/40 -> 0 | AQ8: =(AO8+AP8) -> 0 | AR8: =AQ8/40 -> 0 | AU8: =AS8+AT8 -> 0 | AV8: =AU8/40 -> 0 | AY8: =(AW8+AX8) -> 0 | AZ8: =AY8/50 -> 0 | BA8: =SUM(AB8,AF8,AI8,AM8,AQ8,AU8,AY8)-SMALL((AB8,AF8,AI8,AM8,AQ8,AU8,AY8),1) -> 0 | BB8: =BK8 -> 0 | BD8: =SUM(C8,D8,Y8,BA8,BB8) -> 30 | BF8: =BD8/400 -> 0.075 | BK8: =(BI8+BJ8)*3.75 -> 0
A9: =IF(ISBLANK(Attendance!A9),"",Attendance!A9) | B9: =IF(ISBLANK(Attendance!B9),"",Attendance!B9) | C9: =IF(ISBLANK(Attendance!A9),"",Attendance!AJ9) | Y9: =SUM(F9:X9) -> 0 | AB9: =(Z9+AA9) -> 0 | AC9: =AB9/40 -> 0 | AF9: =(AD9+AE9) -> 0 | AG9: =AF9/40 -> 0 | AJ9: =AH9/20 -> 0 | AM9: =(AK9+AL9) -> 0 | AN9: =AM9/40 -> 0 | AQ9: =(AO9+AP9) -> 0 | AR9: =AQ9/40 -> 0 | AU9: =AS9+AT9 -> 0 | AV9: =AU9/40 -> 0 | AY9: =(AW9+AX9) -> 0 | AZ9: =AY9/50 -> 0 | BA9: =SUM(AB9,AF9,AI9,AM9,AQ9,AU9,AY9)-SMALL((AB9,AF9,AI9,AM9,AQ9,AU9,AY9),1) -> 0 | BB9: =BK9 -> 0 | BD9: =SUM(C9,D9,Y9,BA9,BB9) -> 0 | BF9: =BD9/400 -> 0 | BK9: =(BI9+BJ9)*3.75 -> 0
A10: =IF(ISBLANK(Attendance!A10),"",Attendance!A10) | B10: =IF(ISBLANK(Attendance!B10),"",Attendance!B10) | C10: =IF(ISBLANK(Attendance!A10),"",Attendance!AJ10) | Y10: =SUM(F10:X10) -> 0 | AB10: =(Z10+AA10) -> 0 | AC10: =AB10/40 -> 0 | AF10: =(AD10+AE10) -> 0 | AG10: =AF10/40 -> 0 | AJ10: =AH10/20 -> 0 | AM10: =(AK10+AL10) -> 0 | AN10: =AM10/40 -> 0 | AQ10: =(AO10+AP10) -> 0 | AR10: =AQ10/40 -> 0 | AU10: =AS10+AT10 -> 0 | AV10: =AU10/40 -> 0 | AY10: =(AW10+AX10) -> 0 | AZ10: =AY10/50 -> 0 | BA10: =SUM(AB10,AF10,AI10,AM10,AQ10,AU10,AY10)-SMALL((AB10,AF10,AI10,AM10,AQ10,AU10,AY10),1) -> 0 | BB10: =BK10 -> 0 | BD10: =SUM(C10,D10,Y10,BA10,BB10) -> 0 | BF10: =BD10/400 -> 0 | BK10: =(BI10+BJ10)*3.75 -> 0
A11: =IF(ISBLANK(Attendance!A11),"",Attendance!A11) | B11: =IF(ISBLANK(Attendance!B11),"",Attendance!B11) | C11: =IF(ISBLANK(Attendance!A11),"",Attendance!AJ11) | Y11: =SUM(F11:X11) -> 0 | AB11: =(Z11+AA11) -> 0 | AC11: =AB11/40 -> 0 | AF11: =(AD11+AE11) -> 0 | AG11: =AF11/40 -> 0 | AJ11: =AH11/20 -> 0 | AM11: =(AK11+AL11) -> 0 | AN11: =AM11/40 -> 0 | AQ11: =(AO11+AP11) -> 0 | AR11: =AQ11/40 -> 0 | AU11: =AS11+AT11 -> 0 | AV11: =AU11/40 -> 0 | AY11: =(AW11+AX11) -> 0 | AZ11: =AY11/50 -> 0 | BA11: =SUM(AB11,AF11,AI11,AM11,AQ11,AU11,AY11)-SMALL((AB11,AF11,AI11,AM11,AQ11,AU11,AY11),1) -> 0 | BB11: =BK11 -> 0 | BD11: =SUM(C11,D11,Y11,BA11,BB11) -> 0 | BF11: =BD11/400 -> 0 | BK11: =(BI11+BJ11)*3.75 -> 0
A12: =IF(ISBLANK(Attendance!A12),"",Attendance!A12) | B12: =IF(ISBLANK(Attendance!B12),"",Attendance!B12) | C12: =IF(ISBLANK(Attendance!A12),"",Attendance!AJ12) | Y12: =SUM(F12:X12) -> 0 | AB12: =(Z12+AA12) -> 0 | AC12: =AB12/40 -> 0 | AF12: =(AD12+AE12) -> 0 | AG12: =AF12/40 -> 0 | AJ12: =AH12/20 -> 0 | AM12: =(AK12+AL12) -> 0 | AN12: =AM12/40 -> 0 | AQ12: =(AO12+AP12) -> 0 | AR12: =AQ12/40 -> 0 | AU12: =AS12+AT12 -> 0 | AV12: =AU12/40 -> 0 | AY12: =(AW12+AX12) -> 0 | AZ12: =AY12/50 -> 0 | BA12: =SUM(AB12,AF12,AI12,AM12,AQ12,AU12,AY12)-SMALL((AB12,AF12,AI12,AM12,AQ12,AU12,AY12),1) -> 0 | BB12: =BK12 -> 0 | BD12: =SUM(C12,D12,Y12,BA12,BB12) -> 0 | BF12: =BD12/400 -> 0 | BK12: =(BI12+BJ12)*3.75 -> 0
A13: =IF(ISBLANK(Attendance!A13),"",Attendance!A13) | B13: =IF(ISBLANK(Attendance!B13),"",Attendance!B13) | C13: =IF(ISBLANK(Attendance!A13),"",Attendance!AJ13) | Y13: =SUM(F13:X13) -> 0 | AB13: =(Z13+AA13) -> 0 | AC13: =AB13/40 -> 0 | AF13: =(AD13+AE13) -> 0 | AG13: =AF13/40 -> 0 | AJ13: =AH13/20 -> 0 | AM13: =(AK13+AL13) -> 0 | AN13: =AM13/40 -> 0 | AQ13: =(AO13+AP13) -> 0 | AR13: =AQ13/40 -> 0 | AU13: =AS13+AT13 -> 0 | AV13: =AU13/40 -> 0 | AY13: =(AW13+AX13) -> 0 | AZ13: =AY13/50 -> 0 | BA13: =SUM(AB13,AF13,AI13,AM13,AQ13,AU13,AY13)-SMALL((AB13,AF13,AI13,AM13,AQ13,AU13,AY13),1) -> 0 | BB13: =BK13 -> 0 | BD13: =SUM(C13,D13,Y13,BA13,BB13) -> 0 | BF13: =BD13/400 -> 0 | BK13: =(BI13+BJ13)*3.75 -> 0
... A22: =IF(ISBLANK(Attendance!A22),"",Attendance!A22) | B22: =IF(ISBLANK(Attendance!B22),"",Attendance!B22) | C22: =IF(ISBLANK(Attendance!A22),"",Attendance!AJ22) | Y22: =SUM(F22:X22) -> 0 | AB22: =(Z22+AA22) -> 0 | AC22: =AB22/40 -> 0 | AF22: =(AD22+AE22) -> 0 | AG22: =AF22/40 -> 0 | AJ22: =AH22/20 -> 0 | AM22: =(AK22+AL22) -> 0 | AN22: =AM22/40 -> 0 | AQ22: =(AO22+AP22) -> 0 | AR22: =AQ22/40 -> 0 | AU22: =AS22+AT22 -> 0 | AV22: =AU22/40 -> 0 | AY22: =(AW22+AX22) -> 0 | AZ22: =AY22/50 -> 0 | BA22: =SUM(AB22,AF22,AI22,AM22,AQ22,AU22,AY22)-SMALL((AB22,AF22,AI22,AM22,AQ22,AU22,AY22),1) -> 0 | BB22: =BK22 -> 0 | BD22: =SUM(C22,D22,Y22,BA22,BB22) -> 0 | BF22: =BD22/400 -> 0 | BK22: =(BI22+BJ22)*3.75 -> 0
A23: =IF(ISBLANK(Attendance!A23),"",Attendance!A23) | B23: =IF(ISBLANK(Attendance!B23),"",Attendance!B23) | C23: =IF(ISBLANK(Attendance!A23),"",Attendance!AJ23) | Y23: =SUM(F23:X23) -> 0 | AB23: =(Z23+AA23) -> 0 | AC23: =AB23/40 -> 0 | AF23: =(AD23+AE23) -> 0 | AG23: =AF23/40 -> 0 | AJ23: =AH23/20 -> 0 | AM23: =(AK23+AL23) -> 0 | AN23: =AM23/40 -> 0 | AQ23: =(AO23+AP23) -> 0 | AR23: =AQ23/40 -> 0 | AU23: =AS23+AT23 -> 0 | AV23: =AU23/40 -> 0 | AY23: =(AW23+AX23) -> 0 | AZ23: =AY23/60 -> 0 | BA23: =SUM(AB23,AF23,AI23,AM23,AQ23,AU23,AY23)-SMALL((AB23,AF23,AI23,AM23,AQ23,AU23,AY23),1) -> 0 | BB23: =BK23 -> 0 | BD23: =SUM(C23,D23,Y23,BA23,BB23) -> 0 | BF23: =BD23/400 -> 0 | BK23: =(BI23+BJ23)*(75/30) -> 0
A24: =IF(ISBLANK(Attendance!A24),"",Attendance!A24) | B24: =IF(ISBLANK(Attendance!B24),"",Attendance!B24) | C24: =IF(ISBLANK(Attendance!A24),"",Attendance!AJ24) | Y24: =SUM(F24:X24) -> 0 | AB24: =(Z24+AA24) -> 0 | AC24: =AB24/40 -> 0 | AF24: =(AD24+AE24) -> 0 | AG24: =AF24/40 -> 0 | AJ24: =AH24/20 -> 0 | AM24: =(AK24+AL24) -> 0 | AN24: =AM24/40 -> 0 | AQ24: =(AO24+AP24) -> 0 | AR24: =AQ24/40 -> 0 | AU24: =AS24+AT24 -> 0 | AV24: =AU24/40 -> 0 | AY24: =(AW24+AX24) -> 0 | AZ24: =AY24/60 -> 0 | BA24: =SUM(AB24,AF24,AI24,AM24,AQ24,AU24,AY24)-SMALL((AB24,AF24,AI24,AM24,AQ24,AU24,AY24),1) -> 0 | BB24: =BK24 -> 0 | BD24: =SUM(C24,D24,Y24,BA24,BB24) -> 0 | BF24: =BD24/400 -> 0 | BK24: =(BI24+BJ24)*(75/30) -> 0
A25: =IF(ISBLANK(Attendance!A25),"",Attendance!A25) | B25: =IF(ISBLANK(Attendance!B25),"",Attendance!B25) | C25: =IF(ISBLANK(Attendance!A25),"",Attendance!AJ25) | Y25: =SUM(F25:X25) -> 0 | AB25: =(Z25+AA25) -> 0 | AC25: =AB25/40 -> 0 | AF25: =(AD25+AE25) -> 0 | AG25: =AF25/40 -> 0 | AJ25: =AH25/20 -> 0 | AM25: =(AK25+AL25) -> 0 | AN25: =AM25/40 -> 0 | AQ25: =(AO25+AP25) -> 0 | AR25: =AQ25/40 -> 0 | AU25: =AS25+AT25 -> 0 | AV25: =AU25/40 -> 0 | AY25: =(AW25+AX25) -> 0 | AZ25: =AY25/60 -> 0 | BA25: =SUM(AB25,AF25,AI25,AM25,AQ25,AU25,AY25)-SMALL((AB25,AF25,AI25,AM25,AQ25,AU25,AY25),1) -> 0 | BB25: =BK25 -> 0 | BD25: =SUM(C25,D25,Y25,BA25,BB25) -> 0 | BF25: =BD25/400 -> 0 | BK25: =(BI25+BJ25)*(75/30) -> 0
A26: =IF(ISBLANK(Attendance!A26),"",Attendance!A26) | B26: =IF(ISBLANK(Attendance!B26),"",Attendance!B26) | C26: =IF(ISBLANK(Attendance!A26),"",Attendance!AJ26) | Y26: =SUM(F26:X26) -> 0 | AB26: =(Z26+AA26) -> 0 | AC26: =AB26/40 -> 0 | AF26: =(AD26+AE26) -> 0 | AG26: =AF26/40 -> 0 | AJ26: =AH26/20 -> 0 | AM26: =(AK26+AL26) -> 0 | AN26: =AM26/40 -> 0 | AQ26: =(AO26+AP26) -> 0 | AR26: =AQ26/40 -> 0 | AU26: =AS26+AT26 -> 0 | AV26: =AU26/40 -> 0 | AY26: =(AW26+AX26) -> 0 | AZ26: =AY26/50 -> 0 | BA26: =SUM(AB26,AF26,AI26,AM26,AQ26,AU26,AY26)-SMALL((AB26,AF26,AI26,AM26,AQ26,AU26,AY26),1) -> 0 | BB26: =BK26 -> 0 | BD26: =SUM(C26,D26,Y26,BA26,BB26) -> 0 | BF26: =BD26/400 -> 0 | BK26: =(BI26+BJ26)*3.75 -> 0
A27: =IF(ISBLANK(Attendance!A27),"",Attendance!A27) | B27: =IF(ISBLANK(Attendance!B27),"",Attendance!B27) | C27: =IF(ISBLANK(Attendance!A27),"",Attendance!AJ27) | Y27: =SUM(F27:X27) -> 0 | AB27: =(Z27+AA27) -> 0 | AC27: =AB27/40 -> 0 | AF27: =(AD27+AE27) -> 0 | AG27: =AF27/40 -> 0 | AJ27: =AH27/20 -> 0 | AM27: =(AK27+AL27) -> 0 | AN27: =AM27/40 -> 0 | AQ27: =(AO27+AP27) -> 0 | AR27: =AQ27/40 -> 0 | AU27: =AS27+AT27 -> 0 | AV27: =AU27/40 -> 0 | AY27: =(AW27+AX27) -> 0 | AZ27: =AY27/50 -> 0 | BA27: =SUM(AB27,AF27,AI27,AM27,AQ27,AU27,AY27)-SMALL((AB27,AF27,AI27,AM27,AQ27,AU27,AY27),1) -> 0 | BB27: =BK27 -> 0 | BD27: =SUM(C27,D27,Y27,BA27,BB27) -> 0 | BF27: =BD27/400 -> 0 | BK27: =(BI27+BJ27)*3.75 -> 0
A28: =IF(ISBLANK(Attendance!A28),"",Attendance!A28) | B28: =IF(ISBLANK(Attendance!B28),"",Attendance!B28) | C28: =IF(ISBLANK(Attendance!A28),"",Attendance!AJ28) | Y28: =SUM(F28:X28) -> 0 | AB28: =(Z28+AA28) -> 0 | AC28: =AB28/40 -> 0 | AF28: =(AD28+AE28) -> 0 | AG28: =AF28/40 -> 0 | AJ28: =AH28/20 -> 0 | AM28: =(AK28+AL28) -> 0 | AN28: =AM28/40 -> 0 | AQ28: =(AO28+AP28) -> 0 | AR28: =AQ28/40 -> 0 | AU28: =AS28+AT28 -> 0 | AV28: =AU28/40 -> 0 | AY28: =(AW28+AX28) -> 0 | AZ28: =AY28/50 -> 0 | BA28: =SUM(AB28,AF28,AI28,AM28,AQ28,AU28,AY28)-SMALL((AB28,AF28,AI28,AM28,AQ28,AU28,AY28),1) -> 0 | BB28: =BK28 -> 0 | BD28: =SUM(C28,D28,Y28,BA28,BB28) -> 0 | BF28: =BD28/400 -> 0 | BK28: =(BI28+BJ28)*3.75 -> 0
A29: =IF(ISBLANK(Attendance!A29),"",Attendance!A29) | B29: =IF(ISBLANK(Attendance!B29),"",Attendance!B29) | C29: =IF(ISBLANK(Attendance!A29),"",Attendance!AJ29) | Y29: =SUM(F29:X29) -> 0 | AB29: =(Z29+AA29) -> 0 | AC29: =AB29/40 -> 0 | AF29: =(AD29+AE29) -> 0 | AG29: =AF29/40 -> 0 | AJ29: =AH29/20 -> 0 | AM29: =(AK29+AL29) -> 0 | AN29: =AM29/40 -> 0 | AQ29: =(AO29+AP29) -> 0 | AR29: =AQ29/40 -> 0 | AU29: =AS29+AT29 -> 0 | AV29: =AU29/40 -> 0 | AY29: =(AW29+AX29) -> 0 | AZ29: =AY29/50 -> 0 | BA29: =SUM(AB29,AF29,AI29,AM29,AQ29,AU29,AY29)-SMALL((AB29,AF29,AI29,AM29,AQ29,AU29,AY29),1) -> 0 | BB29: =BK29 -> 0 | BD29: =SUM(C29,D29,Y29,BA29,BB29) -> 0 | BF29: =BD29/400 -> 0 | BK29: =(BI29+BJ29)*3.75 -> 0
A30: =IF(ISBLANK(Attendance!A30),"",Attendance!A30) | B30: =IF(ISBLANK(Attendance!B30),"",Attendance!B30) | C30: =IF(ISBLANK(Attendance!A30),"",Attendance!AJ30) | Y30: =SUM(F30:X30) -> 0 | AB30: =(Z30+AA30) -> 0 | AC30: =AB30/40 -> 0 | AF30: =(AD30+AE30) -> 0 | AG30: =AF30/40 -> 0 | AJ30: =AH30/20 -> 0 | AM30: =(AK30+AL30) -> 0 | AN30: =AM30/40 -> 0 | AQ30: =(AO30+AP30) -> 0 | AR30: =AQ30/40 -> 0 | AU30: =AS30+AT30 -> 0 | AV30: =AU30/40 -> 0 | AY30: =(AW30+AX30) -> 0 | AZ30: =AY30/50 -> 0 | BA30: =SUM(AB30,AF30,AI30,AM30,AQ30,AU30,AY30)-SMALL((AB30,AF30,AI30,AM30,AQ30,AU30,AY30),1) -> 0 | BB30: =BK30 -> 0 | BD30: =SUM(C30,D30,Y30,BA30,BB30) -> 0 | BF30: =BD30/400 -> 0 | BK30: =(BI30+BJ30)*3.75 -> 0
A31: =IF(ISBLANK(Attendance!A31),"",Attendance!A31) | B31: =IF(ISBLANK(Attendance!B31),"",Attendance!B31) | C31: =IF(ISBLANK(Attendance!A31),"",Attendance!AJ31) | Y31: =SUM(F31:X31) -> 0 | AB31: =(Z31+AA31) -> 0 | AC31: =AB31/40 -> 0 | AF31: =(AD31+AE31) -> 0 | AG31: =AF31/40 -> 0 | AJ31: =AH31/20 -> 0 | AM31: =(AK31+AL31) -> 0 | AN31: =AM31/40 -> 0 | AQ31: =(AO31+AP31) -> 0 | AR31: =AQ31/40 -> 0 | AU31: =AS31+AT31 -> 0 | AV31: =AU31/40 -> 0 | AY31: =(AW31+AX31) -> 0 | AZ31: =AY31/50 -> 0 | BA31: =SUM(AB31,AF31,AI31,AM31,AQ31,AU31,AY31)-SMALL((AB31,AF31,AI31,AM31,AQ31,AU31,AY31),1) -> 0 | BB31: =BK31 -> 0 | BD31: =SUM(C31,D31,Y31,BA31,BB31) -> 0 | BF31: =BD31/400 -> 0 | BK31: =(BI31+BJ31)*3.75 -> 0
A32: =IF(ISBLANK(Attendance!A32),"",Attendance!A32) | B32: =IF(ISBLANK(Attendance!B32),"",Attendance!B32) | C32: =IF(ISBLANK(Attendance!A32),"",Attendance!AJ32) | Y32: =SUM(F32:X32) -> 0 | AB32: =(Z32+AA32) -> 0 | AC32: =AB32/40 -> 0 | AF32: =(AD32+AE32) -> 0 | AG32: =AF32/40 -> 0 | AJ32: =AH32/20 -> 0 | AM32: =(AK32+AL32) -> 0 | AN32: =AM32/40 -> 0 | AQ32: =(AO32+AP32) -> 0 | AR32: =AQ32/40 -> 0 | AU32: =AS32+AT32 -> 0 | AV32: =AU32/40 -> 0 | AY32: =(AW32+AX32) -> 0 | AZ32: =AY32/50 -> 0 | BA32: =SUM(AB32,AF32,AI32,AM32,AQ32,AU32,AY32)-SMALL((AB32,AF32,AI32,AM32,AQ32,AU32,AY32),1) -> 0 | BB32: =BK32 -> 0 | BD32: =SUM(C32,D32,Y32,BA32,BB32) -> 0 | BF32: =BD32/400 -> 0 | BK32: =(BI32+BJ32)*3.75 -> 0
A33: =IF(ISBLANK(Attendance!A33),"",Attendance!A33) | B33: =IF(ISBLANK(Attendance!B33),"",Attendance!B33) | C33: =IF(ISBLANK(Attendance!A33),"",Attendance!AJ33) | Y33: =SUM(F33:X33) -> 0 | AB33: =(Z33+AA33) -> 0 | AC33: =AB33/40 -> 0 | AF33: =(AD33+AE33) -> 0 | AG33: =AF33/40 -> 0 | AJ33: =AH33/20 -> 0 | AM33: =(AK33+AL33) -> 0 | AN33: =AM33/40 -> 0 | AQ33: =(AO33+AP33) -> 0 | AR33: =AQ33/40 -> 0 | AU33: =AS33+AT33 -> 0 | AV33: =AU33/40 -> 0 | AY33: =(AW33+AX33) -> 0 | AZ33: =AY33/50 -> 0 | BA33: =SUM(AB33,AF33,AI33,AM33,AQ33,AU33,AY33)-SMALL((AB33,AF33,AI33,AM33,AQ33,AU33,AY33),1) -> 0 | BB33: =BK33 -> 0 | BD33: =SUM(C33,D33,Y33,BA33,BB33) -> 0 | BF33: =BD33/400 -> 0 | BK33: =(BI33+BJ33)*3.75 -> 0
A34: =IF(ISBLANK(Attendance!A34),"",Attendance!A34) | B34: =IF(ISBLANK(Attendance!B34),"",Attendance!B34) | C34: =IF(ISBLANK(Attendance!A34),"",Attendance!AJ34) | Y34: =SUM(F34:X34) -> 0 | AB34: =(Z34+AA34) -> 0 | AC34: =AB34/40 -> 0 | AF34: =(AD34+AE34) -> 0 | AG34: =AF34/40 -> 0 | AJ34: =AH34/20 -> 0 | AM34: =(AK34+AL34) -> 0 | AN34: =AM34/40 -> 0 | AQ34: =(AO34+AP34) -> 0 | AR34: =AQ34/40 -> 0 | AU34: =AS34+AT34 -> 0 | AV34: =AU34/40 -> 0 | AY34: =(AW34+AX34) -> 0 | AZ34: =AY34/50 -> 0 | BA34: =SUM(AB34,AF34,AI34,AM34,AQ34,AU34,AY34)-SMALL((AB34,AF34,AI34,AM34,AQ34,AU34,AY34),1) -> 0 | BB34: =BK34 -> 0 | BD34: =SUM(C34,D34,Y34,BA34,BB34) -> 0 | BF34: =BD34/400 -> 0 | BK34: =(BI34+BJ34)*3.75 -> 0
A35: =IF(ISBLANK(Attendance!A35),"",Attendance!A35) | B35: =IF(ISBLANK(Attendance!B35),"",Attendance!B35) | C35: =IF(ISBLANK(Attendance!A35),"",Attendance!AJ35) | Y35: =SUM(F35:X35) -> 0 | AB35: =(Z35+AA35) -> 0 | AC35: =AB35/40 -> 0 | AF35: =(AD35+AE35) -> 0 | AG35: =AF35/40 -> 0 | AJ35: =AH35/20 -> 0 | AM35: =(AK35+AL35) -> 0 | AN35: =AM35/40 -> 0 | AQ35: =(AO35+AP35) -> 0 | AR35: =AQ35/40 -> 0 | AU35: =AS35+AT35 -> 0 | AV35: =AU35/40 -> 0 | AY35: =(AW35+AX35) -> 0 | AZ35: =AY35/50 -> 0 | BA35: =SUM(AB35,AF35,AI35,AM35,AQ35,AU35,AY35)-SMALL((AB35,AF35,AI35,AM35,AQ35,AU35,AY35),1) -> 0 | BB35: =BK35 -> 0 | BD35: =SUM(C35,D35,Y35,BA35,BB35) -> 0 | BF35: =BD35/400 -> 0 | BK35: =(BI35+BJ35)*3.75 -> 0
