Workbook
Name Grades: 'Course (Grades)'!$A$21:$AF$61
Name Grades: 'Course (Attend)'!$A$21:$AF$61
Name GradeTable: 'Course (Grades)'!$C$11:$G$13
Name GradeTable: 'Course (Attend)'!$C$11:$G$13
Name Tests: IF(OR('Course (Grades)'!A1048571,'Course (Grades)'!A1048571>""),'Course (Grades)'!A1048571,"")

Sheet Course (Grades)
A1: Use this gradebook to calculate grades where each assignment is worth a set number of points.
C10: GRADE & GPA TABLE
B11: Average | C11: 0 | D11: 0.6 | E11: 0.7 | F11: 0.8 | G11: 0.9
B12: Ltr Grade | C12: F | D12: D | E12: C | F12: B | G12: A
B13: GPA | C13: 0 | D13: 1 | E13: 2 | F13: 3 | G13: 4
A14: University of Texas at San Antonio
A15: Professor | E15: Assignment or Test Name | F15: Attend
A16: Class/Project | E16: Possible Points | F16: ='Course (Attend)'!F16 -> 10
A17: Year/Semester/Course
E18: Total number of assignments and tests: | F18: =COUNTA(F15:AF15) -> 1
E19: Total possible points: | F19: =SUM(F16:AF16) -> 10
A21: STUDENT NAME | B21: STUDENT ID | C21: Average | D21: Ltr Grade | E21: GPA | F21: =Tests -> Attend | G21: =Tests | H21: =Tests | I21: =Tests | J21: =Tests | K21: =Tests | L21: =Tests | M21: =Tests | ... AF21: =Tests
C22: =(IF(SUM(F22:AF22),ROUND(SUM(F22:AF22)/$F$19,2),"")) | D22: =IF(C22<>"",HLOOKUP(C22,GradeTable,2),"") | E22: =IF(C22<>"",HLOOKUP(C22,GradeTable,3),"") | F22: ='Course (Attend)'!E22
C23: =(IF(SUM(F23:AF23),ROUND(SUM(F23:AF23)/$F$19,2),"")) | D23: =IF(C23<>"",HLOOKUP(C23,GradeTable,2),"") | E23: =IF(C23<>"",HLOOKUP(C23,GradeTable,3),"") | F23: ='Course (Attend)'!E23
C24: =(IF(SUM(F24:AF24),ROUND(SUM(F24:AF24)/$F$19,2),"")) | D24: =IF(C24<>"",HLOOKUP(C24,GradeTable,2),"") | E24: =IF(C24<>"",HLOOKUP(C24,GradeTable,3),"") | F24: ='Course (Attend)'!E24
C25: =(IF(SUM(F25:AF25),ROUND(SUM(F25:AF25)/$F$19,2),"")) | D25: =IF(C25<>"",HLOOKUP(C25,GradeTable,2),"") | E25: =IF(C25<>"",HLOOKUP(C25,GradeTable,3),"") | F25: ='Course (Attend)'!E25
C26: =(IF(SUM(F26:AF26),ROUND(SUM(F26:AF26)/$F$19,2),"")) | D26: =IF(C26<>"",HLOOKUP(C26,GradeTable,2),"") | E26: =IF(C26<>"",HLOOKUP(C26,GradeTable,3),"") | F26: ='Course (Attend)'!E26
C27: =(IF(SUM(F27:AF27),ROUND(SUM(F27:AF27)/$F$19,2),"")) | D27: =IF(C27<>"",HLOOKUP(C27,GradeTable,2),"") | E27: =IF(C27<>"",HLOOKUP(C27,GradeTable,3),"") | F27: ='Course (Attend)'!E27
C28: =(IF(SUM(F28:AF28),ROUND(SUM(F28:AF28)/$F$19,2),"")) | D28: =IF(C28<>"",HLOOKUP(C28,GradeTable,2),"") | E28: =IF(C28<>"",HLOOKUP(C28,GradeTable,3),"") | F28: ='Course (Attend)'!E28
C29: =(IF(SUM(F29:AF29),ROUND(SUM(F29:AF29)/$F$19,2),"")) | D29: =IF(C29<>"",HLOOKUP(C29,GradeTable,2),"") | E29: =IF(C29<>"",HLOOKUP(C29,GradeTable,3),"") | F29: ='Course (Attend)'!E29
C30: =(IF(SUM(F30:AF30),ROUND(SUM(F30:AF30)/$F$19,2),"")) | D30: =IF(C30<>"",HLOOKUP(C30,GradeTable,2),"") | E30: =IF(C30<>"",HLOOKUP(C30,GradeTable,3),"") | F30: ='Course (Attend)'!E30
C31: =(IF(SUM(F31:AF31),ROUND(SUM(F31:AF31)/$F$19,2),"")) | D31: =IF(C31<>"",HLOOKUP(C31,GradeTable,2),"") | E31: =IF(C31<>"",HLOOKUP(C31,GradeTable,3),"") | F31: ='Course (Attend)'!E31
C32: =(IF(SUM(F32:AF32),ROUND(SUM(F32:AF32)/$F$19,2),"")) | D32: =IF(C32<>"",HLOOKUP(C32,GradeTable,2),"") | E32: =IF(C32<>"",HLOOKUP(C32,GradeTable,3),"") | F32: ='Course (Attend)'!E32
C33: =(IF(SUM(F33:AF33),ROUND(SUM(F33:AF33)/$F$19,2),"")) | D33: =IF(C33<>"",HLOOKUP(C33,GradeTable,2),"") | E33: =IF(C33<>"",HLOOKUP(C33,GradeTable,3),"") | F33: ='Course (Attend)'!E33
... C61: =(IF(SUM(F61:AF61),ROUND(SUM(F61:AF61)/$F$19,2),"")) | D61: =IF(C61<>"",HLOOKUP(C61,GradeTable,2),"") | E61: =IF(C61<>"",HLOOKUP(C61,GradeTable,3),"") | F61: ='Course (Attend)'!E61
A63: CLASS SUMMARY | C63: =IF(OR(C21,C21>""),C21,"") -> Average | D63: =IF(OR(D21,D21>""),D21,"") -> Ltr Grade | E63: =IF(OR(E21,E21>""),E21,"") -> GPA | F63: =IF(OR(F21,F21>""),F21,"") -> Attend | G63: =IF(OR(G21,G21>""),G21,"") | H63: =IF(OR(H21,H21>""),H21,"") | I63: =IF(OR(I21,I21>""),I21,"") | J63: =IF(OR(J21,J21>""),J21,"") | ... P63: =IF(OR(P21,P21>""),P21,"") | Y63: =IF(OR(Y21,Y21>""),Y21,"") | Z63: =IF(OR(Z21,Z21>""),Z21,"") | AA63: =IF(OR(AA21,AA21>""),AA21,"") | AB63: =IF(OR(AB21,AB21>""),AB21,"") | AC63: =IF(OR(AC21,AC21>""),AC21,"") | AD63: =IF(OR(AD21,AD21>""),AD21,"") | AE63: =IF(OR(AE21,AE21>""),AE21,"") | AF63: =IF(OR(AF21,AF21>""),AF21,"")
A64: Average | C64: =IF(SUM(C22:C62),AVERAGE(C22:C62),"") | D64: =IF(C64<>"",HLOOKUP(C64,GradeTable,2),"") | E64: =IF(SUM(E22:E62),AVERAGE(E22:E62),"") | F64: =IF(SUM(F22:F62),AVERAGE(F22:F62),"") | G64: =IF(SUM(G22:G62),AVERAGE(G22:G62),"") | H64: =IF(SUM(H22:H62),AVERAGE(H22:H62),"") | I64: =IF(SUM(I22:I62),AVERAGE(I22:I62),"") | J64: =IF(SUM(J22:J62),AVERAGE(J22:J62),"") | K64: =IF(SUM(K22:K62),AVERAGE(K22:K62),"") | L64: =IF(SUM(L22:L62),AVERAGE(L22:L62),"") | ... AF64: =IF(SUM(AF22:AF62),AVERAGE(AF22:AF62),"")
A65: Highest Score | C65: =IF(SUM(C22:C62),MAX(C22:C62),"") | D65: =IF(C65<>"",HLOOKUP(C65,GradeTable,2),"") | E65: =IF(SUM(E22:E62),MAX(E22:E62),"") | F65: =IF(SUM(F22:F62),MAX(F22:F62),"") | G65: =IF(SUM(G22:G62),MAX(G22:G62),"") | H65: =IF(SUM(H22:H62),MAX(H22:H62),"") | I65: =IF(SUM(I22:I62),MAX(I22:I62),"") | J65: =IF(SUM(J22:J62),MAX(J22:J62),"") | K65: =IF(SUM(K22:K62),MAX(K22:K62),"") | L65: =IF(SUM(L22:L62),MAX(L22:L62),"") | ... AF65: =IF(SUM(AF22:AF62),MAX(AF22:AF62),"")
A66: Lowest Score | C66: =IF(SUM(C22:C62),MIN(C22:C62),"") | D66: =IF(C66<>"",HLOOKUP(C66,GradeTable,2),"") | E66: =IF(SUM(E22:E62),MIN(E22:E62),"") | F66: =IF(SUM(F22:F62),MIN(F22:F62),"") | G66: =IF(SUM(G22:G62),MIN(G22:G62),"") | H66: =IF(SUM(H22:H62),MIN(H22:H62),"") | I66: =IF(SUM(I22:I62),MIN(I22:I62),"") | J66: =IF(SUM(J22:J62),MIN(J22:J62),"") | K66: =IF(SUM(K22:K62),MIN(K22:K62),"") | L66: =IF(SUM(L22:L62),MIN(L22:L62),"") | ... AF66: =IF(SUM(AF22:AF62),MIN(AF22:AF62),"")

Sheet Course (Attend)
A1: Use this sheet to calculate attendance/class participation where each is worth set number of points.
C10: GRADE & GPA TABLE
B11: Average | C11: 0 | D11: 0.6 | E11: 0.7 | F11: 0.8 | G11: 0.9
B12: Ltr Grade | C12: F | D12: D | E12: C | F12: B | G12: A
B13: GPA | C13: 0 | D13: 1 | E13: 2 | F13: 3 | G13: 4
A14: University of Texas at San Antonio
A15: Professor | E15: Enter class date as MM/DD | F15: 14
A16: Class/Project | E16: Total Points Possible | F16: 10 | H16: <== Insert Attendance Points here
A17: Year/Semester/Course
E18: Total number of sessions: | F18: =COUNTA(F15:AF15) -> 1
E19: Total possible points: | F19: =F16 -> 10
A21: STUDENT NAME | B21: STUDENT ID | C21: Average | D21: Ltr Grade | E21: Points | F21: =IF(OR(F15,F15>""),F15,"") -> 14 | G21: =IF(OR(G15,G15>""),G15,"") | H21: =IF(OR(H15,H15>""),H15,"") | I21: =IF(OR(I15,I15>""),I15,"") | J21: =IF(OR(J15,J15>""),J15,"") | K21: =IF(OR(K15,K15>""),K15,"") | L21: =IF(OR(L15,L15>""),L15,"") | M21: =IF(OR(M15,M15>""),M15,"") | ... AF21: =IF(OR(AF15,AF15>""),AF15,"")
C22: =IF(SUM(F22:AF22)/$F$18,SUM(F22:AF22)/$F$18,"") | D22: =IF(C22<>"",HLOOKUP(C22,GradeTable,2),"") | E22: =IF(C22<>"",C22*$F$19,"")
C23: =IF(SUM(F23:AF23)/$F$18,SUM(F23:AF23)/$F$18,"") | D23: =IF(C23<>"",HLOOKUP(C23,GradeTable,2),"") | E23: =IF(C23<>"",C23*$F$19,"")
C24: =IF(SUM(F24:AF24)/$F$18,SUM(F24:AF24)/$F$18,"") | D24: =IF(C24<>"",HLOOKUP(C24,GradeTable,2),"") | E24: =IF(C24<>"",C24*$F$19,"")
C25: =IF(SUM(F25:AF25)/$F$18,SUM(F25:AF25)/$F$18,"") | D25: =IF(C25<>"",HLOOKUP(C25,GradeTable,2),"") | E25: =IF(C25<>"",C25*$F$19,"")
C26: =IF(SUM(F26:AF26)/$F$18,SUM(F26:AF26)/$F$18,"") | D26: =IF(C26<>"",HLOOKUP(C26,GradeTable,2),"") | E26: =IF(C26<>"",C26*$F$19,"")
C27: =IF(SUM(F27:AF27)/$F$18,SUM(F27:AF27)/$F$18,"") | D27: =IF(C27<>"",HLOOKUP(C27,GradeTable,2),"") | E27: =IF(C27<>"",C27*$F$19,"")
C28: =IF(SUM(F28:AF28)/$F$18,SUM(F28:AF28)/$F$18,"") | D28: =IF(C28<>"",HLOOKUP(C28,GradeTable,2),"") | E28: =IF(C28<>"",C28*$F$19,"")
C29: =IF(SUM(F29:AF29)/$F$18,SUM(F29:AF29)/$F$18,"") | D29: =IF(C29<>"",HLOOKUP(C29,GradeTable,2),"") | E29: =IF(C29<>"",C29*$F$19,"")
C30: =IF(SUM(F30:AF30)/$F$18,SUM(F30:AF30)/$F$18,"") | D30: =IF(C30<>"",HLOOKUP(C30,GradeTable,2),"") | E30: =IF(C30<>"",C30*$F$19,"")
C31: =IF(SUM(F31:AF31)/$F$18,SUM(F31:AF31)/$F$18,"") | D31: =IF(C31<>"",HLOOKUP(C31,GradeTable,2),"") | E31: =IF(C31<>"",C31*$F$19,"")
C32: =IF(SUM(F32:AF32)/$F$18,SUM(F32:AF32)/$F$18,"") | D32: =IF(C32<>"",HLOOKUP(C32,GradeTable,2),"") | E32: =IF(C32<>"",C32*$F$19,"")
C33: =IF(SUM(F33:AF33)/$F$18,SUM(F33:AF33)/$F$18,"") | D33: =IF(C33<>"",HLOOKUP(C33,GradeTable,2),"") | E33: =IF(C33<>"",C33*$F$19,"")
... C61: =IF(SUM(F61:AF61)/$F$18,SUM(F61:AF61)/$F$18,"") | D61: =IF(C61<>"",HLOOKUP(C61,GradeTable,2),"") | E61: =IF(C61<>"",C61*$F$19,"")
A63: CLASS SUMMARY | C63: =IF(OR(C21,C21>""),C21,"") -> Average | D63: =IF(OR(D21,D21>""),D21,"") -> Ltr Grade | E63: =IF(OR(E21,E21>""),E21,"") -> Points | F63: =IF(OR(F21,F21>""),F21,"") -> 14 | G63: =IF(OR(G21,G21>""),G21,"") | H63: =IF(OR(H21,H21>""),H21,"") | I63: =IF(OR(I21,I21>""),I21,"") | J63: =IF(OR(J21,J21>""),J21,"") | ... P63: =IF(OR(P21,P21>""),P21,"") | Y63: =IF(OR(Y21,Y21>""),Y21,"") | Z63: =IF(OR(Z21,Z21>""),Z21,"") | AA63: =IF(OR(AA21,AA21>""),AA21,"") | AB63: =IF(OR(AB21,AB21>""),AB21,"") | AC63: =IF(OR(AC21,AC21>""),AC21,"") | AD63: =IF(OR(AD21,AD21>""),AD21,"") | AE63: =IF(OR(AE21,AE21>""),AE21,"") | AF63: =IF(OR(AF21,AF21>""),AF21,"")
A64: Average | C64: =IF(SUM(C22:C62),AVERAGE(C22:C62),"") | D64: =IF(C64<>"",HLOOKUP(C64,GradeTable,2),"") | E64: =IF(SUM(E22:E62),AVERAGE(E22:E62),"") | F64: =IF(SUM(F22:F62),AVERAGE(F22:F62),"") | G64: =IF(SUM(G22:G62),AVERAGE(G22:G62),"") | H64: =IF(SUM(H22:H62),AVERAGE(H22:H62),"") | I64: =IF(SUM(I22:I62),AVERAGE(I22:I62),"") | J64: =IF(SUM(J22:J62),AVERAGE(J22:J62),"") | K64: =IF(SUM(K22:K62),AVERAGE(K22:K62),"") | L64: =IF(SUM(L22:L62),AVERAGE(L22:L62),"") | ... AF64: =IF(SUM(AF22:AF62),AVERAGE(AF22:AF62),"")
A65: Highest Score | C65: =IF(SUM(C22:C62),MAX(C22:C62),"") | D65: =IF(C65<>"",HLOOKUP(C65,GradeTable,2),"") | E65: =IF(SUM(E22:E62),MAX(E22:E62),"") | F65: =IF(SUM(F22:F62),MAX(F22:F62),"") | G65: =IF(SUM(G22:G62),MAX(G22:G62),"") | H65: =IF(SUM(H22:H62),MAX(H22:H62),"") | I65: =IF(SUM(I22:I62),MAX(I22:I62),"") | J65: =IF(SUM(J22:J62),MAX(J22:J62),"") | K65: =IF(SUM(K22:K62),MAX(K22:K62),"") | L65: =IF(SUM(L22:L62),MAX(L22:L62),"") | ... AF65: =IF(SUM(AF22:AF62),MAX(AF22:AF62),"")
A66: Lowest Score | C66: =IF(SUM(C22:C62),MIN(C22:C62),"") | D66: =IF(C66<>"",HLOOKUP(C66,GradeTable,2),"") | E66: =IF(SUM(E22:E62),MIN(E22:E62),"") | F66: =IF(SUM(F22:F62),MIN(F22:F62),"") | G66: =IF(SUM(G22:G62),MIN(G22:G62),"") | H66: =IF(SUM(H22:H62),MIN(H22:H62),"") | I66: =IF(SUM(I22:I62),MIN(I22:I62),"") | J66: =IF(SUM(J22:J62),MIN(J22:J62),"") | K66: =IF(SUM(K22:K62),MIN(K22:K62),"") | L66: =IF(SUM(L22:L62),MIN(L22:L62),"") | ... AF66: =IF(SUM(AF22:AF62),MIN(AF22:AF62),"")
