Workbook
Name FinalInsert: GradeSheet!$A$22
Name FinalRangeAvailable: GradeSheet!$B$20:$B$23
Name FinalRangeScore: GradeSheet!$C$20:$C$23
Name FinalScale: Scales!$C$15
Name FinalTotalA: GradeSheet!$F$20
Name FinalTotalS: GradeSheet!$G$20
Name HWInsert: GradeSheet!$A$7
Name HWRangeAvailable: GradeSheet!$B$5:$B$8
Name HWRangeScore: GradeSheet!$C$5:$C$8
Name HWScale: Scales!$C$10
Name HWTotalA: GradeSheet!$F$5
Name HWTotalS: GradeSheet!$G$5
Name LabInsert: GradeSheet!$A$13
Name LabRangeAvailable: GradeSheet!$B$11:$B$14
Name LabRangeScore: GradeSheet!$C$11:$C$14
Name LabScale: Scales!$C$12
Name LabTotalA: GradeSheet!$F$11
Name LabTotalS: GradeSheet!$G$11
Name MidInsert: GradeSheet!$A$19
Name MidRangeAvailable: GradeSheet!$B$17:$B$20
Name MidRangeScore: GradeSheet!$C$17:$C$20
Name MidScale: Scales!$C$14
Name MidTotalA: GradeSheet!$F$17
Name MidTotalS: GradeSheet!$G$17
Name QuizInsert: GradeSheet!$A$10
Name QuizRangeAvailable: GradeSheet!$B$8:$B$11
Name QuizRangeScore: GradeSheet!$C$8:$C$11
Name QuizScale: Scales!$C$11
Name QuizTotalA: GradeSheet!$F$8
Name QuizTotalS: GradeSheet!$G$8
Name TestInsert: GradeSheet!$A$16
Name TestRangeAvailable: GradeSheet!$B$14:$B$17
Name TestRangeScore: GradeSheet!$C$14:$C$17
Name TestScale: Scales!$C$13
Name TestTotalA: GradeSheet!$F$14
Name TestTotalS: GradeSheet!$G$14

Sheet GradeSheet
A1: Class: | S1: =IF(Q1="","",IF(R1="","",R1/Q1)) | T1: =IF(S1="","",IF(S1>=Scales!$C$3,Scales!$B$3,IF((S1>=Scales!$C$4),Scales!$B$4,IF(S1>=Scales!$C$5,Scales!$B$5,IF(S1>=Scales!$C$6,Scales!$B$6,IF(S1>=Scales!$C$7,Scales!$B$7,IF(S1="","",Scales!$B$7)))))))
A3: Assignment | B3: Available | C3: Score | D3: % | E3: Grade | F3: Total Available | G3: Total Score | H3: % | I3: Grade
D4: =IF(B4="","",IF(C4="","",C4/B4)) | E4: =IF(D4="","",IF(D4>=Scales!$C$3,Scales!$B$3,IF((D4>=Scales!$C$4),Scales!$B$4,IF(D4>=Scales!$C$5,Scales!$B$5,IF(D4>=Scales!$C$6,Scales!$B$6,IF(D4>=Scales!$C$7,Scales!$B$7,IF(D4="","",Scales!$B$7)))))))
A5: Homework | F5: =SUM(HWRangeAvailable) -> 20 | G5: =SUM(HWRangeScore) -> 19 | H5: =IF(OR(F5="",F5=0),"",IF(G5="","",G5/F5)) -> 0.95 | I5: =IF(H5="","",IF(H5>=Scales!$C$3,Scales!$B$3,IF((H5>=Scales!$C$4),Scales!$B$4,IF(H5>=Scales!$C$5,Scales!$B$5,IF(H5>=Scales!$C$6,Scales!$B$6,IF(H5>=Scales!$C$7,Scales!$B$7,IF(H5="","",Scales!$B$7))))))) -> A
A6: Example Homework | B6: 20 | C6: 19 | D6: =IF(B6="","",IF(C6="","",C6/B6)) -> 0.95 | E6: =IF(D6="","",IF(D6>=Scales!$C$3,Scales!$B$3,IF((D6>=Scales!$C$4),Scales!$B$4,IF(D6>=Scales!$C$5,Scales!$B$5,IF(D6>=Scales!$C$6,Scales!$B$6,IF(D6>=Scales!$C$7,Scales!$B$7,IF(D6="","",Scales!$B$7))))))) -> A
D7: =IF(B7="","",IF(C7="","",C7/B7)) | E7: =IF(D7="","",IF(D7>=Scales!$C$3,Scales!$B$3,IF((D7>=Scales!$C$4),Scales!$B$4,IF(D7>=Scales!$C$5,Scales!$B$5,IF(D7>=Scales!$C$6,Scales!$B$6,IF(D7>=Scales!$C$7,Scales!$B$7,IF(D7="","",Scales!$B$7)))))))
A8: Quiz's | D8: =IF(B8="","",IF(C8="","",C8/B8)) | E8: =IF(D8="","",IF(D8>=Scales!$C$3,Scales!$B$3,IF((D8>=Scales!$C$4),Scales!$B$4,IF(D8>=Scales!$C$5,Scales!$B$5,IF(D8>=Scales!$C$6,Scales!$B$6,IF(D8>=Scales!$C$7,Scales!$B$7,IF(D8="","",Scales!$B$7))))))) | F8: =SUM(QuizRangeAvailable) -> 20 | G8: =SUM(QuizRangeScore) -> 18.5 | H8: =IF(OR(F8="",F8=0),"",IF(G8="","",G8/F8)) -> 0.925 | I8: =IF(H8="","",IF(H8>=Scales!$C$3,Scales!$B$3,IF((H8>=Scales!$C$4),Scales!$B$4,IF(H8>=Scales!$C$5,Scales!$B$5,IF(H8>=Scales!$C$6,Scales!$B$6,IF(H8>=Scales!$C$7,Scales!$B$7,IF(H8="","",Scales!$B$7))))))) -> A
A9: Example Quiz | B9: 20 | C9: 18.5 | D9: =IF(B9="","",IF(C9="","",C9/B9)) -> 0.925 | E9: =IF(D9="","",IF(D9>=Scales!$C$3,Scales!$B$3,IF((D9>=Scales!$C$4),Scales!$B$4,IF(D9>=Scales!$C$5,Scales!$B$5,IF(D9>=Scales!$C$6,Scales!$B$6,IF(D9>=Scales!$C$7,Scales!$B$7,IF(D9="","",Scales!$B$7))))))) -> A
D10: =IF(B10="","",IF(C10="","",C10/B10)) | E10: =IF(D10="","",IF(D10>=Scales!$C$3,Scales!$B$3,IF((D10>=Scales!$C$4),Scales!$B$4,IF(D10>=Scales!$C$5,Scales!$B$5,IF(D10>=Scales!$C$6,Scales!$B$6,IF(D10>=Scales!$C$7,Scales!$B$7,IF(D10="","",Scales!$B$7)))))))
A11: Lab's | D11: =IF(B11="","",IF(C11="","",C11/B11)) | E11: =IF(D11="","",IF(D11>=Scales!$C$3,Scales!$B$3,IF((D11>=Scales!$C$4),Scales!$B$4,IF(D11>=Scales!$C$5,Scales!$B$5,IF(D11>=Scales!$C$6,Scales!$B$6,IF(D11>=Scales!$C$7,Scales!$B$7,IF(D11="","",Scales!$B$7))))))) | F11: =SUM(LabRangeAvailable) -> 40 | G11: =SUM(LabRangeScore) -> 35 | H11: =IF(OR(F11="",F11=0),"",IF(G11="","",G11/F11)) -> 0.875 | I11: =IF(H11="","",IF(H11>=Scales!$C$3,Scales!$B$3,IF((H11>=Scales!$C$4),Scales!$B$4,IF(H11>=Scales!$C$5,Scales!$B$5,IF(H11>=Scales!$C$6,Scales!$B$6,IF(H11>=Scales!$C$7,Scales!$B$7,IF(H11="","",Scales!$B$7))))))) -> B
A12: Example Lab | B12: 40 | C12: 35 | D12: =IF(B12="","",IF(C12="","",C12/B12)) -> 0.875 | E12: =IF(D12="","",IF(D12>=Scales!$C$3,Scales!$B$3,IF((D12>=Scales!$C$4),Scales!$B$4,IF(D12>=Scales!$C$5,Scales!$B$5,IF(D12>=Scales!$C$6,Scales!$B$6,IF(D12>=Scales!$C$7,Scales!$B$7,IF(D12="","",Scales!$B$7))))))) -> B
D13: =IF(B13="","",IF(C13="","",C13/B13)) | E13: =IF(D13="","",IF(D13>=Scales!$C$3,Scales!$B$3,IF((D13>=Scales!$C$4),Scales!$B$4,IF(D13>=Scales!$C$5,Scales!$B$5,IF(D13>=Scales!$C$6,Scales!$B$6,IF(D13>=Scales!$C$7,Scales!$B$7,IF(D13="","",Scales!$B$7)))))))
A14: Test's | D14: =IF(B14="","",IF(C14="","",C14/B14)) | E14: =IF(D14="","",IF(D14>=Scales!$C$3,Scales!$B$3,IF((D14>=Scales!$C$4),Scales!$B$4,IF(D14>=Scales!$C$5,Scales!$B$5,IF(D14>=Scales!$C$6,Scales!$B$6,IF(D14>=Scales!$C$7,Scales!$B$7,IF(D14="","",Scales!$B$7))))))) | F14: =SUM(TestRangeAvailable) -> 100 | G14: =SUM(TestRangeScore) -> 98 | H14: =IF(OR(F14="",F14=0),"",IF(G14="","",G14/F14)) -> 0.98 | I14: =IF(H14="","",IF(H14>=Scales!$C$3,Scales!$B$3,IF((H14>=Scales!$C$4),Scales!$B$4,IF(H14>=Scales!$C$5,Scales!$B$5,IF(H14>=Scales!$C$6,Scales!$B$6,IF(H14>=Scales!$C$7,Scales!$B$7,IF(H14="","",Scales!$B$7))))))) -> A
A15: Example Test | B15: 100 | C15: 98 | D15: =IF(B15="","",IF(C15="","",C15/B15)) -> 0.98 | E15: =IF(D15="","",IF(D15>=Scales!$C$3,Scales!$B$3,IF((D15>=Scales!$C$4),Scales!$B$4,IF(D15>=Scales!$C$5,Scales!$B$5,IF(D15>=Scales!$C$6,Scales!$B$6,IF(D15>=Scales!$C$7,Scales!$B$7,IF(D15="","",Scales!$B$7))))))) -> A
D16: =IF(B16="","",IF(C16="","",C16/B16)) | E16: =IF(D16="","",IF(D16>=Scales!$C$3,Scales!$B$3,IF((D16>=Scales!$C$4),Scales!$B$4,IF(D16>=Scales!$C$5,Scales!$B$5,IF(D16>=Scales!$C$6,Scales!$B$6,IF(D16>=Scales!$C$7,Scales!$B$7,IF(D16="","",Scales!$B$7)))))))
A17: Mid Term's | D17: =IF(B17="","",IF(C17="","",C17/B17)) | E17: =IF(D17="","",IF(D17>=Scales!$C$3,Scales!$B$3,IF((D17>=Scales!$C$4),Scales!$B$4,IF(D17>=Scales!$C$5,Scales!$B$5,IF(D17>=Scales!$C$6,Scales!$B$6,IF(D17>=Scales!$C$7,Scales!$B$7,IF(D17="","",Scales!$B$7))))))) | F17: =SUM(MidRangeAvailable) -> 200 | G17: =SUM(MidRangeScore) -> 165 | H17: =IF(OR(F17="",F17=0),"",IF(G17="","",G17/F17)) -> 0.825 | I17: =IF(H17="","",IF(H17>=Scales!$C$3,Scales!$B$3,IF((H17>=Scales!$C$4),Scales!$B$4,IF(H17>=Scales!$C$5,Scales!$B$5,IF(H17>=Scales!$C$6,Scales!$B$6,IF(H17>=Scales!$C$7,Scales!$B$7,IF(H17="","",Scales!$B$7))))))) -> B
A18: Example Mid Term | B18: 200 | C18: 165 | D18: =IF(B18="","",IF(C18="","",C18/B18)) -> 0.825 | E18: =IF(D18="","",IF(D18>=Scales!$C$3,Scales!$B$3,IF((D18>=Scales!$C$4),Scales!$B$4,IF(D18>=Scales!$C$5,Scales!$B$5,IF(D18>=Scales!$C$6,Scales!$B$6,IF(D18>=Scales!$C$7,Scales!$B$7,IF(D18="","",Scales!$B$7))))))) -> B
D19: =IF(B19="","",IF(C19="","",C19/B19)) | E19: =IF(D19="","",IF(D19>=Scales!$C$3,Scales!$B$3,IF((D19>=Scales!$C$4),Scales!$B$4,IF(D19>=Scales!$C$5,Scales!$B$5,IF(D19>=Scales!$C$6,Scales!$B$6,IF(D19>=Scales!$C$7,Scales!$B$7,IF(D19="","",Scales!$B$7)))))))
A20: Final | D20: =IF(B20="","",IF(C20="","",C20/B20)) | E20: =IF(D20="","",IF(D20>=Scales!$C$3,Scales!$B$3,IF((D20>=Scales!$C$4),Scales!$B$4,IF(D20>=Scales!$C$5,Scales!$B$5,IF(D20>=Scales!$C$6,Scales!$B$6,IF(D20>=Scales!$C$7,Scales!$B$7,IF(D20="","",Scales!$B$7))))))) | F20: =SUM(FinalRangeAvailable) -> 200 | G20: =SUM(FinalRangeScore) -> 190 | H20: =IF(OR(F20="",F20=0),"",IF(G20="","",G20/F20)) -> 0.95 | I20: =IF(H20="","",IF(H20>=Scales!$C$3,Scales!$B$3,IF((H20>=Scales!$C$4),Scales!$B$4,IF(H20>=Scales!$C$5,Scales!$B$5,IF(H20>=Scales!$C$6,Scales!$B$6,IF(H20>=Scales!$C$7,Scales!$B$7,IF(H20="","",Scales!$B$7))))))) -> A
A21: Example Final | B21: 200 | C21: 190 | D21: =IF(B21="","",IF(C21="","",C21/B21)) -> 0.95 | E21: =IF(D21="","",IF(D21>=Scales!$C$3,Scales!$B$3,IF((D21>=Scales!$C$4),Scales!$B$4,IF(D21>=Scales!$C$5,Scales!$B$5,IF(D21>=Scales!$C$6,Scales!$B$6,IF(D21>=Scales!$C$7,Scales!$B$7,IF(D21="","",Scales!$B$7))))))) -> A
D22: =IF(B22="","",IF(C22="","",C22/B22)) | E22: =IF(D22="","",IF(D22>=Scales!$C$3,Scales!$B$3,IF((D22>=Scales!$C$4),Scales!$B$4,IF(D22>=Scales!$C$5,Scales!$B$5,IF(D22>=Scales!$C$6,Scales!$B$6,IF(D22>=Scales!$C$7,Scales!$B$7,IF(D22="","",Scales!$B$7)))))))
A23: WWW.EYESPYTECHNOLOGIES.NET | F23: =SUM(HWTotalA,QuizTotalA,LabTotalA,TestTotalA,MidTotalA,FinalTotalA) -> 580 | G23: =SUM(HWTotalS,QuizTotalS,LabTotalS,TestTotalS,MidTotalS,FinalTotalS) -> 525.5 | H23: =IF(OR(F23="",F23=0),"",IF(G23="","",G23/F23)) -> 0.90603448 | I23: =IF(H23="","",IF(H23>=Scales!$C$3,Scales!$B$3,IF((H23>=Scales!$C$4),Scales!$B$4,IF(H23>=Scales!$C$5,Scales!$B$5,IF(H23>=Scales!$C$6,Scales!$B$6,IF(H23>=Scales!$C$7,Scales!$B$7,IF(H23="","",Scales!$B$7))))))) -> A
G24: Scaled | H24: =SUM(HWTotalS*HWScale,QuizTotalS*QuizScale,LabTotalS*LabScale,TestTotalS*LabScale,MidTotalS*MidScale,FinalTotalS*FinalScale) / SUM(HWTotalA*HWScale,QuizTotalA*QuizScale,LabTotalA*LabScale,TestTotalA*LabScale,MidTotalA*MidScale,FinalTotalA*FinalScale) -> 0.89295455 | I24: =IF(H24="","",IF(H24>=Scales!$C$3,Scales!$B$3,IF((H24>=Scales!$C$4),Scales!$B$4,IF(H24>=Scales!$C$5,Scales!$B$5,IF(H24>=Scales!$C$6,Scales!$B$6,IF(H24>=Scales!$C$7,Scales!$B$7,IF(H24="","",Scales!$B$7))))))) -> B

Sheet Scales
B2: Grading Scale
B3: A | C3: 0.9
B4: B | C4: 0.8
B5: C | C5: 0.7
B6: D | C6: 0.6
B7: E | C7: 0.5
B9: Percentage Scale
B10: Homework | C10: 0.1
B11: Quiz's | C11: 0.05
B12: Lab's | C12: 0.05
B13: Test's | C13: 0.3
B14: Mid Term | C14: 0.25
B15: Final | C15: 0.25
B17: *Grading Scale means A is the percentage and up to the next one or 100%
B18: *If class does not scale different types of work put in 100% for each one.
B21: © 2004 EyeSpy Technologies
B22: Opensource free to use but don’t take credit.
