Workbook

Sheet GRADES
A1: CLASS NAME | H1: CATEGORY TOTALS
A2: Name (Last, First) | B2: HW 1 | C2: HW 2 | D2: HW 3 | E2: HW 4 | F2: HW 5 | G2: HW 6 | H2: HW % | I2: Q 1 | J2: Q 2 | K2: Q 3 | L2: Q 4 | M2: Q 5 | N2: Q 6 | O2: Q % | P2: mid-term | Q2: Final | R2: Final Grade
A3: Doe | H3: =AVERAGE(B3:G3) -> #DIV/0! | O3: =AVERAGE(I3:N3) -> #DIV/0! | R3: =H3*0.25+O3*0.25+P3*0.25+Q3*0.25 -> #DIV/0!
A4: Smith | H4: =AVERAGE(B4:G4) -> #DIV/0! | O4: =AVERAGE(I4:N4) -> #DIV/0! | R4: =H4*0.25+O4*0.25+P4*0.25+Q4*0.25 -> #DIV/0! | S4: ENTER NAMES
H5: =AVERAGE(B5:G5) -> #DIV/0! | O5: =AVERAGE(I5:N5) -> #DIV/0! | R5: =H5*0.25+O5*0.25+P5*0.25+Q5*0.25 -> #DIV/0! | S5: ON THIS PAGE
H6: =AVERAGE(B6:G6) -> #DIV/0! | O6: =AVERAGE(I6:N6) -> #DIV/0! | R6: =H6*0.25+O6*0.25+P6*0.25+Q6*0.25 -> #DIV/0!
H7: =AVERAGE(B7:G7) -> #DIV/0! | O7: =AVERAGE(I7:N7) -> #DIV/0! | R7: =H7*0.25+O7*0.25+P7*0.25+Q7*0.25 -> #DIV/0! | S7: THIS COLUMN
H8: =AVERAGE(B8:G8) -> #DIV/0! | O8: =AVERAGE(I8:N8) -> #DIV/0! | R8: =H8*0.25+O8*0.25+P8*0.25+Q8*0.25 -> #DIV/0! | S8: must be individualized
H9: =AVERAGE(B9:G9) -> #DIV/0! | O9: =AVERAGE(I9:N9) -> #DIV/0! | R9: =H9*0.25+O9*0.25+P9*0.25+Q9*0.25 -> #DIV/0! | S9: to meet the percentages
H10: =AVERAGE(B10:G10) -> #DIV/0! | O10: =AVERAGE(I10:N10) -> #DIV/0! | R10: =H10*0.25+O10*0.25+P10*0.25+Q10*0.25 -> #DIV/0! | S10: for each category
H11: =AVERAGE(B11:G11) -> #DIV/0! | O11: =AVERAGE(I11:N11) -> #DIV/0! | R11: =H11*0.25+O11*0.25+P11*0.25+Q11*0.25 -> #DIV/0!
H12: =AVERAGE(B12:G12) -> #DIV/0! | O12: =AVERAGE(I12:N12) -> #DIV/0! | R12: =H12*0.25+O12*0.25+P12*0.25+Q12*0.25 -> #DIV/0!
H13: =AVERAGE(B13:G13) -> #DIV/0! | O13: =AVERAGE(I13:N13) -> #DIV/0! | R13: =H13*0.25+O13*0.25+P13*0.25+Q13*0.25 -> #DIV/0!
H14: =AVERAGE(B14:G14) -> #DIV/0! | O14: =AVERAGE(I14:N14) -> #DIV/0! | R14: =H14*0.25+O14*0.25+P14*0.25+Q14*0.25 -> #DIV/0!
H15: =AVERAGE(B15:G15) -> #DIV/0! | O15: =AVERAGE(I15:N15) -> #DIV/0! | R15: =H15*0.25+O15*0.25+P15*0.25+Q15*0.25 -> #DIV/0!
H16: =AVERAGE(B16:G16) -> #DIV/0! | O16: =AVERAGE(I16:N16) -> #DIV/0! | R16: =H16*0.25+O16*0.25+P16*0.25+Q16*0.25 -> #DIV/0!
H17: =AVERAGE(B17:G17) -> #DIV/0! | O17: =AVERAGE(I17:N17) -> #DIV/0! | R17: =H17*0.25+O17*0.25+P17*0.25+Q17*0.25 -> #DIV/0!
H18: =AVERAGE(B18:G18) -> #DIV/0! | O18: =AVERAGE(I18:N18) -> #DIV/0! | R18: =H18*0.25+O18*0.25+P18*0.25+Q18*0.25 -> #DIV/0!
H19: =AVERAGE(B19:G19) -> #DIV/0! | O19: =AVERAGE(I19:N19) -> #DIV/0! | R19: =H19*0.25+O19*0.25+P19*0.25+Q19*0.25 -> #DIV/0!
H20: =AVERAGE(B20:G20) -> #DIV/0! | O20: =AVERAGE(I20:N20) -> #DIV/0! | R20: =H20*0.25+O20*0.25+P20*0.25+Q20*0.25 -> #DIV/0!
H21: =AVERAGE(B21:G21) -> #DIV/0! | O21: =AVERAGE(I21:N21) -> #DIV/0! | R21: =H21*0.25+O21*0.25+P21*0.25+Q21*0.25 -> #DIV/0!
H22: =AVERAGE(B22:G22) -> #DIV/0! | O22: =AVERAGE(I22:N22) -> #DIV/0! | R22: =H22*0.25+O22*0.25+P22*0.25+Q22*0.25 -> #DIV/0!
... H32: =AVERAGE(B32:G32) -> #DIV/0! | O32: =AVERAGE(I32:N32) -> #DIV/0! | R32: =H32*0.25+O32*0.25+P32*0.25+Q32*0.25 -> #DIV/0!
A33: Class Average* | H33: =AVERAGE(H3:H32) -> #DIV/0! | O33: =AVERAGE(O3:O32) -> #DIV/0! | P33: =AVERAGE(P3:P32) -> #DIV/0! | Q33: =AVERAGE(Q3:Q32) -> #DIV/0! | R33: =AVERAGE(R3:R32) -> #DIV/0!
A34: * see Notes page

Sheet NOTES
A1: NOTES:
A2: QUESTIONS? This template was designed with the assumption that the user might very well need some introductory
B3: explanation--call me at 903-3213 or email at kmcdermott@sccd.ctc.edu--I'll be glad to help!
A5: This template works quite well--provided one is very careful about re-arranging, deleting or adding students
A7: DO NOT use the data sorter with this grading template
A9: TO BEGIN: | B9: 1) | C9: Enter Last and First Names in "GRADES" sheet
B10: 2) | C10: Re-name sheets (if you have different categories) or Delete any of the sheets that you don't need
B11: 3) | C11: Personalize the "GRADE TOTALS" column by entering which columns you want times (X) the appropriate percentage
B12: 4) | C12: Print out the attendance sheets, making sure to include some blank rows for students who "add" later on.
B13: 5) | C13: MAKE SURE you enter "POINTS POSSIBLE" at the bottom of each column--it makes the "total percents" work
A15: TO GET CORRECT AVERAGES: You will need to delete the "Totals" in the lines without students
A17: To add a student: Go to the bottom of the list of students and then: Insert/Row
B18: Next: copy the formulas from row above in the GRADES worksheet
A20: To delete a student: Click on the number next to the name of the student, then go to Edit/Delete
B21: Next: you MUST delete that student's name from each of the other sheets

Sheet sum 03
B1: M | C1: T | D1: W | E1: Th | F1: F | G1: M | H1: T | I1: W | J1: Th | K1: F | L1: M | M1: T | N1: W | O1: Th | P1: F | Q1: M | R1: T | S1: W | T1: Th | U1: F | V1: M | W1: T | X1: W | Y1: Th | Z1: F | AB1: M | AC1: T | AD1: W | AE1: Th | AF1: F | AG1: M | AH1: T | AI1: W | AJ1: Th | AK1: F | AL1: M | AM1: T | AN1: W | AO1: Th | AP1: F
A2: =GRADES!A2 -> Name (Last, First) | B2: 37802 | C2: 37803 | D2: 37804 | E2: 37805 | F2: 37806 | G2: 37809 | H2: 37810 | I2: 37811 | J2: 37812 | K2: 37813 | L2: 37816 | M2: 37817 | N2: 37818 | O2: 37819 | P2: 37820 | Q2: 37823 | R2: 37824 | S2: 37825 | T2: 37826 | U2: 37827 | V2: 37830 | W2: 37831 | X2: 37832 | Y2: 37833 | Z2: 37834 | AA2: Name | AB2: 37837 | AC2: 37838 | AD2: 37839 | AE2: 37840 | AF2: 37841 | AG2: 37844 | AH2: 37845 | AI2: 37846 | AJ2: 37847 | AK2: 37848 | AL2: 37851 | AM2: 37852 | AN2: 37853 | AO2: 37854 | AP2: 37855
A3: =GRADES!A3 -> Doe | F3: H | AA3: =A3 -> Doe
A4: =GRADES!A4 -> Smith | F4: H | AA4: =A4 -> Smith
A5: =GRADES!A5 -> 0 | F5: H | AA5: =A5 -> 0
A6: =GRADES!A6 -> 0 | F6: H | AA6: =A6 -> 0
A7: =GRADES!A7 -> 0 | F7: H | AA7: =A7 -> 0
A8: =GRADES!A8 -> 0 | F8: H | AA8: =A8 -> 0
A9: =GRADES!A9 -> 0 | F9: H | AA9: =A9 -> 0
A10: =GRADES!A10 -> 0 | F10: H | AA10: =A10 -> 0
A11: =GRADES!A11 -> 0 | F11: H | AA11: =A11 -> 0
A12: =GRADES!A12 -> 0 | F12: H | AA12: =A12 -> 0
A13: =GRADES!A13 -> 0 | F13: H | AA13: =A13 -> 0
A14: =GRADES!A14 -> 0 | F14: H | AA14: =A14 -> 0
... A32: =GRADES!A32 -> 0 | F32: H | AA32: =A32 -> 0

Sheet fall 03
B1: M | C1: T | D1: W | E1: Th | F1: F | G1: M | H1: T | I1: W | J1: Th | K1: F | L1: M | M1: T | N1: W | O1: Th | P1: F | Q1: M | R1: T | S1: W | T1: Th | U1: F | V1: M | W1: T | X1: W | Y1: Th | Z1: F | AA1: M | AB1: T | AC1: W | AD1: Th | AE1: F | AG1: M | AH1: T | AI1: W | AJ1: Th | AK1: F | AL1: M | AM1: T | AN1: W | AO1: Th | AP1: F | AQ1: M | AR1: T | AS1: W | AT1: M | AU1: T | AV1: W | AW1: Th | AX1: F | AY1: M | AZ1: T | BA1: W | BB1: Th | BC1: F | BD1: M | BE1: T | BF1: W | BG1: Th
A2: =GRADES!A2 -> Name (Last, First) | B2: 37893 | C2: 37894 | D2: 37895 | E2: 37896 | F2: 37897 | G2: 37900 | H2: 37901 | I2: 37902 | J2: 37903 | K2: 37904 | L2: 37907 | M2: 37908 | N2: 37909 | O2: 37910 | P2: 37911 | Q2: 37914 | R2: 37915 | S2: 37916 | T2: 37917 | U2: 37918 | V2: 37921 | W2: 37922 | X2: 37923 | Y2: 37924 | Z2: 37925 | AA2: 37928 | AB2: 37929 | AC2: 37930 | AD2: 37931 | AE2: 37932 | AF2: Name | AG2: 37935 | AH2: 37936 | AI2: 37937 | AJ2: 37938 | AK2: 37939 | AL2: 37942 | AM2: 37943 | AN2: 37944 | AO2: 37945 | AP2: 37946 | AQ2: 37949 | AR2: 37950 | AS2: 37951 | AT2: 37956 | AU2: 37957 | AV2: 37958 | AW2: 37959 | AX2: 37960 | AY2: 37963 | AZ2: 37964 | BA2: 37965 | BB2: 37966 | BC2: 37967 | BD2: 37970 | BE2: 37971 | BF2: 37972 | BG2: 37973
A3: =GRADES!A3 -> Doe | AF3: =A3 -> Doe | AH3: H
A4: =GRADES!A4 -> Smith | AF4: =A4 -> Smith | AH4: H
A5: =GRADES!A5 -> 0 | AF5: =A5 -> 0 | AH5: H
A6: =GRADES!A6 -> 0 | AF6: =A6 -> 0 | AH6: H
A7: =GRADES!A7 -> 0 | AF7: =A7 -> 0 | AH7: H
A8: =GRADES!A8 -> 0 | AF8: =A8 -> 0 | AH8: H
A9: =GRADES!A9 -> 0 | AF9: =A9 -> 0 | AH9: H
A10: =GRADES!A10 -> 0 | AF10: =A10 -> 0 | AH10: H
A11: =GRADES!A11 -> 0 | AF11: =A11 -> 0 | AH11: H
A12: =GRADES!A12 -> 0 | AF12: =A12 -> 0 | AH12: H
A13: =GRADES!A13 -> 0 | AF13: =A13 -> 0 | AH13: H
A14: =GRADES!A14 -> 0 | AF14: =A14 -> 0 | AH14: H
... A32: =GRADES!A32 -> 0 | AF32: =A32 -> 0 | AH32: H
