Workbook

Sheet Key Concepts
A2: Getting Started: KEY "Take-Home" Concepts
A5: 1. Energy and environment are linked
A7: 2. Quality of life can be increased without elevated energy use
A9: 3. Achieving efficiency is an investment, not an expenditure
A11: 4. Understanding and managing energy use is an interdisciplinary pursuit
A13: 5. Modeling (e.g. using computer simulation tools) is central to science, but has real limitations. The map is not the territory.

Sheet Data Entry
A1: ENERGIZED LEARNING RESULTS: RAW DATA & ANALYSIS
A2: Input Values | D2: Values in bold-blue should be overwritten with student results
A3: Calculated Values | C3: Data | D3: Data | E3: Data | F3: Data | G3: C/E | H3: C/D | J3: Variations (Actual/Mean) | Q3: Frequency | U3: Cumulative Frequency
B4: Group | C4: Energy Bill | D4: Carbon Dioxide Emissions (pounds) | E4: Floor Area (sq ft) | F4: # of Occu-pants | G4: Energy $ / Occupant | H4: Energy $ / Floor Area ($/year-sq ft) | K4: Raw E (% of mean) | L4: E/Occupant (% of mean) | M4: E/FA (% of mean) | P4: % of Mean Bin | Q4: Raw E (norm) | R4: E/Occupant (norm) | S4: E/FA (norm) | U4: Raw E (norm) | V4: E/Occupant (norm) | W4: E/FA (norm)
B5: 1. Anchorage | C5: 3040 | D5: 61293 | E5: 1200 | F5: 4 | G5: =+C5/F5 -> 760 | H5: =+C5/E5 -> 2.5333333 | J5: 1 | K5: =+C5/C$16 -> 1.1140428 | L5: =+G5/G$16 -> 0.55428599 | M5: =+H5/H$16 -> 1.4624862 | P5: 0.5 | Q5: {=FREQUENCY(K5:K14,P5:P15)} -> 0 | R5: {=FREQUENCY(L5:L14,P5:P15)} -> 3 | S5: {=FREQUENCY(M5:M14,P5:P15)} -> 0 | U5: =+Q5 -> 0 | V5: =+R5 -> 3 | W5: =+S5 -> 0
B6: 2. Anchorage | C6: 3341 | D6: 69088 | E6: 1400 | F6: 3 | G6: =+C6/F6 -> 1113.6667 | H6: =+C6/E6 -> 2.3864286 | J6: 2 | K6: =+C6/C$16 -> 1.2243477 | L6: =+G6/G$16 -> 0.81222346 | M6: =+H6/H$16 -> 1.3776785 | P6: 0.6 | Q6: 0 | R6: 1 | S6: 1 | U6: =+U5+Q6 -> 0 | V6: =+V5+R6 -> 4 | W6: =+W5+S6 -> 1
B7: 3. Anchorage | C7: 3642 | D7: 76822 | E7: 1600 | F7: 2 | G7: =+C7/F7 -> 1821 | H7: =+C7/E7 -> 2.27625 | J7: 3 | K7: =+C7/C$16 -> 1.3346526 | L7: =+G7/G$16 -> 1.3280984 | M7: =+H7/H$16 -> 1.3140727 | P7: 0.7 | Q7: 5 | R7: 1 | S7: 2 | U7: =+U6+Q7 -> 5 | V7: =+V6+R7 -> 5 | W7: =+W6+S7 -> 3
B8: 4. Anchorage | C8: 3969 | D8: 85376 | E8: 1800 | F8: 3 | G8: =+C8/F8 -> 1323 | H8: =+C8/E8 -> 2.205 | J8: 4 | K8: =+C8/C$16 -> 1.4544855 | L8: =+G8/G$16 -> 0.96489522 | M8: =+H8/H$16 -> 1.2729403 | P8: 0.8 | Q8: 0 | R8: 0 | S8: 1 | U8: =+U7+Q8 -> 5 | V8: =+V7+R8 -> 5 | W8: =+W7+S8 -> 4
B9: 5. Anchorage | C9: 4248 | D9: 92590 | E9: 2000 | F9: 1 | G9: =+C9/F9 -> 4248 | H9: =+C9/E9 -> 2.124 | J9: 5 | K9: =+C9/C$16 -> 1.5567282 | L9: =+G9/G$16 -> 3.098167 | M9: =+H9/H$16 -> 1.2261792 | P9: 0.9 | Q9: 0 | R9: 1 | S9: 1 | U9: =+U8+Q9 -> 5 | V9: =+V8+R9 -> 6 | W9: =+W8+S9 -> 5
B10: 6. Dallas | C10: 1706 | D10: 37129 | E10: 1200 | F10: 4 | G10: =+C10/F10 -> 426.5 | H10: =+C10/E10 -> 1.4216667 | J10: 6 | K10: =+C10/C$16 -> 0.62518323 | L10: =+G10/G$16 -> 0.31105655 | M10: =+H10/H$16 -> 0.82072414 | P10: 1 | Q10: 0 | R10: 1 | S10: 0 | U10: =+U9+Q10 -> 5 | V10: =+V9+R10 -> 7 | W10: =+W9+S10 -> 5
B11: 7. Dallas | C11: 1751 | D11: 37999 | E11: 1400 | F11: 3 | G11: =+C11/F11 -> 583.66667 | H11: =+C11/E11 -> 1.2507143 | J11: 7 | K11: =+C11/C$16 -> 0.641674 | L11: =+G11/G$16 -> 0.42568192 | M11: =+H11/H$16 -> 0.72203382 | P11: 1.1 | Q11: 0 | R11: 0 | S11: 0 | U11: =+U10+Q11 -> 5 | V11: =+V10+R11 -> 7 | W11: =+W10+S11 -> 5
B12: 8. Dallas | C12: 1795 | D12: 38891 | E12: 1600 | F12: 2 | G12: =+C12/F12 -> 897.5 | H12: =+C12/E12 -> 1.121875 | J12: 8 | K12: =+C12/C$16 -> 0.6577983 | L12: =+G12/G$16 -> 0.654568 | M12: =+H12/H$16 -> 0.64765526 | P12: 1.2 | Q12: 1 | R12: 0 | S12: 0 | U12: =+U11+Q12 -> 6 | V12: =+V11+R12 -> 7 | W12: =+W11+S12 -> 5
B13: 9. Dallas | C13: 1887 | D13: 40727 | E13: 1800 | F13: 3 | G13: =+C13/F13 -> 629 | H13: =+C13/E13 -> 1.0483333 | J13: 9 | K13: =+C13/C$16 -> 0.69151275 | L13: =+G13/G$16 -> 0.45874459 | M13: =+H13/H$16 -> 0.60519987 | P13: 1.3 | Q13: 1 | R13: 0 | S13: 2 | U13: =+U12+Q13 -> 7 | V13: =+V12+R13 -> 7 | W13: =+W12+S13 -> 7
B14: 10. Dallas | C14: 1909 | D14: 41157 | E14: 2000 | F14: 1 | G14: =+C14/F14 -> 1909 | H14: =+C14/E14 -> 0.9545 | J14: 10 | K14: =+C14/C$16 -> 0.6995749 | L14: =+G14/G$16 -> 1.3922789 | M14: =+H14/H$16 -> 0.55103015 | P14: 1.4 | Q14: 1 | R14: 2 | S14: 2 | U14: =+U13+Q14 -> 8 | V14: =+V13+R14 -> 9 | W14: =+W13+S14 -> 9
A15: TOTAL DATASET | P15: 1.5 | Q15: 1 | R15: 0 | S15: 1 | U15: =+U14+Q15 -> 9 | V15: =+V14+R15 -> 9 | W15: =+W14+S15 -> 10
A16: This is the average of the entries: | B16: Mean | C16: =AVERAGE(C5:C14) -> 2728.8 | E16: =AVERAGE(E5:E14) -> 1600 | F16: =AVERAGE(F5:F14) -> 2.6 | G16: =AVERAGE(G5:G14) -> 1371.1333 | H16: =AVERAGE(H5:H14) -> 1.7322101 | P16: >1.5 | Q16: 1 | R16: 1 | S16: 0 | U16: =+U15+Q16 -> 10 | V16: =+V15+R16 -> 10 | W16: =+W15+S16 -> 10
A17: This is the "Standard Deviation, SD": | B17: SD ("sigma") | C17: =STDEV(C5:C14) -> 1022.3354 | G17: =STDEV(G5:G14) -> 1130.2732 | H17: =STDEV(H5:H14) -> 0.62504347
A18: This is the % SD (SD/Mean): | B18: CV (or %SD) | C18: =+C17/C16 -> 0.37464652 | G18: =+G17/G16 -> 0.82433504 | H18: =+H17/H16 -> 0.36083583
A19: ANCHORAGE ONLY
A20: This is the average of the entries: | B20: Mean | C20: =AVERAGE(C5:C9) -> 3648 | E20: =AVERAGE(E5:E9) -> 1600 | F20: =AVERAGE(F5:F9) -> 2.6 | G20: =AVERAGE(G5:G9) -> 1853.1333 | H20: =AVERAGE(H5:H9) -> 2.3050024
A21: This is the "Standard Deviation, SD": | B21: SD ("sigma") | C21: =STDEV(C5:C9) -> 481.4016 | G21: =STDEV(G5:G9) -> 1392.7681 | H21: =STDEV(H5:H9) -> 0.15996428
A22: This is the % SD (SD/Mean): | B22: CV (or %SD) | C22: =+C21/C20 -> 0.13196316 | G22: =+G21/G20 -> 0.75157467 | H22: =+H21/H20 -> 0.069398749
A23: DALLAS ONLY
A24: This is the average of the entries: | B24: Mean | C24: =AVERAGE(C10:C14) -> 1809.6 | E24: =AVERAGE(E10:E14) -> 1600 | F24: =AVERAGE(F10:F14) -> 2.6 | G24: =AVERAGE(G10:G14) -> 889.13333 | H24: =AVERAGE(H10:H14) -> 1.1594179
A25: This is the "Standard Deviation, SD": | B25: SD ("sigma") | C25: =STDEV(C10:C14) -> 86.964361 | G25: =STDEV(G10:G14) -> 594.81234 | H25: =STDEV(H10:H14) -> 0.182243
A26: This is the % SD (SD/Mean): | B26: CV (or %SD) | C26: =+C25/C24 -> 0.048057228 | G26: =+G25/G24 -> 0.66897991 | H26: =+H25/H24 -> 0.15718492
J31: Variations (Actual/Mean) | Q31: Frequency | U31: Cumulative Frequency
K32: C(n)/C17 | L32: F(n)/F17 | M32: G(n)/G17 | Q32: (Number of entries) | V32: (Number of entries)

Sheet Correlations Charts
A1: C
P15: DRAW FIT
B49: N O T E : Red dot is the average of all values

Sheet Comparisons--Raw & Normalized
A1: ENERGIZED LEARNING RESULTS: COMPARISONS
A2: Input Values | D2: Values in bold-blue should be overwritten with student results
A3: Calculated Values
C4: A | D4: B | E4: C
B5: Group | C5: Bill (Base) | D5: Bill (increased floor area) | E5: Bill (with efficiency) | F5: % Change (B v C)
B6: =+'Data Entry'!$B5 -> 1. Anchorage | C6: =+'Data Entry'!C5 -> 3040 | D6: 3236 | E6: 2900 | F6: =+(E6-D6)/D6 -> -0.10383189
B7: =+'Data Entry'!$B6 -> 2. Anchorage | C7: =+'Data Entry'!C6 -> 3341 | D7: 3647 | E7: 3121 | F7: =+(E7-D7)/D7 -> -0.14422813
B8: =+'Data Entry'!$B7 -> 3. Anchorage | C8: =+'Data Entry'!C7 -> 3642 | D8: 3711 | E8: 3435 | F8: =+(E8-D8)/D8 -> -0.074373484
B9: =+'Data Entry'!$B8 -> 4. Anchorage | C9: =+'Data Entry'!C8 -> 3969 | D9: 4252 | E9: 3100 | F9: =+(E9-D9)/D9 -> -0.27093133
B10: =+'Data Entry'!$B9 -> 5. Anchorage | C10: =+'Data Entry'!C9 -> 4248 | D10: 4563 | E10: 3900 | F10: =+(E10-D10)/D10 -> -0.14529915
B11: =+'Data Entry'!$B10 -> 6. Dallas | C11: =+'Data Entry'!C10 -> 1706 | D11: 1747 | E11: 1400 | F11: =+(E11-D11)/D11 -> -0.19862622
B12: =+'Data Entry'!$B11 -> 7. Dallas | C12: =+'Data Entry'!C11 -> 1751 | D12: 1816 | E12: 1200 | F12: =+(E12-D12)/D12 -> -0.33920705
B13: =+'Data Entry'!$B12 -> 8. Dallas | C13: =+'Data Entry'!C12 -> 1795 | D13: 1851 | E13: 1340 | F13: =+(E13-D13)/D13 -> -0.27606699
B14: =+'Data Entry'!$B13 -> 9. Dallas | C14: =+'Data Entry'!C13 -> 1887 | D14: 1942 | E14: 1134 | F14: =+(E14-D14)/D14 -> -0.41606591
B15: =+'Data Entry'!$B14 -> 10. Dallas | C15: =+'Data Entry'!C14 -> 1909 | D15: 1980 | E15: 1900 | F15: =+(E15-D15)/D15 -> -0.04040404
B18: Group | C18: CO2 (Base) | D18: CO2 (increased floor area) | E18: CO2 (with efficiency) | F18: % Change (B v C)
B19: =+B6 -> 1. Anchorage | C19: =+'Data Entry'!$D5 -> 61293 | D19: 66400 | F19: =+(E19-D19)/D19 -> -1
B20: =+B7 -> 2. Anchorage | C20: =+'Data Entry'!$D6 -> 69088 | D20: 77061 | F20: =+(E20-D20)/D20 -> -1
B21: =+B8 -> 3. Anchorage | C21: =+'Data Entry'!$D7 -> 76822 | D21: 80202 | F21: =+(E21-D21)/D21 -> -1
B22: =+B9 -> 4. Anchorage | C22: =+'Data Entry'!$D8 -> 85376 | D22: 92784 | F22: =+(E22-D22)/D22 -> -1
B23: =+B10 -> 5. Anchorage | C23: =+'Data Entry'!$D9 -> 92590 | D23: 100809 | F23: =+(E23-D23)/D23 -> -1
B24: =+B11 -> 6. Dallas | C24: =+'Data Entry'!$D10 -> 37129 | D24: 37953 | F24: =+(E24-D24)/D24 -> -1
B25: =+B12 -> 7. Dallas | C25: =+'Data Entry'!$D11 -> 37999 | D25: 39316 | F25: =+(E25-D25)/D25 -> -1
B26: =+B13 -> 8. Dallas | C26: =+'Data Entry'!$D12 -> 38891 | D26: 40018 | F26: =+(E26-D26)/D26 -> -1
B27: =+B14 -> 9. Dallas | C27: =+'Data Entry'!$D13 -> 40727 | D27: 41829 | F27: =+(E27-D27)/D27 -> -1
B28: =+B15 -> 10. Dallas | C28: =+'Data Entry'!$D14 -> 41157 | D28: 42567 | F28: =+(E28-D28)/D28 -> -1
B31: =+B5 -> Group | C31: =+'Comparisons--Raw & Normalized'!C5 -> Bill (Base) | D31: =+'Comparisons--Raw & Normalized'!D5 -> Bill (increased floor area) | E31: =+'Comparisons--Raw & Normalized'!E5 -> Bill (with efficiency)
A32: Normalized | B32: =+B6 -> 1. Anchorage | C32: =+'Comparisons--Raw & Normalized'!C6/'Comparisons--Raw & Normalized'!C6 -> 1 | D32: =+'Comparisons--Raw & Normalized'!D6/'Comparisons--Raw & Normalized'!C6 -> 1.0644737 | E32: =+'Comparisons--Raw & Normalized'!E6/'Comparisons--Raw & Normalized'!C6 -> 0.95394737
A33: Data | B33: =+B7 -> 2. Anchorage | C33: =+'Comparisons--Raw & Normalized'!C7/'Comparisons--Raw & Normalized'!C7 -> 1 | D33: =+'Comparisons--Raw & Normalized'!D7/'Comparisons--Raw & Normalized'!C7 -> 1.0915893 | E33: =+'Comparisons--Raw & Normalized'!E7/'Comparisons--Raw & Normalized'!C7 -> 0.93415145
B34: =+B8 -> 3. Anchorage | C34: =+'Comparisons--Raw & Normalized'!C8/'Comparisons--Raw & Normalized'!C8 -> 1 | D34: =+'Comparisons--Raw & Normalized'!D8/'Comparisons--Raw & Normalized'!C8 -> 1.0189456 | E34: =+'Comparisons--Raw & Normalized'!E8/'Comparisons--Raw & Normalized'!C8 -> 0.9431631
B35: =+B9 -> 4. Anchorage | C35: =+'Comparisons--Raw & Normalized'!C9/'Comparisons--Raw & Normalized'!C9 -> 1 | D35: =+'Comparisons--Raw & Normalized'!D9/'Comparisons--Raw & Normalized'!C9 -> 1.0713026 | E35: =+'Comparisons--Raw & Normalized'!E9/'Comparisons--Raw & Normalized'!C9 -> 0.78105316
B36: =+B10 -> 5. Anchorage | C36: =+'Comparisons--Raw & Normalized'!C10/'Comparisons--Raw & Normalized'!C10 -> 1 | D36: =+'Comparisons--Raw & Normalized'!D10/'Comparisons--Raw & Normalized'!C10 -> 1.0741525 | E36: =+'Comparisons--Raw & Normalized'!E10/'Comparisons--Raw & Normalized'!C10 -> 0.9180791
B37: =+B11 -> 6. Dallas | C37: =+'Comparisons--Raw & Normalized'!C11/'Comparisons--Raw & Normalized'!C11 -> 1 | D37: =+'Comparisons--Raw & Normalized'!D11/'Comparisons--Raw & Normalized'!C11 -> 1.0240328 | E37: =+'Comparisons--Raw & Normalized'!E11/'Comparisons--Raw & Normalized'!C11 -> 0.82063306
B38: =+B12 -> 7. Dallas | C38: =+'Comparisons--Raw & Normalized'!C12/'Comparisons--Raw & Normalized'!C12 -> 1 | D38: =+'Comparisons--Raw & Normalized'!D12/'Comparisons--Raw & Normalized'!C12 -> 1.0371216 | E38: =+'Comparisons--Raw & Normalized'!E12/'Comparisons--Raw & Normalized'!C12 -> 0.68532267
B39: =+B13 -> 8. Dallas | C39: =+'Comparisons--Raw & Normalized'!C13/'Comparisons--Raw & Normalized'!C13 -> 1 | D39: =+'Comparisons--Raw & Normalized'!D13/'Comparisons--Raw & Normalized'!C13 -> 1.0311978 | E39: =+'Comparisons--Raw & Normalized'!E13/'Comparisons--Raw & Normalized'!C13 -> 0.74651811
B40: =+B14 -> 9. Dallas | C40: =+'Comparisons--Raw & Normalized'!C14/'Comparisons--Raw & Normalized'!C14 -> 1 | D40: =+'Comparisons--Raw & Normalized'!D14/'Comparisons--Raw & Normalized'!C14 -> 1.0291468 | E40: =+'Comparisons--Raw & Normalized'!E14/'Comparisons--Raw & Normalized'!C14 -> 0.6009539
B41: =+B15 -> 10. Dallas | C41: =+'Comparisons--Raw & Normalized'!C15/'Comparisons--Raw & Normalized'!C15 -> 1 | D41: =+'Comparisons--Raw & Normalized'!D15/'Comparisons--Raw & Normalized'!C15 -> 1.0371922 | E41: =+'Comparisons--Raw & Normalized'!E15/'Comparisons--Raw & Normalized'!C15 -> 0.99528549

Sheet Cashflows
C2: Case 0: Without Efficiency | D2: Case 1: With Efficiency
B4: Year | C4: -------(cumulative $)-------
B5: 0 | C5: 0 | D5: 1000
B6: 1 | C6: 2000 | D6: =+D5+1500 -> 2500
B7: 2 | C7: =+C$6*B7 -> 4000 | D7: =+D6+1500 -> 4000
B8: 3 | C8: =+C$6*B8 -> 6000 | D8: =+D7+1500 -> 5500
B9: 4 | C9: =+C$6*B9 -> 8000 | D9: =+D8+1500 -> 7000
B10: 5 | C10: =+C$6*B10 -> 10000 | D10: =+D9+1500 -> 8500
C12: y(0) = 2000x
C13: y(1) = 1500x + 1000
C15: Payback Time
C17: = Investment / Annual Savings
C19: = Years
C21: e.g. $1000 invested in insulation in year zero
C22: achieving $500/year energy bill savings
C24: $1000/$500-year
C26: = 2 years
C27: or, set y(0)=y(1) <--> 2000x = 1500x + 1000
C28: and solve for x

Sheet Standard Deviation
