Workbook

Sheet Eff4
A1: Inputs:
B2: Correlation Matrix
B3: 1 | C3: 2 | D3: 3 | E3: 4
A4: 1 | B4: 1 | C4: 0.26103539 | D4: 0.29397414 | E4: 0.32109094
A5: 2 | B5: 0.26103539 | C5: 1 | D5: 0.34651847 | E5: 0.37848207
A6: 3 | B6: 0.29397414 | C6: 0.34651847 | D6: 1 | E6: 0.42624083
A7: 4 | B7: 0.32109094 | C7: 0.37848207 | D7: 0.42624083 | E7: 1
B9: E(R) | D9: Vol/Std Dev
A10: 1 | B10: 0.12573651 | D10: 0.34
A11: 2 | B11: 0.11502593 | D11: 0.36055513 | F11: R_f | G11: 0.05
A12: 3 | B12: 0.12431534 | D12: 0.38418745
A13: 4 | B13: 0.13360476 | D13: 0.41036569
A15: Outputs: | C15: Note: The equations here are almost all implemented using array
C16: functions. These are functions that multiply groups of numbers
C17: (like vectors or matricies). If you change these functions, you will
C18: have to press CNTL-SHIFT-ENTER to re-enter them properly. You
C19: should not have to change anything for the homework assignment.
C20: stdev | D20: {=TRANSPOSE(D10:D13)} -> 0.34 | E20: 0.36055513 | F20: 0.38418745 | G20: 0.41036569
D21: Covariance Matrix
B22: stdev | D22: 1 | E22: 2 | F22: 3 | G22: 4 | I22: ones
B23: {=D10:D13} -> 0.34 | C23: 1 | D23: =B4*D$20*$B23 -> 0.1156 | E23: =C4*E$20*$B23 -> 0.032 | F23: =D4*F$20*$B23 -> 0.0384 | G23: =E4*G$20*$B23 -> 0.0448 | I23: 1
B24: 0.36055513 | C24: 2 | D24: =B5*D$20*$B24 -> 0.032 | E24: =C5*E$20*$B24 -> 0.13 | F24: =D5*F$20*$B24 -> 0.048 | G24: =E5*G$20*$B24 -> 0.056 | I24: 1
B25: 0.38418745 | C25: 3 | D25: =B6*D$20*$B25 -> 0.0384 | E25: =C6*E$20*$B25 -> 0.048 | F25: =D6*F$20*$B25 -> 0.1476 | G25: =E6*G$20*$B25 -> 0.0672 | I25: 1
B26: 0.41036569 | C26: 4 | D26: =B7*D$20*$B26 -> 0.0448 | E26: =C7*E$20*$B26 -> 0.056 | F26: =D7*F$20*$B26 -> 0.0672 | G26: =E7*G$20*$B26 -> 0.1684 | I26: 1
A28: Portfolio Weghts | D28: MV | E28: P | F28: MVE
C29: 1 | D29: {=MMULT(MINVERSE($D$23:$G$26),$I$23:$I$26)/H29} -> 0.38469388 | E29: {=MMULT(MINVERSE($D$23:$G$26),$B$10:$B$13)/H30} -> 0.39356204 | F29: {=MMULT(MINVERSE($D$23:$G$26),$B$10:$B$13-$G$11)/H31} -> 0.39962005 | G29: k1 | H29: {=MMULT(TRANSPOSE(I23:I26),MMULT(MINVERSE($D$23:$G$26),$I$23:$I$26))} -> 14.936747
C30: 2 | D30: 0.29489796 | E30: 0.23747128 | F30: 0.19824206 | G30: k2 | H30: {=MMULT(TRANSPOSE(I23:I26),MMULT(MINVERSE($D$23:$G$26),$B$10:$B$13))} -> 1.840114
C31: 3 | D31: 0.20510204 | E31: 0.20214599 | F31: 0.20012665 | G31: k3 | H31: {=MMULT(TRANSPOSE(I23:I26),MMULT(MINVERSE($D$23:$G$26),$B$10:$B$13-$G$11))} -> 1.0932766
C32: 4 | D32: 0.11530612 | E32: 0.16682069 | F32: 0.20201124
C33: sum | D33: =SUM(D29:D32) -> 1 | E33: =SUM(E29:E32) -> 1 | F33: =SUM(F29:F32) -> 1
C35: E(R) | D35: {=MMULT(TRANSPOSE(D29:D32),$B$10:$B$13)} -> 0.12319375 | E35: {=MMULT(TRANSPOSE(E29:E32),$B$10:$B$13)} -> 0.12421836 | F35: {=MMULT(TRANSPOSE(F29:F32),$B$10:$B$13)} -> 0.12491828
C36: VAR | D36: {=MMULT(MMULT(TRANSPOSE(D29:D32),$D$23:$G$26),D29:D32)} -> 0.06694898 | E36: {=MMULT(MMULT(TRANSPOSE(E29:E32),$D$23:$G$26),E29:E32)} -> 0.067505795 | F36: {=MMULT(MMULT(TRANSPOSE(F29:F32),$D$23:$G$26),F29:F32)} -> 0.068526375
C37: STD DEV | D37: =SQRT(D36) -> 0.25874501 | E37: =SQRT(E36) -> 0.25981877 | F37: =SQRT(F36) -> 0.26177543
D39: MV | E39: P | F39: MVE
A40: Covariance | C40: MV | D40: {=MMULT(MMULT(TRANSPOSE(D29:F32),D23:G26),D29:F32)} -> 0.06694898 | E40: 0.06694898 | F40: 0.06694898
A41: Matrix | C41: P | D41: 0.06694898 | E41: 0.067505795 | F41: 0.067886166
C42: WVE | D42: 0.06694898 | E42: 0.067886166 | F42: 0.068526375

Sheet Problem Data
A2: Security | B2: Variance | C2: Stdev | D2: Market Value
A3: A | B3: 0.1156 | C3: =SQRT(B3) -> 0.34 | D3: 239363.24
A4: B | B4: 0.13 | C4: =SQRT(B4) -> 0.36055513 | D4: 246454.41
A5: C | B5: 0.1476 | C5: =SQRT(B5) -> 0.38418745 | D5: 253545.59
A6: D | B6: 0.1684 | C6: =SQRT(B6) -> 0.41036569 | D6: 260636.76
A8: Variance/Covariance Matrix:
B9: A | C9: B | D9: C | E9: D
A10: A | B10: 0.1156 | C10: 0.032 | D10: 0.0384 | E10: 0.0448
A11: B | B11: 0.032 | C11: 0.13 | D11: 0.048 | E11: 0.056
A12: C | B12: 0.0384 | C12: 0.048 | D12: 0.1476 | E12: 0.0672
A13: D | B13: 0.0448 | C13: 0.056 | D13: 0.0672 | E13: 0.1684
A15: Correlation Matrix:
B16: A | C16: B | D16: C | E16: D
A17: A | B17: 1 | C17: 0.26103539 | D17: 0.29397414 | E17: 0.32109094
A18: B | B18: 0.26103539 | C18: 1 | D18: 0.34651847 | E18: 0.37848207
A19: C | B19: 0.29397414 | C19: 0.34651847 | D19: 1 | E19: 0.42624083
A20: D | B20: 0.32109094 | C20: 0.37848207 | D20: 0.42624083 | E20: 1

Sheet Solution
A1: 1 | B1: To get the variance of the market portfolio, we just find its weights
B2: and then calculate its variance using the method in the
B3: portfolio_covariance example spreadsheet.
A5: Security | C5: Mkt Value | D5: weight
A6: A | C6: 239363.24 | D6: =C6/$C$10 -> 0.23936324
A7: B | C7: 246454.41 | D7: =C7/$C$10 -> 0.24645441
A8: C | C8: 253545.59 | D8: =C8/$C$10 -> 0.25354559
A9: D | C9: 260636.76 | D9: =C9/$C$10 -> 0.26063676
A10: Total | C10: =SUM(C6:C9) -> 1000000
C12: {=TRANSPOSE($D$6:$D$9)} -> 0.23936324 | D12: 0.24645441 | E12: 0.25354559 | F12: 0.26063676
C13: A | D13: B | E13: C | F13: D
A14: 0.23936324 | B14: A | C14: =C$12*$A14*'Problem Data'!B10 -> 0.0066232744 | D14: =D$12*$A14*'Problem Data'!C10 -> 0.0018877481 | E14: =E$12*$A14*'Problem Data'!D10 -> 0.0023304765 | F14: =F$12*$A14*'Problem Data'!E10 -> 0.0027949313
A15: 0.24645441 | B15: B | C15: =C$12*$A15*'Problem Data'!B11 -> 0.0018877481 | D15: =D$12*$A15*'Problem Data'!C11 -> 0.0078961712 | E15: =E$12*$A15*'Problem Data'!D11 -> 0.0029993966 | F15: =F$12*$A15*'Problem Data'!E11 -> 0.0035971645
A16: 0.25354559 | B16: C | C16: =C$12*$A16*'Problem Data'!B12 -> 0.0023304765 | D16: =D$12*$A16*'Problem Data'!C12 -> 0.0029993966 | E16: =E$12*$A16*'Problem Data'!D12 -> 0.0094885198 | F16: =F$12*$A16*'Problem Data'!E12 -> 0.0044407977
A17: 0.26063676 | B17: D | C17: =C$12*$A17*'Problem Data'!B13 -> 0.0027949313 | D17: =D$12*$A17*'Problem Data'!C13 -> 0.0035971645 | E17: =E$12*$A17*'Problem Data'!D13 -> 0.0044407977 | F17: =F$12*$A17*'Problem Data'!E13 -> 0.011439668
C19: Variance | D19: =SUM(C14:F17) -> 0.071548663
B21: To get the covariance of the market with A, for example, we
B22: just sum up the market weights on each of the four assets
B23: times their covariances with A. This is easy to do with the
B24: covariance matrix
A26: cov(Ri,Rm) | C26: {=TRANSPOSE($D$6:$D$9)} -> 0.23936324 | D26: 0.24645441 | E26: 0.25354559 | F26: 0.26063676
C27: A | D27: B | E27: C | F27: D
A28: =SUM(C28:F28) -> 0.056969609 | B28: A | C28: =C$26*'Problem Data'!B10 -> 0.027670391 | D28: =D$26*'Problem Data'!C10 -> 0.0078865412 | E28: =E$26*'Problem Data'!D10 -> 0.0097361505 | F28: =F$26*'Problem Data'!E10 -> 0.011676527
A29: =SUM(C29:F29) -> 0.066464544 | B29: B | C29: =C$26*'Problem Data'!B11 -> 0.0076596237 | D29: =D$26*'Problem Data'!C11 -> 0.032039074 | E29: =E$26*'Problem Data'!D11 -> 0.012170188 | F29: =F$26*'Problem Data'!E11 -> 0.014595658
A30: =SUM(C30:F30) -> 0.075959479 | B30: C | C30: =C$26*'Problem Data'!B12 -> 0.0091915485 | D30: =D$26*'Problem Data'!C12 -> 0.011829812 | E30: =E$26*'Problem Data'!D12 -> 0.037423329 | F30: =F$26*'Problem Data'!E12 -> 0.01751479
A31: =SUM(C31:F31) -> 0.085454414 | B31: D | C31: =C$26*'Problem Data'!B13 -> 0.010723473 | D31: =D$26*'Problem Data'!C13 -> 0.013801447 | E31: =E$26*'Problem Data'!D13 -> 0.017038263 | F31: =F$26*'Problem Data'!E13 -> 0.04389123
A34: 2 | B34: The betas are just the covariances divided by the market variances:
C35: Beta
B36: A | C36: =A28/$D$19 -> 0.79623584
B37: B | C37: =A29/$D$19 -> 0.92894181
B38: C | C38: =A30/$D$19 -> 1.0616478
B39: D | C39: =A31/$D$19 -> 1.1943538
A41: 3 | B41: The expected returns come from the CAPM:
C42: E(Rm)= | D42: 0.12
C43: Rf= | D43: 0.05
C44: E(Ri)
B45: A | C45: =$D$43+C36*($D$42-$D$43) -> 0.10573651
B46: B | C46: =$D$43+C37*($D$42-$D$43) -> 0.11502593
B47: C | C47: =$D$43+C38*($D$42-$D$43) -> 0.12431534
B48: D | C48: =$D$43+C39*($D$42-$D$43) -> 0.13360476
A50: 4 | B50: If we copy these onto the expected returns section of spreadsheet
B51: one ('Eff4'), and use the rf of 0.05, we get MVE weights of:
C53: w_I
B54: A | C54: 0.23936324
B55: B | C55: 0.24645441
B56: C | C56: 0.25354559
B57: D | C57: 0.26063676
B59: Note that these are exactly the same as the market weights, as
B60: we would expect.
A62: 5 | B62: With the new values, we get
C63: E(Rm)= | D63: 0.2
C64: Rf= | D64: 0.02
C65: E(Ri)
B66: A | C66: =$D$64+C36*($D$63-$D$64) -> 0.16332245
B67: B | C67: =$D$64+C37*($D$63-$D$64) -> 0.18720953
B68: C | C68: =$D$64+C38*($D$63-$D$64) -> 0.2110966
B69: D | C69: =$D$64+C39*($D$63-$D$64) -> 0.23498368
C71: w_I
B72: A | C72: 0.23936324
B73: B | C73: 0.24645441
B74: C | C74: 0.25354559
B75: D | C75: 0.26063676
B77: Again, these are exactly the same as the market weights
A79: 6 | B79: The expected returns are just those from 3, except that we up
B80: the return on A by 0.02:
C82: E(Ri)
B83: A | C83: =C45+0.02 -> 0.12573651
B84: B | C84: =C46 -> 0.11502593
B85: C | C85: =C47 -> 0.12431534
B86: D | C86: =C48 -> 0.13360476
B88: To maximize the Sharpe Ratio, we want to choose the MVE portfolio
B89: which we get by plugging these (and the rf of 0.05) into eff4.
B90: The expected returns, variance, and standard deviation are taken
B91: from the eff4 spreadsheet.
C93: w_I | D93: $ Invstd | F93: E(R) | G93: 0.12491828
B94: A | C94: 0.39962005 | D94: =C94*1000000 -> 399620.05 | F94: VAR | G94: 0.068526375
B95: B | C95: 0.19824206 | D95: =C95*1000000 -> 198242.06 | F95: STD DEV | G95: 0.26177543
B96: C | C96: 0.20012665 | D96: =C96*1000000 -> 200126.65
B97: D | C97: 0.20201124 | D97: =C97*1000000 -> 202011.24 | F97: SR | G97: =G93/G95 -> 0.47719637
B98: sum | C98: =SUM(C94:C97) -> 1 | D98: =SUM(D94:D97) -> 1000000
A100: 7 | B100: The answer here must be that you will get the expected returns from
B101: the first part of question 6. Let's verify:
C103: {=TRANSPOSE(A105:A108)} -> 0.39962005 | D103: 0.19824206 | E103: 0.20012665 | F103: 0.20201124
C104: A | D104: B | E104: C | F104: D
A105: =C94 -> 0.39962005 | B105: A | C105: =C$103*$A105*'Problem Data'!B10 -> 0.018460879 | D105: =D$103*$A105*'Problem Data'!C10 -> 0.002535088 | E105: =E$103*$A105*'Problem Data'!D10 -> 0.0030710255 | F105: =F$103*$A105*'Problem Data'!E10 -> 0.0036166028
A106: =C95 -> 0.19824206 | B106: B | C106: =C$103*$A106*'Problem Data'!B11 -> 0.002535088 | D106: =D$103*$A106*'Problem Data'!C11 -> 0.0051089889 | E106: =E$103*$A106*'Problem Data'!D11 -> 0.0019043289 | F106: =F$103*$A106*'Problem Data'!E11 -> 0.002242639
A107: =C96 -> 0.20012665 | B107: C | C107: =C$103*$A107*'Problem Data'!B12 -> 0.0030710255 | D107: =D$103*$A107*'Problem Data'!C12 -> 0.0019043289 | E107: =E$103*$A107*'Problem Data'!D12 -> 0.0059114799 | F107: =F$103*$A107*'Problem Data'!E12 -> 0.0027167504
A108: =C97 -> 0.20201124 | B108: D | C108: =C$103*$A108*'Problem Data'!B13 -> 0.0036166028 | D108: =D$103*$A108*'Problem Data'!C13 -> 0.002242639 | E108: =E$103*$A108*'Problem Data'!D13 -> 0.0027167504 | F108: =F$103*$A108*'Problem Data'!E13 -> 0.0068721585
C110: Variance | D110: =SUM(C105:F108) -> 0.068526375
A112: cov(Ri,Rp) | C112: =C103 -> 0.39962005 | D112: =D103 -> 0.19824206 | E112: =E103 -> 0.20012665 | F112: =F103 -> 0.20201124
C113: A | D113: B | E113: C | F113: D
A114: =SUM(C114:F114) -> 0.06927479 | B114: A | C114: =C$112*'Problem Data'!B10 -> 0.046196077 | D114: =D$112*'Problem Data'!C10 -> 0.0063437459 | E114: =E$112*'Problem Data'!D10 -> 0.0076848634 | F114: =F$112*'Problem Data'!E10 -> 0.0090501037
A115: =SUM(C115:F115) -> 0.059478018 | B115: B | C115: =C$112*'Problem Data'!B11 -> 0.012787841 | D115: =D$112*'Problem Data'!C11 -> 0.025771468 | E115: =E$112*'Problem Data'!D11 -> 0.0096060793 | F115: =F$112*'Problem Data'!E11 -> 0.01131263
A116: =SUM(C116:F116) -> 0.067974878 | B116: C | C116: =C$112*'Problem Data'!B12 -> 0.01534541 | D116: =D$112*'Problem Data'!C12 -> 0.0095156189 | E116: =E$112*'Problem Data'!D12 -> 0.029538694 | F116: =F$112*'Problem Data'!E12 -> 0.013575155
A117: =SUM(C117:F117) -> 0.076471738 | B117: D | C117: =C$112*'Problem Data'!B13 -> 0.017902978 | D117: =D$112*'Problem Data'!C13 -> 0.011101555 | E117: =E$112*'Problem Data'!D13 -> 0.013448511 | F117: =F$112*'Problem Data'!E13 -> 0.034018693
C119: Beta | D119: E(Ri) | F119: E(Rp) | G119: =G93 -> 0.12491828
B120: A | C120: =A114/$D$110 -> 1.0109216 | D120: =$G$120+C120*($G$119-$G$120) -> 0.12573651 | F120: Rf | G120: 0.05
B121: B | C121: =A115/$D$110 -> 0.86795804 | D121: =$G$120+C121*($G$119-$G$120) -> 0.11502593
B122: C | C122: =A116/$D$110 -> 0.99195204 | D122: =$G$120+C122*($G$119-$G$120) -> 0.12431534
B123: D | C123: =A117/$D$110 -> 1.115946 | D123: =$G$120+C123*($G$119-$G$120) -> 0.13360476

Sheet Sheet4

Sheet Sheet5

Sheet Sheet6

Sheet Sheet7

Sheet Sheet8

Sheet Sheet9

Sheet Sheet10

Sheet Sheet11

Sheet Sheet12

Sheet Sheet13

Sheet Sheet14

Sheet Sheet15

Sheet Sheet16
