Workbook
Name Rf: 'Data & RP'!$K$114

Sheet Data & RP
A1: Homework No. 8
A2: Financial Management
A3: Data for Problems 16-20 from Take-Home Test
A6: Date | B6: T. Days | C6: Disc Rate | D6: CMB | E6: COL | F6: F | G6: HWP | H6: INTC | I6: KO | J6: S&P500 | K6: Disc Rate | L6: RP CMB | M6: RP COL | N6: RP F | O6: RP HWP | P6: RP INTC | Q6: RP KO | R6: RP Port | S6: RP S&P
A7: 32295 | B7: 22 | C7: 0.005 | D7: 0.076577 | E7: 0.249839 | F7: 0.092308 | G7: -0.038759 | H7: 0.155894 | I7: 0.012882 | J7: 0.025547
A8: 32325 | B8: 21 | C8: 0.005 | D8: 0.008368 | E8: -0.057089 | F8: -0.004695 | G8: -0.094203 | H8: -0.03798 | I8: -0.016 | J8: -0.005411
A9: 32356 | B9: 23 | C9: 0.005408 | D9: -0.041494 | E9: 0.060545 | F9: -0.070755 | G9: -0.079208 | H9: -0.194291 | I9: 0.042318 | J9: -0.0386
A10: 32387 | B10: 22 | C10: 0.005408 | D10: 0.04329 | E10: 0 | F10: 0.038091 | G10: 0.072602 | H10: -0.017857 | I10: 0.0938 | J10: 0.039714
A11: 32417 | B11: 21 | C11: 0.005408 | D11: -0.037344 | E11: -0.085719 | F11: 0.007315 | G11: 0.012511 | H11: -0.099927 | I11: -0.014262 | J11: 0.025972
A12: 32448 | B12: 22 | C12: 0.005408 | D12: -0.038793 | E12: 0.156385 | F12: 0.009709 | G12: -0.042059 | H12: -0.171784 | I12: 0.00575 | J12: -0.018895
A13: 32478 | B13: 22 | C13: 0.005408 | D13: 0.026906 | E13: 0.162153 | F13: -0.028846 | G13: 0.100794 | H13: 0.158634 | I13: 0.028772 | J13: 0.014691
A14: 32509 | B14: 22 | C14: 0.005408 | D14: 0.100437 | E14: -0.023301 | F14: 0.081703 | G14: 0.084504 | H14: 0.094645 | I14: 0.047687 | J14: 0.071115
A15: 32540 | B15: 20 | C15: 0.005824 | D15: 0 | E15: 0 | F15: -0.054919 | G15: -0.043289 | H15: -0.009538 | I15: 0.021389 | J15: -0.028938
A16: 32568 | B16: 23 | C16: 0.005833 | D16: 0.202381 | E16: -0.166714 | F16: -0.053268 | G16: -0.070151 | H16: 0.019571 | I16: 0.073212 | J16: 0.020806
A17: 32599 | B17: 20 | C17: 0.005833 | D17: -0.029703 | E17: 0.14298 | F17: -0.023038 | G17: 0.10464 | H17: 0.104509 | I17: 0.058539 | J17: 0.05008
A18: 32629 | B18: 23 | C18: 0.005833 | D18: -0.006803 | E18: -0.025049 | F18: 0.020942 | G18: -0.048492 | H18: 0.12069 | I18: 0.064592 | J18: 0.035148
... A49: 33573 | B49: 22 | C49: 0.002917 | D49: 0.17 | E49: 0.1333 | F49: 0.188583 | G49: 0.18444 | H49: 0.195122 | I49: 0.160228 | J49: 0.111594
A50: Date | B50: T. Days | C50: Disc Rate | D50: CMB | E50: COL | F50: F | G50: HWP | H50: INTC | I50: KO | J50: S&P500 | K50: Disc Rate | L50: RP CMB | M50: RP COL | N50: RP F | O50: RP HWP | P50: RP INTC | Q50: RP KO | R50: RP Port | S50: RP S&P
A51: 33604 | B51: 23 | C51: 0.002917 | D51: 0.188406 | E51: 0.147093 | F51: 0.084406 | G51: 0.041684 | H51: 0.221959 | I51: -0.034292 | J51: -0.019924 | K51: 0.002917 | L51: =D51-$C51 -> 0.185489 | M51: =E51-$C51 -> 0.144176 | N51: =F51-$C51 -> 0.081489 | O51: =G51-$C51 -> 0.038767 | P51: =H51-$C51 -> 0.219042 | Q51: =I51-$C51 -> -0.037209 | R51: =SUM(L51:Q51)/6 -> 0.10529233 | S51: =J51-$C51 -> -0.022841
A52: 33635 | B52: 20 | C52: 0.002917 | D52: 0.182927 | E52: 0.038462 | F52: 0.204918 | G52: 0.232026 | H52: 0.060525 | I52: 0.054865 | J52: 0.009582 | K52: 0.002917 | L52: =D52-$C52 -> 0.18001 | M52: =E52-$C52 -> 0.035545 | N52: =F52-$C52 -> 0.202001 | O52: =G52-$C52 -> 0.229109 | P52: =H52-$C52 -> 0.057608 | Q52: =I52-$C52 -> 0.051948 | R52: =SUM(L52:Q52)/6 -> 0.12603683 | S52: =J52-$C52 -> 0.006665
A53: 33664 | B53: 22 | C53: 0.002917 | D53: -0.003093 | E53: 0.01237 | F53: 0.055129 | G53: 0.10274 | H53: -0.12989 | I53: 0.003425 | J53: -0.021832 | K53: 0.002917 | L53: =D53-$C53 -> -0.00601 | M53: =E53-$C53 -> 0.009453 | N53: =F53-$C53 -> 0.052212 | O53: =G53-$C53 -> 0.099823 | P53: =H53-$C53 -> -0.132807 | Q53: =I53-$C53 -> 0.000508 | R53: =SUM(L53:Q53)/6 -> 0.0038631667 | S53: =J53-$C53 -> -0.024749
A54: 33695 | B54: 22 | C54: 0.002917 | D54: 0.073298 | E54: -0.121973 | F54: 0.182406 | G54: -0.003727 | H54: -0.031709 | I54: 0.015266 | J54: 0.027893 | K54: 0.002917 | L54: =D54-$C54 -> 0.070381 | M54: =E54-$C54 -> -0.12489 | N54: =F54-$C54 -> 0.179489 | O54: =G54-$C54 -> -0.006644 | P54: =H54-$C54 -> -0.034626 | Q54: =I54-$C54 -> 0.012349 | R54: =SUM(L54:Q54)/6 -> 0.016009833 | S54: =J54-$C54 -> 0.024976
A55: 33725 | B55: 21 | C55: 0.002917 | D55: 0.082927 | E55: -0.013917 | F55: -0.022038 | G55: -0.05 | H55: -0.065421 | I55: 0.060241 | J55: 0.000971 | K55: 0.002917 | L55: =D55-$C55 -> 0.08001 | M55: =E55-$C55 -> -0.016834 | N55: =F55-$C55 -> -0.024955 | O55: =G55-$C55 -> -0.052917 | P55: =H55-$C55 -> -0.068338 | Q55: =I55-$C55 -> 0.057324 | R55: =SUM(L55:Q55)/6 -> -0.004285 | S55: =J55-$C55 -> -0.001946
A56: 33756 | B56: 22 | C56: 0.002917 | D56: 0.006306 | E56: -0.070396 | F56: 0.042816 | G56: -0.093737 | H56: 0.14 | I56: -0.087727 | J56: -0.017366 | K56: 0.002917 | L56: =D56-$C56 -> 0.003389 | M56: =E56-$C56 -> -0.073313 | N56: =F56-$C56 -> 0.039899 | O56: =G56-$C56 -> -0.096654 | P56: =H56-$C56 -> 0.137083 | Q56: =I56-$C56 -> -0.090644 | R56: =SUM(L56:Q56)/6 -> -0.013373333 | S56: =J56-$C56 -> -0.020283
A57: 33786 | B57: 23 | C57: 0.0025 | D57: -0.095023 | E57: 0.075727 | F57: -0.002747 | G57: 0.070039 | H57: 0.048281 | I57: 0.0469 | J57: 0.039377 | K57: 0.0025 | L57: =D57-$C57 -> -0.097523 | M57: =E57-$C57 -> 0.073227 | N57: =F57-$C57 -> -0.005247 | O57: =G57-$C57 -> 0.067539 | P57: =H57-$C57 -> 0.045781 | Q57: =I57-$C57 -> 0.0444 | R57: =SUM(L57:Q57)/6 -> 0.021362833 | S57: =J57-$C57 -> 0.036877
A58: 33817 | B58: 21 | C58: 0.0025 | D58: -0.09 | E58: -0.028142 | F58: -0.10929 | G58: -0.221061 | H58: -0.029321 | I58: 0.026841 | J58: -0.023993 | K58: 0.0025 | L58: =D58-$C58 -> -0.0925 | M58: =E58-$C58 -> -0.030642 | N58: =F58-$C58 -> -0.11179 | O58: =G58-$C58 -> -0.223561 | P58: =H58-$C58 -> -0.031821 | Q58: =I58-$C58 -> 0.024341 | R58: =SUM(L58:Q58)/6 -> -0.077662167 | S58: =J58-$C58 -> -0.026493
A59: 33848 | B59: 22 | C59: 0.0025 | D59: 0.002198 | E59: -0.014522 | F59: -0.020859 | G59: -0.0262 | H59: 0.135379 | I59: -0.054884 | J59: 0.009106 | K59: 0.0025 | L59: =D59-$C59 -> -0.000302 | M59: =E59-$C59 -> -0.017022 | N59: =F59-$C59 -> -0.023359 | O59: =G59-$C59 -> -0.0287 | P59: =H59-$C59 -> 0.132879 | Q59: =I59-$C59 -> -0.057384 | R59: =SUM(L59:Q59)/6 -> 0.0010186667 | S59: =J59-$C59 -> 0.006606
A60: 33878 | B60: 22 | C60: 0.0025 | D60: 0.066667 | E60: -0.117621 | F60: -0.075949 | G60: 0.020161 | H60: 0.026585 | I60: 0.003111 | J60: 0.002099 | K60: 0.0025 | L60: =D60-$C60 -> 0.064167 | M60: =E60-$C60 -> -0.120121 | N60: =F60-$C60 -> -0.078449 | O60: =G60-$C60 -> 0.017661 | P60: =H60-$C60 -> 0.024085 | Q60: =I60-$C60 -> 0.000611 | R60: =SUM(L60:Q60)/6 -> -0.015341 | S60: =J60-$C60 -> -0.000401
A61: 33909 | B61: 21 | C61: 0.0025 | D61: 0.140625 | E61: 0.3667 | F61: 0.150685 | G61: 0.16921 | H61: 0.059259 | I61: -0.021563 | J61: 0.030269 | K61: 0.0025 | L61: =D61-$C61 -> 0.138125 | M61: =E61-$C61 -> 0.3642 | N61: =F61-$C61 -> 0.148185 | O61: =G61-$C61 -> 0.16671 | P61: =H61-$C61 -> 0.056759 | Q61: =I61-$C61 -> -0.024063 | R61: =SUM(L61:Q61)/6 -> 0.14165267 | S61: =J61-$C61 -> 0.027769
A62: 33939 | B62: 23 | C62: 0.0025 | D62: 0.052055 | E62: 0.036584 | F62: 0.030381 | G62: 0.050767 | H62: 0.218182 | I62: 0.057006 | J62: 0.010106 | K62: 0.0025 | L62: =D62-$C62 -> 0.049555 | M62: =E62-$C62 -> 0.034084 | N62: =F62-$C62 -> 0.027881 | O62: =G62-$C62 -> 0.048267 | P62: =H62-$C62 -> 0.215682 | Q62: =I62-$C62 -> 0.054506 | R62: =SUM(L62:Q62)/6 -> 0.0716625 | S62: =J62-$C62 -> 0.007606
... A110: 35400 | B110: 21 | C110: 0.004167 | D110: -0.054233 | E110: 0.01875 | F110: -0.015267 | G110: -0.067285 | H110: 0.032512 | I110: 0.02934 | J110: -0.021505 | K110: 0.004167 | L110: =D110-$C110 -> -0.0584 | M110: =E110-$C110 -> 0.014583 | N110: =F110-$C110 -> -0.019434 | O110: =G110-$C110 -> -0.071452 | P110: =H110-$C110 -> 0.028345 | Q110: =I110-$C110 -> 0.025173 | R110: =SUM(L110:Q110)/6 -> -0.013530833 | S110: =J110-$C110 -> -0.025672
A111: 35431 | B111: 23 | C111: 0.004167 | D111: 0.034965 | E111: -0.030675 | F111: -0.003876 | G111: 0.047264 | H111: 0.23855 | I111: 0.099762 | J111: 0.06129 | K111: 0.004167
A113: Item | B113: T. Days | C113: Disc Rate | D113: CMB | E113: COL | F113: F | G113: HWP | H113: INTC | I113: KO | J113: S&P500 | K113: Disc Rate | L113: RP CMB | M113: RP COL | N113: RP F | O113: RP HWP | P113: RP INTC | Q113: RP KO | R113: RP Port | S113: RP S&P
A114: Mean | K114: =AVERAGE(K$51:K$110) -> 0.0033577167 | L114: =AVERAGE(L$51:L$110) -> 0.02967615 | M114: =AVERAGE(M$51:M$110) -> 0.022054633 | N114: =AVERAGE(N$51:N$110) -> 0.014833983 | O114: =AVERAGE(O$51:O$110) -> 0.02221985 | P114: =AVERAGE(P$51:P$110) -> 0.041695567 | Q114: =AVERAGE(Q$51:Q$110) -> 0.014631367 | R114: =AVERAGE(R$51:R$110) -> 0.024185258 | S114: =AVERAGE(S$51:S$110) -> 0.0065672833
A115: Std Dev | K115: =STDEV(K$51:K$110) -> 0.00080925333 | L115: =STDEV(L$51:L$110) -> 0.074807768 | M115: =STDEV(M$51:M$110) -> 0.090085725 | N115: =STDEV(N$51:N$110) -> 0.067991419 | O115: =STDEV(O$51:O$110) -> 0.088397431 | P115: =STDEV(P$51:P$110) -> 0.098988719 | Q115: =STDEV(Q$51:Q$110) -> 0.04246629 | R115: =STDEV(R$51:R$110) -> 0.043630426 | S115: =STDEV(S$51:S$110) -> 0.024802138
A117: Alpha | L117: =INTERCEPT(L$51:L$110,$S$51:$S$110) -> 0.022187355 | M117: =INTERCEPT(M$51:M$110,$S$51:$S$110) -> 0.017211085 | N117: =INTERCEPT(N$51:N$110,$S$51:$S$110) -> 0.011372343 | O117: =INTERCEPT(O$51:O$110,$S$51:$S$110) -> 0.010845177 | P117: =INTERCEPT(P$51:P$110,$S$51:$S$110) -> 0.033813685 | Q117: =INTERCEPT(Q$51:Q$110,$S$51:$S$110) -> 0.011245317 | R117: =INTERCEPT(R$51:R$110,$S$51:$S$110) -> 0.01777916 | S117: =INTERCEPT(S$51:S$110,$S$51:$S$110) -> 0
A118: Beta | L118: =SLOPE(L$51:L$110,$S$51:$S$110) -> 1.1403186 | M118: =SLOPE(M$51:M$110,$S$51:$S$110) -> 0.73752701 | N118: =SLOPE(N$51:N$110,$S$51:$S$110) -> 0.52710379 | O118: =SLOPE(O$51:O$110,$S$51:$S$110) -> 1.7320211 | P118: =SLOPE(P$51:P$110,$S$51:$S$110) -> 1.2001739 | Q118: =SLOPE(Q$51:Q$110,$S$51:$S$110) -> 0.51559362 | R118: =SLOPE(R$51:R$110,$S$51:$S$110) -> 0.97545632 | S118: =SLOPE(S$51:S$110,$S$51:$S$110) -> 1
A119: R2 | L119: =RSQ(L$51:L$110,$S$51:$S$110) -> 0.14293455 | M119: =RSQ(M$51:M$110,$S$51:$S$110) -> 0.041230835 | N119: =RSQ(N$51:N$110,$S$51:$S$110) -> 0.036971094 | O119: =RSQ(O$51:O$110,$S$51:$S$110) -> 0.23615943 | P119: =RSQ(P$51:P$110,$S$51:$S$110) -> 0.09042638 | Q119: =RSQ(Q$51:Q$110,$S$51:$S$110) -> 0.09067857 | R119: =RSQ(R$51:R$110,$S$51:$S$110) -> 0.30747866 | S119: =RSQ(S$51:S$110,$S$51:$S$110) -> 1
A120: R | L120: =PEARSON(L$51:L$110,$S$51:$S$110) -> 0.37806686 | M120: =PEARSON(M$51:M$110,$S$51:$S$110) -> 0.20305377 | N120: =PEARSON(N$51:N$110,$S$51:$S$110) -> 0.19227869 | O120: =PEARSON(O$51:O$110,$S$51:$S$110) -> 0.48596237 | P120: =PEARSON(P$51:P$110,$S$51:$S$110) -> 0.30070979 | Q120: =PEARSON(Q$51:Q$110,$S$51:$S$110) -> 0.30112883 | R120: =PEARSON(R$51:R$110,$S$51:$S$110) -> 0.55450759 | S120: =PEARSON(S$51:S$110,$S$51:$S$110) -> 1
A122: Covariance Matrix (from Tools|Data Analysis|Covariance) | K122: Plotting Data
D123: CMB | E123: COL | F123: F | G123: HWP | H123: INTC | I123: KO | K123: Ticker | L123: Risk | M123: CML | N123: Mean | O123: Ticker | P123: Beta | Q123: SML | R123: Mean
A124: CMB | D124: =VAR('Data & RP'!$D$51:$D$110) -> 0.0056102003 | K124: Rf | L124: 0 | M124: =[1]!CMLRet($K$114,$S$114,$S$115,L124) -> 0.0033577167 | O124: Rf | P124: 0 | Q124: =[1]!SMLRet($K$114,$S$114,P124) -> 0
A125: COL | D125: 0.00037150522 | E125: =VAR('Data & RP'!$E$51:$E$110) -> 0.008097943 | K125: x | L125: 0.01 | M125: =[1]!CMLRet($K$114,$S$114,$S$115,L125) -> 0.0046517852 | O125: x | P125: 0.2 | Q125: =[1]!SMLRet($K$114,$S$114,P125) -> 0
A126: F | D126: 0.0016762305 | E126: 0.00096002765 | F126: =VAR('Data & RP'!$F$51:$F$110) -> 0.0046091039 | K126: x | L126: 0.02 | M126: =[1]!CMLRet($K$114,$S$114,$S$115,L126) -> 0.0059458538 | O126: x | P126: 0.4 | Q126: =[1]!SMLRet($K$114,$S$114,P126) -> 0
A127: HWP | D127: 0.0018848683 | E127: 0.0023369348 | F127: 0.0018501562 | G127: =VAR('Data & RP'!$G$51:$G$110) -> 0.0078302278 | K127: x | L127: 0.03 | M127: =[1]!CMLRet($K$114,$S$114,$S$115,L127) -> 0.0072399223 | O127: x | P127: 0.6 | Q127: =[1]!SMLRet($K$114,$S$114,P127) -> 0
A128: INTC | D128: 0.0023346549 | E128: 0.00039033103 | F128: -0.000380497 | G128: 0.0032328212 | H128: =VAR('Data & RP'!$H$51:$H$110) -> 0.0098156264 | K128: x | L128: 0.04 | M128: =[1]!CMLRet($K$114,$S$114,$S$115,L128) -> 0.0085339909 | O128: x | P128: 0.8 | Q128: =[1]!SMLRet($K$114,$S$114,P128) -> 0
A129: KO | D129: 8.8298279e-07 | E129: 0.00014648295 | F129: -0.00019460385 | G129: 0.0007935814 | H129: 7.3199785e-05 | I129: =VAR('Data & RP'!$I$51:$I$110) -> 0.0018223855 | K129: x | L129: 0.05 | M129: =[1]!CMLRet($K$114,$S$114,$S$115,L129) -> 0.0098280594 | O129: x | P129: 1 | Q129: =[1]!SMLRet($K$114,$S$114,P129) -> 0
K130: x | L130: 0.06 | M130: =[1]!CMLRet($K$114,$S$114,$S$115,L130) -> 0.011122128 | O130: x | P130: 1.2 | Q130: =[1]!SMLRet($K$114,$S$114,P130) -> 0
A131: Covariance Matrix (from COVAR(.,.)*(60/59)) | F131: Quite Amazing! | K131: x | L131: 0.07 | M131: =[1]!CMLRet($K$114,$S$114,$S$115,L131) -> 0.012416197 | O131: x | P131: 1.4 | Q131: =[1]!SMLRet($K$114,$S$114,P131) -> 0
D132: CMB | E132: COL | F132: F | G132: HWP | H132: INTC | I132: KO | K132: x | L132: 0.08 | M132: =[1]!CMLRet($K$114,$S$114,$S$115,L132) -> 0.013710265 | O132: x | P132: 1.6 | Q132: =[1]!SMLRet($K$114,$S$114,P132) -> 0
A133: CMB | D133: =COVAR($D$51:$D$110,D$51:D$110)*(60/59) -> 0.0056102003 | E133: =COVAR($D$51:$D$110,E$51:E$110)*(60/59) -> 0.00037150522 | F133: =COVAR($D$51:$D$110,F$51:F$110)*(60/59) -> 0.0016762305 | G133: =COVAR($D$51:$D$110,G$51:G$110)*(60/59) -> 0.0018848683 | H133: =COVAR($D$51:$D$110,H$51:H$110)*(60/59) -> 0.0023346549 | I133: =COVAR($D$51:$D$110,I$51:I$110)*(60/59) -> 8.8298279e-07 | K133: x | L133: 0.09 | M133: =[1]!CMLRet($K$114,$S$114,$S$115,L133) -> 0.015004334 | O133: x | P133: 1.8 | Q133: =[1]!SMLRet($K$114,$S$114,P133) -> 0
A134: COL | E134: =COVAR($E$51:$E$110,E$51:E$110)*(60/59) -> 0.008097943 | F134: =COVAR($E$51:$E$110,F$51:F$110)*(60/59) -> 0.00096002765 | G134: =COVAR($E$51:$E$110,G$51:G$110)*(60/59) -> 0.0023369348 | H134: =COVAR($E$51:$E$110,H$51:H$110)*(60/59) -> 0.00039033103 | I134: =COVAR($E$51:$E$110,I$51:I$110)*(60/59) -> 0.00014648295 | K134: x | L134: 0.1 | M134: =[1]!CMLRet($K$114,$S$114,$S$115,L134) -> 0.016298402 | O134: x | P134: 2 | Q134: =[1]!SMLRet($K$114,$S$114,P134) -> 0
A135: F | F135: =COVAR($F$51:$F$110,F$51:F$110)*(60/59) -> 0.0046091039 | G135: =COVAR($F$51:$F$110,G$51:G$110)*(60/59) -> 0.0018501562 | H135: =COVAR($F$51:$F$110,H$51:H$110)*(60/59) -> -0.000380497 | I135: =COVAR($F$51:$F$110,I$51:I$110)*(60/59) -> -0.00019460385 | K135: x | L135: =STDEV($K51:$K110) -> 0.00080925333 | M135: =[1]!CMLRet($K$114,$S$114,$S$115,L135) -> 0.0034624396 | O135: x | P135: 2.2 | Q135: =[1]!SMLRet($K$114,$S$114,P135) -> 0
A136: HWP | G136: =COVAR($G$51:$G$110,G$51:G$110)*(60/59) -> 0.0078302278 | H136: =COVAR($G$51:$G$110,H$51:H$110)*(60/59) -> 0.0032328212 | I136: =COVAR($G$51:$G$110,I$51:I$110)*(60/59) -> 0.0007935814 | K136: RP CMB | L136: =STDEV($L51:$L110) -> 0.074807768 | M136: =[1]!CMLRet($K$114,$S$114,$S$115,L136) -> 0.013038355 | N136: =AVERAGE($L51:$L110) -> 0.02967615 | O136: x | P136: 2.4 | Q136: =[1]!SMLRet($K$114,$S$114,P136) -> 0
A137: INTC | H137: =COVAR($H$51:$H$110,H$51:H$110)*(60/59) -> 0.0098156264 | I137: =COVAR($H$51:$H$110,I$51:I$110)*(60/59) -> 7.3199785e-05 | K137: RP COL | L137: =STDEV($M51:$M110) -> 0.090085725 | M137: =[1]!CMLRet($K$114,$S$114,$S$115,L137) -> 0.015015427 | N137: =AVERAGE($M51:$M110) -> 0.022054633 | O137: x | P137: 2.6 | Q137: =[1]!SMLRet($K$114,$S$114,P137) -> 0
A138: KO | I138: =COVAR($I$51:$I$110,I$51:I$110)*(60/59) -> 0.0018223855 | K138: RP F | L138: =STDEV($N51:$N110) -> 0.067991419 | M138: =[1]!CMLRet($K$114,$S$114,$S$115,L138) -> 0.012156272 | N138: =AVERAGE($N51:$N110) -> 0.014833983 | O138: x | P138: 2.8 | Q138: =[1]!SMLRet($K$114,$S$114,P138) -> 0
K139: RP HWP | L139: =STDEV($O51:$O110) -> 0.088397431 | M139: =[1]!CMLRet($K$114,$S$114,$S$115,L139) -> 0.01479695 | N139: =AVERAGE($O51:$O110) -> 0.02221985 | O139: x | P139: 3 | Q139: =[1]!SMLRet($K$114,$S$114,P139) -> 0
A140: Full Covariance Matrix | K140: RP INTC | L140: =STDEV($P51:$P110) -> 0.098988719 | M140: =[1]!CMLRet($K$114,$S$114,$S$115,L140) -> 0.016167536 | N140: =AVERAGE($P51:$P110) -> 0.041695567 | O140: RP CMB | P140: =SLOPE($L51:$L110,$S$51:$S$110) -> 1.1403186 | Q140: =[1]!SMLRet($K$114,$S$114,P140) -> 0 | R140: =AVERAGE($L51:$L110) -> 0.02967615
D141: CMB | E141: COL | F141: F | G141: HWP | H141: INTC | I141: KO | K141: RP KO | L141: =STDEV($Q51:$Q110) -> 0.04246629 | M141: =[1]!CMLRet($K$114,$S$114,$S$115,L141) -> 0.0088531457 | N141: =AVERAGE($Q51:$Q110) -> 0.014631367 | O141: RP COL | P141: =SLOPE($M51:$M110,$S$51:$S$110) -> 0.73752701 | Q141: =[1]!SMLRet($K$114,$S$114,P141) -> 0 | R141: =AVERAGE($M51:$M110) -> 0.022054633
A142: CMB | D142: 0.0056102003 | E142: 0.00037150522 | F142: 0.0016762305 | G142: 0.0018848683 | H142: 0.0023346549 | I142: 8.8298279e-07 | K142: RP Port | L142: =STDEV($R51:$R110) -> 0.043630426 | M142: =[1]!CMLRet($K$114,$S$114,$S$115,L142) -> 0.0090037928 | N142: =AVERAGE($R51:$R110) -> 0.024185258 | O142: RP F | P142: =SLOPE($N51:$N110,$S$51:$S$110) -> 0.52710379 | Q142: =[1]!SMLRet($K$114,$S$114,P142) -> 0 | R142: =AVERAGE($N51:$N110) -> 0.014833983
A143: COL | D143: 0.00037150522 | E143: 0.008097943 | F143: 0.00096002765 | G143: 0.0023369348 | H143: 0.00039033103 | I143: 0.00014648295 | K143: RP S&P | L143: =STDEV($S51:$S110) -> 0.024802138 | M143: =[1]!CMLRet($K$114,$S$114,$S$115,L143) -> 0.0065672833 | N143: =AVERAGE($S51:$S110) -> 0.0065672833 | O143: RP HWP | P143: =SLOPE($O51:$O110,$S$51:$S$110) -> 1.7320211 | Q143: =[1]!SMLRet($K$114,$S$114,P143) -> 0 | R143: =AVERAGE($O51:$O110) -> 0.02221985
A144: F | D144: 0.0016762305 | E144: 0.00096002765 | F144: 0.0046091039 | G144: 0.0018501562 | H144: -0.000380497 | I144: -0.00019460385 | O144: RP INTC | P144: =SLOPE($P51:$P110,$S$51:$S$110) -> 1.2001739 | Q144: =[1]!SMLRet($K$114,$S$114,P144) -> 0 | R144: =AVERAGE($P51:$P110) -> 0.041695567
A145: HWP | D145: 0.0018848683 | E145: 0.0023369348 | F145: 0.0018501562 | G145: 0.0078302278 | H145: 0.0032328212 | I145: 0.0007935814 | O145: RP KO | P145: =SLOPE($Q51:$Q110,$S$51:$S$110) -> 0.51559362 | Q145: =[1]!SMLRet($K$114,$S$114,P145) -> 0 | R145: =AVERAGE($Q51:$Q110) -> 0.014631367
A146: INTC | D146: 0.0023346549 | E146: 0.00039033103 | F146: -0.000380497 | G146: 0.0032328212 | H146: 0.0098156264 | I146: 7.3199785e-05 | O146: RP Port | P146: =SLOPE($R51:$R110,$S$51:$S$110) -> 0.97545632 | Q146: =[1]!SMLRet($K$114,$S$114,P146) -> 0 | R146: =AVERAGE($R51:$R110) -> 0.024185258
A147: KO | D147: 8.8298279e-07 | E147: 0.00014648295 | F147: -0.00019460385 | G147: 0.0007935814 | H147: 7.3199785e-05 | I147: 0.0018223855 | O147: RP S&P | P147: 1 | Q147: =[1]!SMLRet($K$114,$S$114,P147) -> 0 | R147: =[1]!SMLRet($K$114,$S$114,P147) -> 0
A149: Full Covariance Matrix (without Variances)
D150: CMB | E150: COL | F150: F | G150: HWP | H150: INTC | I150: KO
A151: CMB | E151: =E142 -> 0.00037150522 | F151: =F142 -> 0.0016762305 | G151: =G142 -> 0.0018848683 | H151: =H142 -> 0.0023346549 | I151: =I142 -> 8.8298279e-07
A152: COL | D152: =D143 -> 0.00037150522 | F152: =F143 -> 0.00096002765 | G152: =G143 -> 0.0023369348 | H152: =H143 -> 0.00039033103 | I152: =I143 -> 0.00014648295
A153: F | D153: =D144 -> 0.0016762305 | E153: =E144 -> 0.00096002765 | G153: =G144 -> 0.0018501562 | H153: =H144 -> -0.000380497 | I153: =I144 -> -0.00019460385
A154: HWP | D154: =D145 -> 0.0018848683 | E154: =E145 -> 0.0023369348 | F154: =F145 -> 0.0018501562 | H154: =H145 -> 0.0032328212 | I154: =I145 -> 0.0007935814
A155: INTC | D155: =D146 -> 0.0023346549 | E155: =E146 -> 0.00039033103 | F155: =F146 -> -0.000380497 | G155: =G146 -> 0.0032328212 | I155: =I146 -> 7.3199785e-05
A156: KO | D156: =D147 -> 8.8298279e-07 | E156: =E147 -> 0.00014648295 | F156: =F147 -> -0.00019460385 | G156: =G147 -> 0.0007935814 | H156: =H147 -> 7.3199785e-05
A158: Averages
C159: Grand Avg | D159: CMB | E159: COL | F159: F | G159: HWP | H159: INTC | I159: KO
A160: Cov(Rj, Rk) | C160: =AVERAGE($D$160:$I$160) -> 0.0010317717 | D160: =AVERAGE(D$151:D$156) -> 0.0012536284 | E160: =AVERAGE(E$151:E$156) -> 0.00084105633 | F160: =AVERAGE(F$151:F$156) -> 0.00078226269 | G160: =AVERAGE(G$151:G$156) -> 0.0020196724 | H160: =AVERAGE(H$151:H$156) -> 0.001130102 | I160: =AVERAGE(I$151:I$156) -> 0.00016390865
C161: =AVERAGE($D$151:$I$156)
A162: Var (Rj) | C162: =AVERAGE($D$162:$I$162) -> 0.0062975811 | D162: =D142 -> 0.0056102003 | E162: =E143 -> 0.008097943 | F162: =F144 -> 0.0046091039 | G162: =G145 -> 0.0078302278 | H162: =H146 -> 0.0098156264 | I162: =I147 -> 0.0018223855
C163: =AVERAGE($D$162:$I$162)
A165: N
A166: Var (Rp)
A167: StdDev (Rp)
