Workbook

Sheet Instructions
B18: Name:
B19: Phone:
B20: Email:
B21: Student ID:
B22: Area of Concentration:

Sheet course list
B1: Core | C1: Concentration | D1: Elective | E1: Units | F1: Project | G1: Subject | H1: Catalog Nbr | I1: Course Description | J1: Core | K1: Concen | L1: Elective | M1: Errors | N1: Units | O1: Project | P1: Subject | Q1: Catalog Nbr | R1: Course Description | S1: Core | T1: Concen | U1: Elective | X1: Units | Y1: Project | Z1: Subject | AA1: Catalog Nbr | AB1: Course Description | AC1: Core | AD1: Concen | AE1: Elective | AH1: Units | AI1: Project | AJ1: Subject | AK1: Catalog Nbr | AL1: Course Description | AM1: Core | AN1: Concen | AO1: Elective | AR1: Units | AS1: Project | AT1: Subject | AU1: Catalog Nbr | AV1: Course Description | AW1: Core | AX1: Concen | AY1: Elective | BB1: Units | BC1: Project | BD1: Subject | BE1: Catalog Nbr | BF1: Course Description | BG1: Core | BH1: Concen | BI1: Elective | BK1: Units | BL1: Project | BM1: Subject | BN1: Catalog Nbr | BO1: Course Description | BP1: Core | BQ1: Concen | BR1: Elective
G2: ENGR | H2: 140A | I2: MANAGEMENT OF TECHNOLOGY VENTURES | J2: FALSE | K2: FALSE | L2: FALSE | M2: =IF(OR(AND(J2,K2),AND(J2,L2),AND(K2,L2)),"Choose for one only","") | N2: Units | O2: Project | P2: Subject | Q2: Catalog Nbr | R2: Course Description | S2: Core | T2: Concen | U2: Elective | X2: Units | Y2: Project | Z2: Subject | AA2: Catalog Nbr | AB2: Course Description | AC2: Core | AD2: Concen | AE2: Elective | AH2: Units | AI2: Project | AJ2: Subject | AK2: Catalog Nbr | AL2: Course Description | AM2: Core | AN2: Concen | AO2: Elective | AS2: ="IP" -> IP | AY2: =TRUE -> TRUE | BB2: >2 | BD2: ="MS"&"&"&"E" -> MS&E | BI2: TRUE
G3: ENGR | H3: 140B | I3: MANAGEMENT OF TECHNOLOGY VENTURES | J3: FALSE | K3: FALSE | L3: FALSE | M3: =IF(OR(AND(J3,K3),AND(J3,L3),AND(K3,L3)),"Choose for one only","") | AS3: P | AW3: =TRUE -> TRUE
G4: ENGR | H4: 140C | I4: MANAGEMENT OF TECHNOLOGY VENTURES | J4: FALSE | K4: FALSE | L4: FALSE | M4: =IF(OR(AND(J4,K4),AND(J4,L4),AND(K4,L4)),"Choose for one only","") | AS4: P | AX4: =TRUE -> TRUE | BB4: Units | BC4: Project | BD4: Subject | BE4: Catalog Nbr | BF4: Course Description | BG4: Core | BH4: Concen | BI4: Elective
G5: ENGR | H5: 145 | I5: INTRO TO HIGH TECH ENTREPRENEURSHIP | J5: FALSE | K5: FALSE | L5: FALSE | M5: =IF(OR(AND(J5,K5),AND(J5,L5),AND(K5,L5)),"Choose for one only","") | AS5: P | AY5: =TRUE -> TRUE | BD5: MS&E | BE5: 230 | BF5: INTRODUCTION TO COMPUTER NETWORKS | BG5: FALSE | BH5: FALSE | BI5: FALSE
G6: MS&E | H6: 101 | I6: UNDERGRADUATE DIRECTED STUDY | J6: FALSE | K6: FALSE | L6: FALSE | M6: =IF(OR(AND(J6,K6),AND(J6,L6),AND(K6,L6)),"Choose for one only","") | BD6: MS&E | BE6: 243 | BF6: ENERGY POLICY ANALYSIS | BG6: FALSE | BH6: FALSE | BI6: FALSE
G7: MS&E | H7: 107 | I7: INTERACTIVE MANAGEMENT SCIENCE | J7: FALSE | K7: FALSE | L7: FALSE | M7: =IF(OR(AND(J7,K7),AND(J7,L7),AND(K7,L7)),"Choose for one only","") | AR7: Units | AS7: Project | AT7: Subject | AU7: Catalog Nbr | AV7: Course Description | AW7: Core | AX7: Concen | AY7: Elective | BD7: MS&E | BE7: 265 | BF7: REENGINEERING THE MANUFACTURING FUNCTION | BG7: FALSE | BH7: FALSE | BI7: FALSE
G8: MS&E | H8: 108 | I8: SENIOR PROJECT | J8: FALSE | K8: FALSE | L8: FALSE | M8: =IF(OR(AND(J8,K8),AND(J8,L8),AND(K8,L8)),"Choose for one only","") | BC8: IP | BD8: MS&E | BE8: 270 | BF8: STRATEGY IN TECHNOLOGY-BASED COMPANIES | BG8: FALSE | BH8: FALSE | BI8: FALSE
G9: MS&E | H9: 112 | I9: NETWORK AND INTEGER OPTIMIZATION | J9: FALSE | K9: FALSE | L9: FALSE | M9: =IF(OR(AND(J9,K9),AND(J9,L9),AND(K9,L9)),"Choose for one only","")
G10: MS&E | H10: 120 | I10: PROBABILISTIC ANALYSIS | J10: FALSE | K10: FALSE | L10: FALSE | M10: =IF(OR(AND(J10,K10),AND(J10,L10),AND(K10,L10)),"Choose for one only","") | BC10: IP | BD10: MS&E | BE10: 279 | BF10: INNOVATION STRATEGY | BG10: FALSE | BH10: FALSE | BI10: FALSE
G11: MS&E | H11: 121 | I11: INTRO TO STOCHASTIC MODELING | J11: FALSE | K11: FALSE | L11: FALSE | M11: =IF(OR(AND(J11,K11),AND(J11,L11),AND(K11,L11)),"Choose for one only","") | BD11: MS&E | BE11: 284 | BF11: TECHNOLOGY & WORK | BG11: FALSE | BH11: FALSE | BI11: FALSE
G12: MS&E | H12: 130 | I12: INFORMATION SYSTEMS | J12: FALSE | K12: FALSE | L12: FALSE | M12: =IF(OR(AND(J12,K12),AND(J12,L12),AND(K12,L12)),"Choose for one only","") | BD12: MS&E | BE12: 296 | BF12: TRANSPORTATION SYSTEMS AND URBAN DEVELOPMENT | BG12: FALSE | BH12: FALSE | BI12: FALSE
G13: MS&E | H13: 131 | I13: INFORMATION SCIENCE | J13: FALSE | K13: FALSE | L13: FALSE | M13: =IF(OR(AND(J13,K13),AND(J13,L13),AND(K13,L13)),"Choose for one only","") | BD13: MS&E | BE13: 298 | BF13: TECH, POLICY, AND MGMT IN NEWLY-INDUSTRIALIZING COUNTRIES | BG13: FALSE | BH13: FALSE | BI13: FALSE
G14: MS&E | H14: 134 | I14: ORGANIZATIONS AND INFO SYSTEMS | J14: FALSE | K14: FALSE | L14: FALSE | M14: =IF(OR(AND(J14,K14),AND(J14,L14),AND(K14,L14)),"Choose for one only","")
G15: MS&E | H15: 140 | I15: INDUSTRIAL ACCOUNTNG | J15: FALSE | K15: FALSE | L15: FALSE | M15: =IF(OR(AND(J15,K15),AND(J15,L15),AND(K15,L15)),"Choose for one only","") | BD15: MS&E | BE15: 302 | BF15: OPTIMAL DYNAMIC SYSTEMS | BG15: FALSE | BH15: FALSE | BI15: FALSE
G16: MS&E | H16: 142 | I16: INVESTMENT SCIENCE | J16: FALSE | K16: FALSE | L16: FALSE | M16: =IF(OR(AND(J16,K16),AND(J16,L16),AND(K16,L16)),"Choose for one only","")
G17: MS&E | H17: 152 | I17: INTRO TO DECISION ANALYSIS | J17: FALSE | K17: FALSE | L17: FALSE | M17: =IF(OR(AND(J17,K17),AND(J17,L17),AND(K17,L17)),"Choose for one only","") | BD17: MS&E | BE17: 312 | BF17: OPTIMIZATIONS ALGORITHIMS | BG17: FALSE | BH17: FALSE | BI17: FALSE
G18: MS&E | H18: 153 | I18: INTRO TO DECISION MAKING IN ORGS | J18: FALSE | K18: FALSE | L18: FALSE | M18: =IF(OR(AND(J18,K18),AND(J18,L18),AND(K18,L18)),"Choose for one only","")
G19: MS&E | H19: 160 | I19: PRODUCTION & OPERATING SYSTEMS | J19: FALSE | K19: FALSE | L19: FALSE | M19: =IF(OR(AND(J19,K19),AND(J19,L19),AND(K19,L19)),"Choose for one only","") | BD19: MS&E | BE19: 314 | BF19: SEMIDEFINITE PROGRAMMING | BG19: FALSE | BH19: FALSE | BI19: FALSE
G20: MS&E | H20: 164 | I20: MANUFACTURING SYSTEMS DESIGN | J20: FALSE | K20: FALSE | L20: FALSE | M20: =IF(OR(AND(J20,K20),AND(J20,L20),AND(K20,L20)),"Choose for one only","") | BD20: MS&E | BE20: 316 | BF20: LINEAR COMPLEMENTARITY | BG20: FALSE | BH20: FALSE | BI20: FALSE
G21: MS&E | H21: 169 | I21: QUALITY ASSURANCE AND CONTROL | J21: FALSE | K21: FALSE | L21: FALSE | M21: =IF(OR(AND(J21,K21),AND(J21,L21),AND(K21,L21)),"Choose for one only","") | BD21: MS&E | BE21: 318 | BF21: LARGE-SCALE NUMERICAL OPTIMIZATION | BG21: FALSE | BH21: FALSE | BI21: FALSE
G22: MS&E | H22: 180 | I22: ORGANIZATIONS: THEORY & MGMT | J22: FALSE | K22: FALSE | L22: FALSE | M22: =IF(OR(AND(J22,K22),AND(J22,L22),AND(K22,L22)),"Choose for one only","") | BD22: MS&E | BE22: 322 | BF22: STOCHASTIC CALCULUS AND CONTROL | BG22: FALSE | BH22: FALSE | BI22: FALSE
G23: MS&E | H23: 181 | I23: ISSUES IN TECHNOLOGY & WORK | J23: FALSE | K23: FALSE | L23: FALSE | M23: =IF(OR(AND(J23,K23),AND(J23,L23),AND(K23,L23)),"Choose for one only","") | BD23: MS&E | BE23: 323 | BF23: STOCHASTIC SIMULATION | BG23: FALSE | BH23: FALSE | BI23: FALSE
G24: MS&E | H24: 182 | I24: WORK, TECHNOLOGY, AND SOCIETY | J24: FALSE | K24: FALSE | L24: FALSE | M24: =IF(OR(AND(J24,K24),AND(J24,L24),AND(K24,L24)),"Choose for one only","") | BC24: IP | BD24: MS&E | BE24: 339 | BF24: NEURO-DYNAMIC PROGRAMMING AND REINFORCEMENT LEARNING | BG24: FALSE | BH24: FALSE | BI24: FALSE
G25: MS&E | H25: 193 | I25: TECHNOLOGY AND NAT'L SECURITY | J25: FALSE | K25: FALSE | L25: FALSE | M25: =IF(OR(AND(J25,K25),AND(J25,L25),AND(K25,L25)),"Choose for one only","") | BD25: MS&E | BE25: 346 | BF25: ECONOMIC ANALYSIS OF MARKET ORGANIZATIONS | BG25: FALSE | BH25: FALSE | BI25: FALSE
G26: MS&E | H26: 196 | I26: TRANSPORTATION SYS AND URBAN DEV | J26: FALSE | K26: FALSE | L26: FALSE | M26: =IF(OR(AND(J26,K26),AND(J26,L26),AND(K26,L26)),"Choose for one only","") | BA26: =SUM(BA28:BA143) -> 0 | BD26: MS&E | BE26: 363 | BF26: ADVANCED MODELS IN MGMT SCIENCE | BG26: FALSE | BH26: FALSE | BI26: FALSE
G27: MS&E | H27: 197 | I27: ETHICS AND PUBLIC POLICY | J27: FALSE | K27: FALSE | L27: FALSE | M27: =IF(OR(AND(J27,K27),AND(J27,L27),AND(K27,L27)),"Choose for one only","") | BA27: Calc for MSandE Grad Units | BD27: MS&E | BE27: 371 | BF27: INNOVATION AND STRATEGIC CHANGE | BG27: FALSE | BH27: FALSE | BI27: FALSE
F28: IP | G28: MS&E | H28: 201 | I28: DYNAMIC SYSTEMS | J28: FALSE | K28: FALSE | L28: FALSE | M28: =IF(OR(AND(J28,K28),AND(J28,L28),AND(K28,L28)),"Choose for one only","") | BA28: =IF(E28>2,E28,0) -> 0 | BD28: MS&E | BE28: 376 | BF28: STRATEGY AND ORGS DOCTORAL RESEARCH SEMINAR | BG28: FALSE | BH28: FALSE | BI28: FALSE
G29: MS&E | H29: 206 | I29: ART OF MATHEMATICAL MODELING | J29: FALSE | K29: FALSE | L29: FALSE | M29: =IF(OR(AND(J29,K29),AND(J29,L29),AND(K29,L29)),"Choose for one only","") | BA29: =IF(E29>2,E29,0) -> 0 | BD29: MS&E | BE29: 380 | BF29: DOCTORAL RESEARCH SEMINAR IN ORGANIZATIONS | BG29: FALSE | BH29: FALSE | BI29: FALSE
F30: IP | G30: MS&E | H30: 207 | I30: INTERACTIVE MANAGEMENT SCIENCE | J30: FALSE | K30: FALSE | L30: FALSE | M30: =IF(OR(AND(J30,K30),AND(J30,L30),AND(K30,L30)),"Choose for one only","") | BA30: =IF(E30>2,E30,0) -> 0 | BD30: MS&E | BE30: 381 | BF30: DOCTORAL RESEARCH SEMINAR IN WORK, TECH, AND ORGS | BG30: FALSE | BH30: FALSE | BI30: FALSE
G31: MS&E | H31: 208 | I31: PRACTICAL TRAINING | J31: FALSE | K31: FALSE | L31: FALSE | M31: =IF(OR(AND(J31,K31),AND(J31,L31),AND(K31,L31)),"Choose for one only","") | BA31: =IF(E31>2,E31,0) -> 0 | BD31: MS&E | BE31: 385 | BF31: GEOGRAPHICALLY DISTRIBUTED WORK | BG31: FALSE | BH31: FALSE | BI31: FALSE
G32: MS&E | H32: 211 | I32: LINEAR &NONLINEAR OPTIMIZATION | J32: FALSE | K32: FALSE | L32: FALSE | M32: =IF(OR(AND(J32,K32),AND(J32,L32),AND(K32,L32)),"Choose for one only","") | BA32: =IF(E32>2,E32,0) -> 0 | BC32: P | BD32: MS&E | BE32: 430 | BF32: CONTEXTUAL AND ORGANIZATIONAL ISSUES IN HUMAN-COMPUTER INTERACTION | BG32: FALSE | BH32: FALSE | BI32: FALSE
F33: IP | G33: MS&E | H33: 212 | I33: NETWORK & INTEGER OPTIMIZATION | J33: FALSE | K33: FALSE | L33: FALSE | M33: =IF(OR(AND(J33,K33),AND(J33,L33),AND(K33,L33)),"Choose for one only","") | BA33: =IF(E33>2,E33,0) -> 0 | BD33: MS&E | BE33: 451 | BF33: DECISION SYSTEMS I: PROFESSIONAL SECRETS AND TRICKS OF THE TRADE | BG33: FALSE | BH33: FALSE | BI33: FALSE
G34: MS&E | H34: 217 | I34: COMBINATORIAL OPTIMIZATION | J34: FALSE | K34: FALSE | L34: FALSE | M34: =IF(OR(AND(J34,K34),AND(J34,L34),AND(K34,L34)),"Choose for one only","")
G35: MS&E | H35: 220 | I35: PROBABILISTIC ANALYSIS | J35: FALSE | K35: FALSE | L35: FALSE | M35: =IF(OR(AND(J35,K35),AND(J35,L35),AND(K35,L35)),"Choose for one only","") | BA35: =IF(E35>2,E35,0) -> 0 | BD35: MS&E | BE35: 456 | BF35: DECISION MAKING IN ORGANIZATIONS II: HOW TO STRUCTURE, MODEL, AND ANALYZE | BG35: FALSE | BH35: FALSE | BI35: FALSE
G36: MS&E | H36: 221 | I36: STOCHASTIC MODELING | J36: FALSE | K36: FALSE | L36: FALSE | M36: =IF(OR(AND(J36,K36),AND(J36,L36),AND(K36,L36)),"Choose for one only","") | BA36: =IF(E36>2,E36,0) -> 0 | BD36: MS&E | BE36: 459 | BF36: INTERDISCIPLINARY SEMINAR ON CONFLICT AND DISPUTE | BG36: FALSE | BH36: FALSE | BI36: FALSE
G37: MS&E | H37: 223 | I37: SIMULATION | J37: FALSE | K37: FALSE | L37: FALSE | M37: =IF(OR(AND(J37,K37),AND(J37,L37),AND(K37,L37)),"Choose for one only","") | BA37: =IF(E37>2,E37,0) -> 0 | BD37: MS&E | BE37: 478 | BF37: TOPICS IN INTERNATIONAL TECHNOLOGY MANAGEMENT | BG37: FALSE | BH37: FALSE | BI37: FALSE
G38: MS&E | H38: 230 | I38: INTRODUCTION TO COMPUTER NETWORKS | J38: FALSE | K38: FALSE | L38: FALSE | M38: =IF(OR(AND(J38,K38),AND(J38,L38),AND(K38,L38)),"Choose for one only","") | BA38: =IF(E38>2,E38,0) -> 0 | BD38: MS&E | BE38: 498 | BF38: MEDICAL MODELING WORKSHOP | BG38: FALSE | BH38: FALSE | BI38: FALSE
G39: MS&E | H39: 231 | I39: INFORMATION SYSTEMS | J39: FALSE | K39: FALSE | L39: FALSE | M39: =IF(OR(AND(J39,K39),AND(J39,L39),AND(K39,L39)),"Choose for one only","")
F40: IP | G40: MS&E | H40: 232 | I40: INFO TECH & SUPPLY CHAIN MGMT | J40: FALSE | K40: FALSE | L40: FALSE | M40: =IF(OR(AND(J40,K40),AND(J40,L40),AND(K40,L40)),"Choose for one only","") | BA40: =IF(E40>2,E40,0) -> 0
F41: IP | G41: MS&E | H41: 234 | I41: ORGANIZATIONS AND INFO SYSTEMS | J41: FALSE | K41: FALSE | L41: FALSE | M41: =IF(OR(AND(J41,K41),AND(J41,L41),AND(K41,L41)),"Choose for one only","") | BA41: =IF(E41>2,E41,0) -> 0
G42: MS&E | H42: 236 | I42: PRICING TELECOMM PROD & SERV | J42: FALSE | K42: FALSE | L42: FALSE | M42: =IF(OR(AND(J42,K42),AND(J42,L42),AND(K42,L42)),"Choose for one only","") | BA42: =IF(E42>2,E42,0) -> 0
G43: MS&E | H43: 237 | I43: WORLDWIDE TELECOMMUNICATIONS | J43: FALSE | K43: FALSE | L43: FALSE | M43: =IF(OR(AND(J43,K43),AND(J43,L43),AND(K43,L43)),"Choose for one only","") | BA43: =IF(E43>2,E43,0) -> 0
G44: MS&E | H44: 240 | I44: INDUSTRIAL ACCOUNTNG | J44: FALSE | K44: FALSE | L44: FALSE | M44: =IF(OR(AND(J44,K44),AND(J44,L44),AND(K44,L44)),"Choose for one only","") | BA44: =IF(E44>2,E44,0) -> 0
G45: MS&E | H45: 241 | I45: ECONOMIC ANALYSIS | J45: FALSE | K45: FALSE | L45: FALSE | M45: =IF(OR(AND(J45,K45),AND(J45,L45),AND(K45,L45)),"Choose for one only","") | BA45: =IF(E45>2,E45,0) -> 0
G46: MS&E | H46: 242 | I46: INVESTMENT SCIENCE | J46: FALSE | K46: FALSE | L46: FALSE | M46: =IF(OR(AND(J46,K46),AND(J46,L46),AND(K46,L46)),"Choose for one only","") | BA46: =IF(E46>2,E46,0) -> 0
G47: MS&E | H47: 242S | I47: INVESTMENT SCIENCE | J47: FALSE | K47: FALSE | L47: FALSE | M47: =IF(OR(AND(J47,K47),AND(J47,L47),AND(K47,L47)),"Choose for one only","") | BA47: =IF(E47>2,E47,0) -> 0
F48: IP | G48: MS&E | H48: 243 | I48: ENERGY POLICY ANALYSIS | J48: FALSE | K48: FALSE | L48: FALSE | M48: =IF(OR(AND(J48,K48),AND(J48,L48),AND(K48,L48)),"Choose for one only","") | BA48: =IF(E48>2,E48,0) -> 0
G49: MS&E | H49: 245G | I49: INTRODUCTION TO FINANCE | J49: FALSE | K49: FALSE | L49: FALSE | M49: =IF(OR(AND(J49,K49),AND(J49,L49),AND(K49,L49)),"Choose for one only","") | BA49: =IF(E49>2,E49,0) -> 0
G50: MS&E | H50: 247G | I50: INTERNATIONAL FINANCE | J50: FALSE | K50: FALSE | L50: FALSE | M50: =IF(OR(AND(J50,K50),AND(J50,L50),AND(K50,L50)),"Choose for one only","") | BA50: =IF(E50>2,E50,0) -> 0
G51: MS&E | H51: 247S | I51: INTERNATIONAL INVESTMENTS | J51: FALSE | K51: FALSE | L51: FALSE | M51: =IF(OR(AND(J51,K51),AND(J51,L51),AND(K51,L51)),"Choose for one only","") | BA51: =IF(E51>2,E51,0) -> 0
F52: IP | G52: MS&E | H52: 248 | I52: ECONOMICS OF NATURAL RESOURCES | J52: FALSE | K52: FALSE | L52: FALSE | M52: =IF(OR(AND(J52,K52),AND(J52,L52),AND(K52,L52)),"Choose for one only","") | BA52: =IF(E52>2,E52,0) -> 0
G53: MS&E | H53: 249 | I53: GROWTH AND DEVELOPMENT | J53: FALSE | K53: FALSE | L53: FALSE | M53: =IF(OR(AND(J53,K53),AND(J53,L53),AND(K53,L53)),"Choose for one only","") | BA53: =IF(E53>2,E53,0) -> 0
G54: MS&E | H54: 250A | I54: ENGINEERING RISK ANALYSIS | J54: FALSE | K54: FALSE | L54: FALSE | M54: =IF(OR(AND(J54,K54),AND(J54,L54),AND(K54,L54)),"Choose for one only","") | BA54: =IF(E54>2,E54,0) -> 0
F55: P | G55: MS&E | H55: 250B | I55: ENGR RISK ANALYSIS PROJECT | J55: FALSE | K55: FALSE | L55: FALSE | M55: =IF(OR(AND(J55,K55),AND(J55,L55),AND(K55,L55)),"Choose for one only","") | BA55: =IF(E55>2,E55,0) -> 0
G56: MS&E | H56: 251 | I56: STOCHASTIC DECISION MODELS | J56: FALSE | K56: FALSE | L56: FALSE | M56: =IF(OR(AND(J56,K56),AND(J56,L56),AND(K56,L56)),"Choose for one only","") | BA56: =IF(E56>2,E56,0) -> 0
G57: MS&E | H57: 252 | I57: DECISION ANALYSIS I | J57: FALSE | K57: FALSE | L57: FALSE | M57: =IF(OR(AND(J57,K57),AND(J57,L57),AND(K57,L57)),"Choose for one only","") | BA57: =IF(E57>2,E57,0) -> 0
G58: MS&E | H58: 254 | I58: THE ETHICAL ANALYST | J58: FALSE | K58: FALSE | L58: FALSE | M58: =IF(OR(AND(J58,K58),AND(J58,L58),AND(K58,L58)),"Choose for one only","") | BA58: =IF(E58>2,E58,0) -> 0
G59: MS&E | H59: 260 | I59: PRODUCTION & OPERATING SYSTEMS | J59: FALSE | K59: FALSE | L59: FALSE | M59: =IF(OR(AND(J59,K59),AND(J59,L59),AND(K59,L59)),"Choose for one only","") | BA59: =IF(E59>2,E59,0) -> 0
G60: MS&E | H60: 261 | I60: INVENTORY CONTROL | J60: FALSE | K60: FALSE | L60: FALSE | M60: =IF(OR(AND(J60,K60),AND(J60,L60),AND(K60,L60)),"Choose for one only","") | BA60: =IF(E60>2,E60,0) -> 0
F61: IP | G61: MS&E | H61: 262 | I61: SUPPLY CHAIN MANAGEMENT | J61: FALSE | K61: FALSE | L61: FALSE | M61: =IF(OR(AND(J61,K61),AND(J61,L61),AND(K61,L61)),"Choose for one only","") | BA61: =IF(E61>2,E61,0) -> 0
F62: IP | G62: MS&E | H62: 263 | I62: INTERNET-ENABLED SUPPLY CHAINS | J62: FALSE | K62: FALSE | L62: FALSE | M62: =IF(OR(AND(J62,K62),AND(J62,L62),AND(K62,L62)),"Choose for one only","")
F63: IP | G63: MS&E | H63: 264 | I63: MANUFACTURING SYSTEMS DESIGN | J63: FALSE | K63: FALSE | L63: FALSE | M63: =IF(OR(AND(J63,K63),AND(J63,L63),AND(K63,L63)),"Choose for one only","") | BA63: =IF(E63>2,E63,0) -> 0
F64: IP | G64: MS&E | H64: 265 | I64: REENGINEERING THE MFG FUNCTION | J64: FALSE | K64: FALSE | L64: FALSE | M64: =IF(OR(AND(J64,K64),AND(J64,L64),AND(K64,L64)),"Choose for one only","") | BA64: =IF(E64>2,E64,0) -> 0
F65: IP | G65: MS&E | H65: 266 | I65: MGMT OF NEW PRODUCT DEVELOPMNT | J65: FALSE | K65: FALSE | L65: FALSE | M65: =IF(OR(AND(J65,K65),AND(J65,L65),AND(K65,L65)),"Choose for one only","") | BA65: =IF(E65>2,E65,0) -> 0
F66: IP | G66: MS&E | H66: 267 | I66: INNOVATIONS IN MANUFACTURING | J66: FALSE | K66: FALSE | L66: FALSE | M66: =IF(OR(AND(J66,K66),AND(J66,L66),AND(K66,L66)),"Choose for one only","") | BA66: =IF(E66>2,E66,0) -> 0
G67: MS&E | H67: 268 | I67: MANUFACTURING STRATEGY | J67: FALSE | K67: FALSE | L67: FALSE | M67: =IF(OR(AND(J67,K67),AND(J67,L67),AND(K67,L67)),"Choose for one only","") | BA67: =IF(E67>2,E67,0) -> 0
F68: IP | G68: MS&E | H68: 269 | I68: QUALITY ASSURANCE AND CONTROL | J68: FALSE | K68: FALSE | L68: FALSE | M68: =IF(OR(AND(J68,K68),AND(J68,L68),AND(K68,L68)),"Choose for one only","") | BA68: =IF(E68>2,E68,0) -> 0
F69: IP | G69: MS&E | H69: 270 | I69: STRATEGY IN TECH-BASED COMPANIES | J69: FALSE | K69: FALSE | L69: FALSE | M69: =IF(OR(AND(J69,K69),AND(J69,L69),AND(K69,L69)),"Choose for one only","") | BA69: =IF(E69>2,E69,0) -> 0
G70: MS&E | H70: 271 | I70: GLOBAL ENTREPRENEURIAL MKTG | J70: FALSE | K70: FALSE | L70: FALSE | M70: =IF(OR(AND(J70,K70),AND(J70,L70),AND(K70,L70)),"Choose for one only","") | BA70: =IF(E70>2,E70,0) -> 0
G71: MS&E | H71: 272 | I71: ENTREPRENEURIAL FINANCE | J71: FALSE | K71: FALSE | L71: FALSE | M71: =IF(OR(AND(J71,K71),AND(J71,L71),AND(K71,L71)),"Choose for one only","") | BA71: =IF(E71>2,E71,0) -> 0
F72: IP | G72: MS&E | H72: 273 | I72: TECHNOLOGY VENTURE FORMATION | J72: FALSE | K72: FALSE | L72: FALSE | M72: =IF(OR(AND(J72,K72),AND(J72,L72),AND(K72,L72)),"Choose for one only","") | BA72: =IF(E72>2,E72,0) -> 0
F73: IP | G73: MS&E | H73: 274 | I73: BLDG DYNAMIC ENTREPRENEUR ORGS | J73: FALSE | K73: FALSE | L73: FALSE | M73: =IF(OR(AND(J73,K73),AND(J73,L73),AND(K73,L73)),"Choose for one only","") | BA73: =IF(E73>2,E73,0) -> 0
G74: MS&E | H74: 276 | I74: MANAGING TO IPO | J74: FALSE | K74: FALSE | L74: FALSE | M74: =IF(OR(AND(J74,K74),AND(J74,L74),AND(K74,L74)),"Choose for one only","") | BA74: =IF(E74>2,E74,0) -> 0
F75: IP | G75: MS&E | H75: 277 | I75: CREATIVITY & INNOVATION IN ORGS | J75: FALSE | K75: FALSE | L75: FALSE | M75: =IF(OR(AND(J75,K75),AND(J75,L75),AND(K75,L75)),"Choose for one only","") | BA75: =IF(E75>2,E75,0) -> 0
G76: MS&E | H76: 278 | I76: STARTUP GLOBALIZATION | J76: FALSE | K76: FALSE | L76: FALSE | M76: =IF(OR(AND(J76,K76),AND(J76,L76),AND(K76,L76)),"Choose for one only","") | BA76: =IF(E76>2,E76,0) -> 0
F77: IP | G77: MS&E | H77: 279 | I77: INNOVATION STRATEGY | J77: FALSE | K77: FALSE | L77: FALSE | M77: =IF(OR(AND(J77,K77),AND(J77,L77),AND(K77,L77)),"Choose for one only","") | BA77: =IF(E77>2,E77,0) -> 0
F78: IP | G78: MS&E | H78: 280 | I78: ORGANIZATIONAL BEHAVIOR & MGMT | J78: FALSE | K78: FALSE | L78: FALSE | M78: =IF(OR(AND(J78,K78),AND(J78,L78),AND(K78,L78)),"Choose for one only","") | BA78: =IF(E78>2,E78,0) -> 0
F79: IP | G79: MS&E | H79: 281 | I79: MGMT & ORG OF RES & DEVELOPMNT | J79: FALSE | K79: FALSE | L79: FALSE | M79: =IF(OR(AND(J79,K79),AND(J79,L79),AND(K79,L79)),"Choose for one only","") | BA79: =IF(E79>2,E79,0) -> 0
G80: MS&E | H80: 284 | I80: TECHNOLOGY & WORK | J80: FALSE | K80: FALSE | L80: FALSE | M80: =IF(OR(AND(J80,K80),AND(J80,L80),AND(K80,L80)),"Choose for one only","") | BA80: =IF(E80>2,E80,0) -> 0
G81: MS&E | H81: 285 | I81: NEGOTIATION | J81: FALSE | K81: FALSE | L81: FALSE | M81: =IF(OR(AND(J81,K81),AND(J81,L81),AND(K81,L81)),"Choose for one only","")
G82: MS&E | H82: 290 | I82: PUB POLCY ANALYSIS | J82: FALSE | K82: FALSE | L82: FALSE | M82: =IF(OR(AND(J82,K82),AND(J82,L82),AND(K82,L82)),"Choose for one only","") | BA82: =IF(E82>2,E82,0) -> 0
G83: MS&E | H83: 292 | I83: HEALTH POLICY MODELING | J83: FALSE | K83: FALSE | L83: FALSE | M83: =IF(OR(AND(J83,K83),AND(J83,L83),AND(K83,L83)),"Choose for one only","") | BA83: =IF(E83>2,E83,0) -> 0
G84: MS&E | H84: 293 | I84: TECHNOLOGY IN NAT'L SECURITY | J84: FALSE | K84: FALSE | L84: FALSE | M84: =IF(OR(AND(J84,K84),AND(J84,L84),AND(K84,L84)),"Choose for one only","") | BA84: =IF(E84>2,E84,0) -> 0
G85: MS&E | H85: 296 | I85: TRANSPORTATION SYS AND URBAN DEV | J85: FALSE | K85: FALSE | L85: FALSE | M85: =IF(OR(AND(J85,K85),AND(J85,L85),AND(K85,L85)),"Choose for one only","") | BA85: =IF(E85>2,E85,0) -> 0
G86: MS&E | H86: 298 | I86: TECH, POL, & MGMT IN NEWLY-IND COUNTRIES | J86: FALSE | K86: FALSE | L86: FALSE | M86: =IF(OR(AND(J86,K86),AND(J86,L86),AND(K86,L86)),"Choose for one only","") | BA86: =IF(E86>2,E86,0) -> 0
G87: MS&E | H87: 299 | I87: VOLUNTARY SOCIAL SYSTEMS | J87: FALSE | K87: FALSE | L87: FALSE | M87: =IF(OR(AND(J87,K87),AND(J87,L87),AND(K87,L87)),"Choose for one only","") | BA87: =IF(E87>2,E87,0) -> 0
G88: MS&E | H88: 310 | I88: LINEAR PROGRAMMING | J88: FALSE | K88: FALSE | L88: FALSE | M88: =IF(OR(AND(J88,K88),AND(J88,L88),AND(K88,L88)),"Choose for one only","") | BA88: =IF(E88>2,E88,0) -> 0
G89: MS&E | H89: 311 | I89: OPTIMIZATION | J89: FALSE | K89: FALSE | L89: FALSE | M89: =IF(OR(AND(J89,K89),AND(J89,L89),AND(K89,L89)),"Choose for one only","") | BA89: =IF(E89>2,E89,0) -> 0
G90: MS&E | H90: 312 | I90: OPTIMIZATIONS ALGORITHIMS | J90: FALSE | K90: FALSE | L90: FALSE | M90: =IF(OR(AND(J90,K90),AND(J90,L90),AND(K90,L90)),"Choose for one only","") | BA90: =IF(E90>2,E90,0) -> 0
G91: MS&E | H91: 313 | I91: VECTOR SPACE OPTIMIZATION | J91: FALSE | K91: FALSE | L91: FALSE | M91: =IF(OR(AND(J91,K91),AND(J91,L91),AND(K91,L91)),"Choose for one only","") | BA91: =IF(E91>2,E91,0) -> 0
G92: MS&E | H92: 314 | I92: SEMIDEFINITE PROGRAMMING | J92: FALSE | K92: FALSE | L92: FALSE | M92: =IF(OR(AND(J92,K92),AND(J92,L92),AND(K92,L92)),"Choose for one only","") | BA92: =IF(E92>2,E92,0) -> 0
F93: IP | G93: MS&E | H93: 315 | I93: LINEARLY CONSTRAINED OPTIMIZ | J93: FALSE | K93: FALSE | L93: FALSE | M93: =IF(OR(AND(J93,K93),AND(J93,L93),AND(K93,L93)),"Choose for one only","") | BA93: =IF(E93>2,E93,0) -> 0
G94: MS&E | H94: 316 | I94: LINEAR COMPLEMENTARITY | J94: FALSE | K94: FALSE | L94: FALSE | M94: =IF(OR(AND(J94,K94),AND(J94,L94),AND(K94,L94)),"Choose for one only","") | BA94: =IF(E94>2,E94,0) -> 0
G95: MS&E | H95: 318 | I95: LARGE-SCALE NUMERICAL OPTIMIZATION | J95: FALSE | K95: FALSE | L95: FALSE | M95: =IF(OR(AND(J95,K95),AND(J95,L95),AND(K95,L95)),"Choose for one only","") | BA95: =IF(E95>2,E95,0) -> 0
G96: MS&E | H96: 319 | I96: INTEGER PROGR/COMBIN OPTIMIZ | J96: FALSE | K96: FALSE | L96: FALSE | M96: =IF(OR(AND(J96,K96),AND(J96,L96),AND(K96,L96)),"Choose for one only","") | BA96: =IF(E96>2,E96,0) -> 0
G97: MS&E | H97: 321 | I97: STOCHASTIC SYSTEMS | J97: FALSE | K97: FALSE | L97: FALSE | M97: =IF(OR(AND(J97,K97),AND(J97,L97),AND(K97,L97)),"Choose for one only","") | BA97: =IF(E97>2,E97,0) -> 0
G98: MS&E | H98: 322 | I98: STOCHASTIC CALCULUS AND CONTROL | J98: FALSE | K98: FALSE | L98: FALSE | M98: =IF(OR(AND(J98,K98),AND(J98,L98),AND(K98,L98)),"Choose for one only","") | BA98: =IF(E98>2,E98,0) -> 0
G99: MS&E | H99: 323 | I99: STOCHASTIC SIMULATION | J99: FALSE | K99: FALSE | L99: FALSE | M99: =IF(OR(AND(J99,K99),AND(J99,L99),AND(K99,L99)),"Choose for one only","") | BA99: =IF(E99>2,E99,0) -> 0
G100: MS&E | H100: 334 | I100: NETWORK ARCHICT & PERF ENGR | J100: FALSE | K100: FALSE | L100: FALSE | M100: =IF(OR(AND(J100,K100),AND(J100,L100),AND(K100,L100)),"Choose for one only","") | BA100: =IF(E100>2,E100,0) -> 0
...

Sheet Print
A1: MS&E Master's Program Proposal
A2: Student Name | B2: Phone | C2: E-Mail | D2: Date Prepared
A3: =Instructions!C18 -> 0 | B3: =Instructions!C19 -> 0 | C3: =Instructions!C20 -> 0 | D3: =TODAY() -> 43857
A4: Student ID | B4: =Instructions!C21 -> 0 | C4: Area of Concentration
C5: =Instructions!C22 -> 0
A6: Backround Requirements | C6: Institution
A7: One Year of Calculus
A8: One Course in computer programming
A9: 15 units of engineering science
A10: One Course in probability
A12: Core Requirements | B12: Course | C12: Title | D12: Units
A13: (minimum of five courses) | B13: ='course list'!AJ3&" "&'course list'!AK3 | C13: ='course list'!AL3 -> 0 | D13: ='course list'!AH3 -> 0
B14: ='course list'!AJ4&" "&'course list'!AK4 | C14: ='course list'!AL4 -> 0 | D14: ='course list'!AH4 -> 0
B15: ='course list'!AJ5&" "&'course list'!AK5 | C15: ='course list'!AL5 -> 0 | D15: ='course list'!AH5 -> 0
B16: ='course list'!AJ6&" "&'course list'!AK6 | C16: ='course list'!AL6 -> 0 | D16: ='course list'!AH6 -> 0
B17: ='course list'!AJ7&" "&'course list'!AK7 | C17: ='course list'!AL7 -> 0 | D17: ='course list'!AH7 -> 0
B18: ='course list'!AJ8&" "&'course list'!AK8 | C18: ='course list'!AL8 -> 0 | D18: ='course list'!AH8 -> 0
B20: ='course list'!AJ10&" "&'course list'!AK10 | C20: ='course list'!AL10 -> 0 | D20: ='course list'!AH10 -> 0
A21: Concentration
A22: (three approved courses) | B22: ='course list'!Z3&" "&'course list'!AA3 | C22: ='course list'!AB3 -> 0 | D22: ='course list'!X3 -> 0
B23: ='course list'!Z4&" "&'course list'!AA4 | C23: ='course list'!AB4 -> 0 | D23: ='course list'!X4 -> 0
B24: ='course list'!Z5&" "&'course list'!AA5 | C24: ='course list'!AB5 -> 0 | D24: ='course list'!X5 -> 0
B25: ='course list'!Z6&" "&'course list'!AA6 | C25: ='course list'!AB6 -> 0 | D25: ='course list'!X6 -> 0
B26: ='course list'!Z7&" "&'course list'!AA7 | C26: ='course list'!AB7 -> 0 | D26: ='course list'!X7 -> 0
B27: ='course list'!Z8&" "&'course list'!AA8 | C27: ='course list'!AB8 -> 0 | D27: ='course list'!X8 -> 0
B28: ='course list'!Z10&" "&'course list'!AA10 | C28: ='course list'!AB10 -> 0 | D28: ='course list'!X10 -> 0
B29: ='course list'!Z11&" "&'course list'!AA11 | C29: ='course list'!AB11 -> 0 | D29: ='course list'!X11 -> 0
A30: Project Courses
A31: (one project or two | B31: ='course list'!AT8&" "&'course list'!AU8 | C31: ='course list'!AV8 -> 0
A32: integrated project courses) | B32: ='course list'!AT10&" "&'course list'!AU10 | C32: ='course list'!AV10 -> 0
A34: Electives
B35: ='course list'!P3&" "&'course list'!Q3 | C35: ='course list'!R3 -> 0 | D35: ='course list'!N3 -> 0
B36: ='course list'!P4&" "&'course list'!Q4 | C36: ='course list'!R4 -> 0 | D36: ='course list'!N4 -> 0
B37: ='course list'!P5&" "&'course list'!Q5 | C37: ='course list'!R5 -> 0 | D37: ='course list'!N5 -> 0
B38: ='course list'!P6&" "&'course list'!Q6 | C38: ='course list'!R6 -> 0 | D38: ='course list'!N6 -> 0
B39: ='course list'!P7&" "&'course list'!Q7 | C39: ='course list'!R7 -> 0 | D39: ='course list'!N7 -> 0
B40: ='course list'!P8&" "&'course list'!Q8 | C40: ='course list'!R8 -> 0 | D40: ='course list'!N8 -> 0
B41: ='course list'!P10&" "&'course list'!Q10 | C41: ='course list'!R10 -> 0 | D41: ='course list'!N10 -> 0
B42: ='course list'!P11&" "&'course list'!Q11 | C42: ='course list'!R11 -> 0 | D42: ='course list'!N11 -> 0
B43: ='course list'!P12&" "&'course list'!Q12 | C43: ='course list'!R12 -> 0 | D43: ='course list'!N12 -> 0
B44: ='course list'!P13&" "&'course list'!Q13 | C44: ='course list'!R13 -> 0 | D44: ='course list'!N13 -> 0
B45: ='course list'!P15&" "&'course list'!Q15 | C45: ='course list'!R15 -> 0 | D45: ='course list'!N15 -> 0
C47: TOTAL UNITS (minimum of 45): | D47: =SUM(D35:D46)+SUM(D22:D29)+SUM(D13:D20) -> 0
C48: TOTAL MSandE Grad Course Units (minimum of 27): | D48: ='course list'!BA26 -> 0
A49: Signature: __________________________________________ | D49: Date: ____________________
A51: Signature: __________________________________________ | D51: Date: ____________________
A52: Optional Academic Advisor Approval
A54: Signature: __________________________________________ | D54: Date: ____________________
A55: Required MS&E Student Services Approval
