Workbook
Name DT: #REF!
Name h: Ex!$F$5
Name h_: Ey!$F$5
Name V1_: Potential!$J$4
Name V2_: Potential!$J$5

Sheet Potential
A1: Laplace solution around two charged slits
I4: V1= | J4: 0
I5: V2= | J5: 1500
A6: y\x | C6: 1 | D6: 2 | E6: 3 | F6: 4 | G6: 5 | H6: 6 | I6: 7 | J6: 8 | K6: 9 | L6: 10 | M6: 11 | N6: 12 | O6: 13
C7: =C9 -> 15.426706 | D7: =D9 -> 13.543693 | E7: =E9 -> 8.0742777 | F7: =F9 -> 0 | G7: =G9 -> 375.37699 | H7: =H9 -> 750.02419 | I7: =I9 -> 1124.6576 | J7: =J9 -> 1500 | ... O7: =O9 -> 1473.9367
A8: 1 | B8: =D8 -> 11.950161 | C8: =(C7+D8+C9+B8)/4 -> 13.688434 | D8: =(D7+E8+D9+C8)/4 -> 11.950127 | E8: =(E7+F8+E9+D8)/4 -> 7.0246706 | F8: =V1_ -> 0 | G8: =(G7+H8+G9+F8)/4 -> 375.19319 | H8: =(H7+I8+H9+G8)/4 -> 750.01877 | I8: =(I7+J8+I9+H8)/4 -> 1124.8335 | J8: =V2_ -> 1500 | K8: =(K7+L8+K9+J8)/4 -> 1491.0502 | L8: =(L7+M8+L9+K8)/4 -> 1483.7274 | M8: =(M7+N8+M9+L8)/4 -> 1478.6591 | N8: =(N7+O8+N9+M8)/4 -> 1475.7822 | O8: =(O7+P8+O9+N8)/4 -> 1474.8594 | P8: =N8 -> 1475.7822
A9: 2 | B9: =D9 -> 13.543693 | C9: =(C8+D9+C10+B9)/4 -> 15.426671 | D9: =(D8+E9+D10+C9)/4 -> 13.543667 | E9: =(E8+F9+E10+D9)/4 -> 8.0742653 | F9: =V1_ -> 0 | G9: =(G8+H9+G10+F9)/4 -> 375.37699 | H9: =(H8+I9+H10+G9)/4 -> 750.02419 | I9: =(I8+J9+I10+H9)/4 -> 1124.6576 | J9: =V2_ -> 1500 | K9: =(K8+L9+K10+J9)/4 -> 1490.2367 | L9: =(L8+M9+L10+K9)/4 -> 1482.6002 | M9: =(M8+N9+M10+L9)/4 -> 1477.5634 | N9: =(N8+O9+N10+M9)/4 -> 1474.8051 | O9: =(O8+P9+O10+N9)/4 -> 1473.9367 | P9: =N9 -> 1474.8051
A10: 3 | B10: =D10 -> 18.723593 | C10: =(C9+D10+C11+B10)/4 -> 20.930851 | D10: =(D9+E10+D11+C10)/4 -> 18.723587 | E10: =(E9+F10+E11+D10)/4 -> 11.728723 | F10: =V1_ -> 0 | G10: =(G9+H10+G11+F10)/4 -> 376.29059 | H10: =(H9+I10+H11+G10)/4 -> 750.04337 | I10: =(I9+J10+I11+H10)/4 -> 1123.7728 | J10: =V2_ -> 1500 | K10: =(K9+L10+K11+J10)/4 -> 1487.2964 | L10: =(L9+M10+L11+K10)/4 -> 1478.8732 | M10: =(M9+N10+M11+L10)/4 -> 1474.1894 | N10: =(N9+O10+N11+M10)/4 -> 1471.938 | O10: =(O9+P10+O11+N10)/4 -> 1471.2771 | P10: =N10 -> 1471.938
A11: 4 | B11: =D11 -> 28.691105 | C11: =(C10+D11+C12+B11)/4 -> 30.849579 | D11: =(D10+E11+D12+C11)/4 -> 28.691139 | E11: =(E10+F11+E12+D11)/4 -> 20.117063 | F11: =V1_ -> 0 | G11: =(G10+H11+G12+F11)/4 -> 379.74202 | H11: =(H10+I11+H12+G11)/4 -> 750.08588 | I11: =(I10+J11+I12+H11)/4 -> 1120.3902 | J11: =V2_ -> 1500 | K11: =(K10+L11+K12+J11)/4 -> 1480.0756 | L11: =(L10+M11+L12+K11)/4 -> 1471.4068 | M11: =(M10+N11+M12+L11)/4 -> 1468.383 | N11: =(N10+O11+N12+M11)/4 -> 1467.4804 | O11: =(O10+P11+O12+N11)/4 -> 1467.2958 | P11: =N11 -> 1467.4804
A12: 5 | B12: =D12 -> 45.074351 | C12: =(C11+D12+C13+B12)/4 -> 45.085362 | D12: =(D11+E12+D13+C12)/4 -> 45.074451 | E12: =(E11+F12+E13+D12)/4 -> 40.048456 | F12: =V1_ -> 0 | G12: =(G11+H12+G13+F12)/4 -> 392.59161 | H12: =(H11+I12+H13+G12)/4 -> 750.1679 | I12: =(I11+J12+I13+H12)/4 -> 1107.7023 | J12: =V2_ -> 1500 | K12: =(K11+L12+K13+J12)/4 -> 1461.5992 | L12: =(L11+M12+L13+K12)/4 -> 1458.2953 | M12: =(M11+N12+M13+L12)/4 -> 1460.4554 | N12: =(N11+O12+N13+M12)/4 -> 1462.305 | O12: =(O11+P12+O13+N12)/4 -> 1462.9451 | P12: =N12 -> 1462.305
A13: 6 | B13: =D13 -> 66.472912 | C13: =(C12+D13+C14+B13)/4 -> 59.343388 | D13: =(D12+E13+D14+C13)/4 -> 66.473106 | E13: =(E12+F13+E14+D13)/4 -> 95.002439 | F13: =(F12+G13+F14+E13)/4 -> 178.48629 | G13: =(G12+H13+G14+F13)/4 -> 440.45656 | H13: =(H12+I13+H14+G13)/4 -> 750.29183 | I13: =(I12+J13+I14+H13)/4 -> 1060.251 | J13: =(J12+K13+J14+I13)/4 -> 1322.759 | ... O13: =(O12+P13+O14+N13)/4 -> 1459.8745 | P13: =N13 -> 1458.3392
A14: 7 | B14: =D14 -> 66.472276 | C14: =(C13+D14+C15+B14)/4 -> 59.342717 | D14: =(D13+E14+D15+C14)/4 -> 66.472575 | E14: =(E13+F14+E15+D14)/4 -> 95.002153 | F14: =(F13+G14+F15+E14)/4 -> 178.48624 | G14: =(G13+H14+G15+F14)/4 -> 440.45656 | H14: =(H13+I14+H15+G14)/4 -> 750.29183 | I14: =(I13+J14+I15+H14)/4 -> 1060.251 | J14: =(J13+K14+J15+I14)/4 -> 1322.759 | ... O14: =(O13+P14+O15+N14)/4 -> 1459.8745 | P14: =N14 -> 1458.3392
A15: 8 | B15: =D15 -> 45.072513 | C15: =(C14+D15+C16+B15)/4 -> 45.08342 | D15: =(D14+E15+D16+C15)/4 -> 45.072916 | E15: =(E14+F15+E16+D15)/4 -> 40.047649 | F15: =V1_ -> 0 | G15: =(G14+H15+G16+F15)/4 -> 392.59162 | H15: =(H14+I15+H16+G15)/4 -> 750.16791 | I15: =(I14+J15+I16+H15)/4 -> 1107.7023 | J15: =V2_ -> 1500 | K15: =(K14+L15+K16+J15)/4 -> 1461.5992 | L15: =(L14+M15+L16+K15)/4 -> 1458.2953 | M15: =(M14+N15+M16+L15)/4 -> 1460.4554 | N15: =(N14+O15+N16+M15)/4 -> 1462.305 | O15: =(O14+P15+O16+N15)/4 -> 1462.9451 | P15: =N15 -> 1462.305
A16: 9 | B16: =D16 -> 28.688244 | C16: =(C15+D16+C17+B16)/4 -> 30.846553 | D16: =(D15+E16+D17+C16)/4 -> 28.688743 | E16: =(E15+F16+E17+D16)/4 -> 20.1158 | F16: =V1_ -> 0 | G16: =(G15+H16+G17+F16)/4 -> 379.74202 | H16: =(H15+I16+H17+G16)/4 -> 750.08589 | I16: =(I15+J16+I17+H16)/4 -> 1120.3902 | J16: =V2_ -> 1500 | K16: =(K15+L16+K17+J16)/4 -> 1480.0756 | L16: =(L15+M16+L17+K16)/4 -> 1471.4068 | M16: =(M15+N16+M17+L16)/4 -> 1468.383 | N16: =(N15+O16+N17+M16)/4 -> 1467.4805 | O16: =(O15+P16+O17+N16)/4 -> 1467.2958 | P16: =N16 -> 1467.4805
A17: 10 | B17: =D17 -> 18.719972 | C17: =(C16+D17+C18+B17)/4 -> 20.927018 | D17: =(D16+E17+D18+C17)/4 -> 18.720546 | E17: =(E16+F17+E18+D17)/4 -> 11.727116 | F17: =V1_ -> 0 | G17: =(G16+H17+G18+F17)/4 -> 376.2906 | H17: =(H16+I17+H18+G17)/4 -> 750.04337 | I17: =(I16+J17+I18+H17)/4 -> 1123.7728 | J17: =V2_ -> 1500 | K17: =(K16+L17+K18+J17)/4 -> 1487.2964 | L17: =(L16+M17+L18+K17)/4 -> 1478.8732 | M17: =(M16+N17+M18+L17)/4 -> 1474.1894 | N17: =(N16+O17+N18+M17)/4 -> 1471.938 | O17: =(O16+P17+O18+N17)/4 -> 1471.2771 | P17: =N17 -> 1471.938
A18: 11 | B18: =D18 -> 13.539615 | C18: =(C17+D18+C19+B18)/4 -> 15.422351 | D18: =(D17+E18+D19+C18)/4 -> 13.540235 | E18: =(E17+F18+E19+D18)/4 -> 8.0724487 | F18: =V1_ -> 0 | G18: =(G17+H18+G19+F18)/4 -> 375.37699 | H18: =(H17+I18+H19+G18)/4 -> 750.02419 | I18: =(I17+J18+I19+H18)/4 -> 1124.6576 | J18: =V2_ -> 1500 | K18: =(K17+L18+K19+J18)/4 -> 1490.2367 | L18: =(L17+M18+L19+K18)/4 -> 1482.6002 | M18: =(M17+N18+M19+L18)/4 -> 1477.5634 | N18: =(N17+O18+N19+M18)/4 -> 1474.8051 | O18: =(O17+P18+O19+N18)/4 -> 1473.9367 | P18: =N18 -> 1474.8051
A19: 12 | B19: =D19 -> 11.945926 | C19: =(C18+D19+C20+B19)/4 -> 13.683945 | D19: =(D18+E19+D20+C19)/4 -> 11.94656 | E19: =(E18+F19+E20+D19)/4 -> 7.0227816 | F19: =V1_ -> 0 | G19: =(G18+H19+G20+F19)/4 -> 375.19319 | H19: =(H18+I19+H20+G19)/4 -> 750.01877 | I19: =(I18+J19+I20+H19)/4 -> 1124.8335 | J19: =V2_ -> 1500 | K19: =(K18+L19+K20+J19)/4 -> 1491.0502 | L19: =(L18+M19+L20+K19)/4 -> 1483.7274 | M19: =(M18+N19+M20+L19)/4 -> 1478.6591 | N19: =(N18+O19+N20+M19)/4 -> 1475.7822 | O19: =(O18+P19+O20+N19)/4 -> 1474.8594 | P19: =N19 -> 1475.7822
C20: =C18 -> 15.422351 | D20: =D18 -> 13.540235 | E20: =E18 -> 8.0724487 | F20: =F18 -> 0 | G20: =G18 -> 375.37699 | H20: =H18 -> 750.02419 | I20: =I18 -> 1124.6576 | J20: =J18 -> 1500 | ... O20: =O18 -> 1473.9367

Sheet Ex
A1: X component of the electric field.
E5: h= | F5: 1
B6: y\x | C6: 1 | D6: 2 | E6: 3 | F6: 4 | G6: 5 | H6: 6 | I6: 7 | J6: 8 | K6: 9 | L6: 10 | M6: 11 | N6: 12 | O6: 13
B8: 1 | C8: =-(Potential!D8-Potential!B8)/(2*h) -> 2.0479115e-05 | D8: =-(Potential!E8-Potential!C8)/(2*h) -> 3.3318945 | E8: =-(Potential!F8-Potential!D8)/(2*h) -> 5.9750804 | G8: =-(Potential!H8-Potential!F8)/(2*h) -> -375.00938 | H8: =-(Potential!I8-Potential!G8)/(2*h) -> -374.82016 | I8: =-(Potential!J8-Potential!H8)/(2*h) -> -374.99062 | K8: =-(Potential!L8-Potential!J8)/(2*h) -> 8.1362924 | L8: =-(Potential!M8-Potential!K8)/(2*h) -> 6.1955403 | M8: =-(Potential!N8-Potential!L8)/(2*h) -> 3.9726249 | N8: =-(Potential!O8-Potential!M8)/(2*h) -> 1.89985 | O8: =-(Potential!P8-Potential!N8)/(2*h) -> 0
B9: 2 | C9: =-(Potential!D9-Potential!B9)/(2*h) -> 1.7527873e-05 | D9: =-(Potential!E9-Potential!C9)/(2*h) -> 3.6762144 | E9: =-(Potential!F9-Potential!D9)/(2*h) -> 6.7718466 | G9: =-(Potential!H9-Potential!F9)/(2*h) -> -375.01209 | H9: =-(Potential!I9-Potential!G9)/(2*h) -> -374.64032 | I9: =-(Potential!J9-Potential!H9)/(2*h) -> -374.98791 | K9: =-(Potential!L9-Potential!J9)/(2*h) -> 8.6999113 | L9: =-(Potential!M9-Potential!K9)/(2*h) -> 6.3366213 | M9: =-(Potential!N9-Potential!L9)/(2*h) -> 3.8975544 | N9: =-(Potential!O9-Potential!M9)/(2*h) -> 1.8133874 | O9: =-(Potential!P9-Potential!N9)/(2*h) -> 0
B10: 3 | C10: =-(Potential!D10-Potential!B10)/(2*h) -> 8.8359798e-06 | D10: =-(Potential!E10-Potential!C10)/(2*h) -> 4.6010706 | E10: =-(Potential!F10-Potential!D10)/(2*h) -> 9.3617964 | G10: =-(Potential!H10-Potential!F10)/(2*h) -> -375.02168 | H10: =-(Potential!I10-Potential!G10)/(2*h) -> -373.74111 | I10: =-(Potential!J10-Potential!H10)/(2*h) -> -374.97832 | K10: =-(Potential!L10-Potential!J10)/(2*h) -> 10.563413 | L10: =-(Potential!M10-Potential!K10)/(2*h) -> 6.5534788 | M10: =-(Potential!N10-Potential!L10)/(2*h) -> 3.4675834 | N10: =-(Potential!O10-Potential!M10)/(2*h) -> 1.4561451 | O10: =-(Potential!P10-Potential!N10)/(2*h) -> 0
B11: 4 | C11: =-(Potential!D11-Potential!B11)/(2*h) -> -1.0845412e-05 | D11: =-(Potential!E11-Potential!C11)/(2*h) -> 5.3662533 | E11: =-(Potential!F11-Potential!D11)/(2*h) -> 14.345553 | G11: =-(Potential!H11-Potential!F11)/(2*h) -> -375.04294 | H11: =-(Potential!I11-Potential!G11)/(2*h) -> -370.32411 | I11: =-(Potential!J11-Potential!H11)/(2*h) -> -374.95706 | K11: =-(Potential!L11-Potential!J11)/(2*h) -> 14.296621 | L11: =-(Potential!M11-Potential!K11)/(2*h) -> 5.8462968 | M11: =-(Potential!N11-Potential!L11)/(2*h) -> 1.963155 | N11: =-(Potential!O11-Potential!M11)/(2*h) -> 0.54360945 | O11: =-(Potential!P11-Potential!N11)/(2*h) -> 0
B12: 5 | C12: =-(Potential!D12-Potential!B12)/(2*h) -> -4.6084129e-05 | D12: =-(Potential!E12-Potential!C12)/(2*h) -> 2.5184304 | E12: =-(Potential!F12-Potential!D12)/(2*h) -> 22.537176 | G12: =-(Potential!H12-Potential!F12)/(2*h) -> -375.08395 | H12: =-(Potential!I12-Potential!G12)/(2*h) -> -357.55535 | I12: =-(Potential!J12-Potential!H12)/(2*h) -> -374.91605 | K12: =-(Potential!L12-Potential!J12)/(2*h) -> 20.852357 | L12: =-(Potential!M12-Potential!K12)/(2*h) -> 0.57193199 | M12: =-(Potential!N12-Potential!L12)/(2*h) -> -2.0048701 | N12: =-(Potential!O12-Potential!M12)/(2*h) -> -1.2448624 | O12: =-(Potential!P12-Potential!N12)/(2*h) -> 0
B13: 6 | C13: =-(Potential!D13-Potential!B13)/(2*h) -> -9.849955e-05 | D13: =-(Potential!E13-Potential!C13)/(2*h) -> -17.829571 | E13: =-(Potential!F13-Potential!D13)/(2*h) -> -56.006658 | F13: =-(Potential!G13-Potential!E13)/(2*h) -> -172.72711 | G13: =-(Potential!H13-Potential!F13)/(2*h) -> -285.90279 | H13: =-(Potential!I13-Potential!G13)/(2*h) -> -309.89725 | I13: =-(Potential!J13-Potential!H13)/(2*h) -> -286.2336 | J13: =-(Potential!K13-Potential!I13)/(2*h) -> -173.88749 | ... O13: =-(Potential!P13-Potential!N13)/(2*h) -> 0
B14: 7 | C14: =-(Potential!D14-Potential!B14)/(2*h) -> -0.00016106844 | D14: =-(Potential!E14-Potential!C14)/(2*h) -> -17.8298 | E14: =-(Potential!F14-Potential!D14)/(2*h) -> -56.006948 | F14: =-(Potential!G14-Potential!E14)/(2*h) -> -172.72728 | G14: =-(Potential!H14-Potential!F14)/(2*h) -> -285.90282 | H14: =-(Potential!I14-Potential!G14)/(2*h) -> -309.89726 | I14: =-(Potential!J14-Potential!H14)/(2*h) -> -286.2336 | J14: =-(Potential!K14-Potential!I14)/(2*h) -> -173.88749 | ... O14: =-(Potential!P14-Potential!N14)/(2*h) -> 0
B15: 8 | C15: =-(Potential!D15-Potential!B15)/(2*h) -> -0.00022495013 | D15: =-(Potential!E15-Potential!C15)/(2*h) -> 2.5177534 | E15: =-(Potential!F15-Potential!D15)/(2*h) -> 22.536256 | G15: =-(Potential!H15-Potential!F15)/(2*h) -> -375.08395 | H15: =-(Potential!I15-Potential!G15)/(2*h) -> -357.55534 | I15: =-(Potential!J15-Potential!H15)/(2*h) -> -374.91605 | K15: =-(Potential!L15-Potential!J15)/(2*h) -> 20.852357 | L15: =-(Potential!M15-Potential!K15)/(2*h) -> 0.57193202 | M15: =-(Potential!N15-Potential!L15)/(2*h) -> -2.00487 | N15: =-(Potential!O15-Potential!M15)/(2*h) -> -1.2448624 | O15: =-(Potential!P15-Potential!N15)/(2*h) -> 0
B16: 9 | C16: =-(Potential!D16-Potential!B16)/(2*h) -> -0.00028556207 | D16: =-(Potential!E16-Potential!C16)/(2*h) -> 5.3652039 | E16: =-(Potential!F16-Potential!D16)/(2*h) -> 14.344122 | G16: =-(Potential!H16-Potential!F16)/(2*h) -> -375.04294 | H16: =-(Potential!I16-Potential!G16)/(2*h) -> -370.32411 | I16: =-(Potential!J16-Potential!H16)/(2*h) -> -374.95706 | K16: =-(Potential!L16-Potential!J16)/(2*h) -> 14.296621 | L16: =-(Potential!M16-Potential!K16)/(2*h) -> 5.8462966 | M16: =-(Potential!N16-Potential!L16)/(2*h) -> 1.9631549 | N16: =-(Potential!O16-Potential!M16)/(2*h) -> 0.54360939 | O16: =-(Potential!P16-Potential!N16)/(2*h) -> 0
B17: 10 | C17: =-(Potential!D17-Potential!B17)/(2*h) -> -0.00033366825 | D17: =-(Potential!E17-Potential!C17)/(2*h) -> 4.5997479 | E17: =-(Potential!F17-Potential!D17)/(2*h) -> 9.3599859 | G17: =-(Potential!H17-Potential!F17)/(2*h) -> -375.02168 | H17: =-(Potential!I17-Potential!G17)/(2*h) -> -373.74111 | I17: =-(Potential!J17-Potential!H17)/(2*h) -> -374.97832 | K17: =-(Potential!L17-Potential!J17)/(2*h) -> 10.563413 | L17: =-(Potential!M17-Potential!K17)/(2*h) -> 6.5534785 | M17: =-(Potential!N17-Potential!L17)/(2*h) -> 3.4675832 | N17: =-(Potential!O17-Potential!M17)/(2*h) -> 1.456145 | O17: =-(Potential!P17-Potential!N17)/(2*h) -> 0
B18: 11 | C18: =-(Potential!D18-Potential!B18)/(2*h) -> -0.00036287731 | D18: =-(Potential!E18-Potential!C18)/(2*h) -> 3.6747293 | E18: =-(Potential!F18-Potential!D18)/(2*h) -> 6.7698077 | G18: =-(Potential!H18-Potential!F18)/(2*h) -> -375.01209 | H18: =-(Potential!I18-Potential!G18)/(2*h) -> -374.64032 | I18: =-(Potential!J18-Potential!H18)/(2*h) -> -374.98791 | K18: =-(Potential!L18-Potential!J18)/(2*h) -> 8.6999107 | L18: =-(Potential!M18-Potential!K18)/(2*h) -> 6.3366209 | M18: =-(Potential!N18-Potential!L18)/(2*h) -> 3.897554 | N18: =-(Potential!O18-Potential!M18)/(2*h) -> 1.8133872 | O18: =-(Potential!P18-Potential!N18)/(2*h) -> 0
B19: 12 | C19: =-(Potential!D19-Potential!B19)/(2*h) -> -0.00037166164 | D19: =-(Potential!E19-Potential!C19)/(2*h) -> 3.3303546 | E19: =-(Potential!F19-Potential!D19)/(2*h) -> 5.9729632 | G19: =-(Potential!H19-Potential!F19)/(2*h) -> -375.00938 | H19: =-(Potential!I19-Potential!G19)/(2*h) -> -374.82016 | I19: =-(Potential!J19-Potential!H19)/(2*h) -> -374.99062 | K19: =-(Potential!L19-Potential!J19)/(2*h) -> 8.1362917 | L19: =-(Potential!M19-Potential!K19)/(2*h) -> 6.1955396 | M19: =-(Potential!N19-Potential!L19)/(2*h) -> 3.9726245 | N19: =-(Potential!O19-Potential!M19)/(2*h) -> 1.8998498 | O19: =-(Potential!P19-Potential!N19)/(2*h) -> 0

Sheet Ey
B1: Y component of the electric field.
E5: h= | F5: 1
B6: y\x | C6: 1 | D6: 2 | E6: 3 | F6: 4 | G6: 5 | H6: 6 | I6: 7 | J6: 8 | K6: 9 | L6: 10 | M6: 11 | N6: 12 | O6: 13
B8: 1 | C8: =-(Potential!C9-Potential!C7)/(2*h_) -> 2.2793155e-05 | D8: =-(Potential!D9-Potential!D7)/(2*h_) -> 1.7527873e-05 | E8: =-(Potential!E9-Potential!E7)/(2*h_) -> 8.8049933e-06 | G8: =-(Potential!G9-Potential!G7)/(2*h_) -> 4.1867517e-07 | H8: =-(Potential!H9-Potential!H7)/(2*h_) -> 5.218472e-07 | I8: =-(Potential!I9-Potential!I7)/(2*h_) -> 3.1685761e-07 | K8: =-(Potential!K9-Potential!K7)/(2*h_) -> -2.3360667e-07 | L8: =-(Potential!L9-Potential!L7)/(2*h_) -> -4.45811e-07 | M8: =-(Potential!M9-Potential!M7)/(2*h_) -> -6.1767867e-07 | N8: =-(Potential!N9-Potential!N7)/(2*h_) -> -7.2876594e-07 | O8: =-(Potential!O9-Potential!O7)/(2*h_) -> -7.6604022e-07
B9: 2 | C9: =-(Potential!C10-Potential!C8)/(2*h_) -> -3.6211938 | D9: =-(Potential!D10-Potential!D8)/(2*h_) -> -3.386716 | E9: =-(Potential!E10-Potential!E8)/(2*h_) -> -2.3520177 | G9: =-(Potential!G10-Potential!G8)/(2*h_) -> -0.54870219 | H9: =-(Potential!H10-Potential!H8)/(2*h_) -> -0.012299255 | I9: =-(Potential!I10-Potential!I8)/(2*h_) -> 0.53034811 | K9: =-(Potential!K10-Potential!K8)/(2*h_) -> 1.8769173 | L9: =-(Potential!L10-Potential!L8)/(2*h_) -> 2.4271206 | M9: =-(Potential!M10-Potential!M8)/(2*h_) -> 2.2348559 | N9: =-(Potential!N10-Potential!N8)/(2*h_) -> 1.922079 | O9: =-(Potential!O10-Potential!O8)/(2*h_) -> 1.7911509
B10: 3 | C10: =-(Potential!C11-Potential!C9)/(2*h_) -> -7.7114201 | D10: =-(Potential!D11-Potential!D9)/(2*h_) -> -7.573706 | E10: =-(Potential!E11-Potential!E9)/(2*h_) -> -6.0213811 | G10: =-(Potential!G11-Potential!G9)/(2*h_) -> -2.1825115 | H10: =-(Potential!H11-Potential!H9)/(2*h_) -> -0.030844897 | I10: =-(Potential!I11-Potential!I9)/(2*h_) -> 2.1336907 | K10: =-(Potential!K11-Potential!K9)/(2*h_) -> 5.0805491 | L10: =-(Potential!L11-Potential!L9)/(2*h_) -> 5.5967096 | M10: =-(Potential!M11-Potential!M9)/(2*h_) -> 4.5902246 | N10: =-(Potential!N11-Potential!N9)/(2*h_) -> 3.6623102 | O10: =-(Potential!O11-Potential!O9)/(2*h_) -> 3.3204466
B11: 4 | C11: =-(Potential!C12-Potential!C10)/(2*h_) -> -12.077194 | D11: =-(Potential!D12-Potential!D10)/(2*h_) -> -13.175379 | E11: =-(Potential!E12-Potential!E10)/(2*h_) -> -14.159834 | G11: =-(Potential!G12-Potential!G10)/(2*h_) -> -8.1505043 | H11: =-(Potential!H12-Potential!H10)/(2*h_) -> -0.062263157 | I11: =-(Potential!I12-Potential!I10)/(2*h_) -> 8.0352581 | K11: =-(Potential!K12-Potential!K10)/(2*h_) -> 12.84857 | L11: =-(Potential!L12-Potential!L10)/(2*h_) -> 10.288944 | M11: =-(Potential!M12-Potential!M10)/(2*h_) -> 6.8670228 | N11: =-(Potential!N12-Potential!N10)/(2*h_) -> 4.8164907 | O11: =-(Potential!O12-Potential!O10)/(2*h_) -> 4.1660153
B12: 5 | C12: =-(Potential!C13-Potential!C11)/(2*h_) -> -14.246811 | D12: =-(Potential!D13-Potential!D11)/(2*h_) -> -18.890903 | E12: =-(Potential!E13-Potential!E11)/(2*h_) -> -37.442635 | G12: =-(Potential!G13-Potential!G11)/(2*h_) -> -30.357258 | H12: =-(Potential!H13-Potential!H11)/(2*h_) -> -0.10296854 | I12: =-(Potential!I13-Potential!I11)/(2*h_) -> 30.069602 | K12: =-(Potential!K13-Potential!K11)/(2*h_) -> 36.024785 | L12: =-(Potential!L13-Potential!L11)/(2*h_) -> 15.843475 | M12: =-(Potential!M13-Potential!M11)/(2*h_) -> 7.7724318 | N12: =-(Potential!N13-Potential!N11)/(2*h_) -> 4.5706148 | O12: =-(Potential!O13-Potential!O11)/(2*h_) -> 3.7106332
B13: 6 | C13: =-(Potential!C14-Potential!C12)/(2*h_) -> -7.1285562 | D13: =-(Potential!D14-Potential!D12)/(2*h_) -> -10.698962 | E13: =-(Potential!E14-Potential!E12)/(2*h_) -> -27.476786 | F13: =-(Potential!F14-Potential!F12)/(2*h_) -> -89.243086 | G13: =-(Potential!G14-Potential!G12)/(2*h_) -> -23.932462 | H13: =-(Potential!H14-Potential!H12)/(2*h_) -> -0.061961805 | I13: =-(Potential!I14-Potential!I12)/(2*h_) -> 23.725626 | J13: =-(Potential!J14-Potential!J12)/(2*h_) -> 88.620491 | ... O13: =-(Potential!O14-Potential!O12)/(2*h_) -> 1.535288
B14: 7 | C14: =-(Potential!C15-Potential!C13)/(2*h_) -> 7.1301183 | D14: =-(Potential!D15-Potential!D13)/(2*h_) -> 10.7002 | E14: =-(Potential!E15-Potential!E13)/(2*h_) -> 27.477442 | F14: =-(Potential!F15-Potential!F13)/(2*h_) -> 89.243114 | G14: =-(Potential!G15-Potential!G13)/(2*h_) -> 23.932462 | H14: =-(Potential!H15-Potential!H13)/(2*h_) -> 0.061958278 | I14: =-(Potential!I15-Potential!I13)/(2*h_) -> -23.725628 | J14: =-(Potential!J15-Potential!J13)/(2*h_) -> -88.620491 | ... O14: =-(Potential!O15-Potential!O13)/(2*h_) -> -1.5352882
B15: 8 | C15: =-(Potential!C16-Potential!C14)/(2*h_) -> 14.248214 | D15: =-(Potential!D16-Potential!D14)/(2*h_) -> 18.892016 | E15: =-(Potential!E16-Potential!E14)/(2*h_) -> 37.443217 | G15: =-(Potential!G16-Potential!G14)/(2*h_) -> 30.357253 | H15: =-(Potential!H16-Potential!H14)/(2*h_) -> 0.10296724 | I15: =-(Potential!I16-Potential!I14)/(2*h_) -> -30.069603 | K15: =-(Potential!K16-Potential!K14)/(2*h_) -> -36.024785 | L15: =-(Potential!L16-Potential!L14)/(2*h_) -> -15.843475 | M15: =-(Potential!M16-Potential!M14)/(2*h_) -> -7.772432 | N15: =-(Potential!N16-Potential!N14)/(2*h_) -> -4.570615 | O15: =-(Potential!O16-Potential!O14)/(2*h_) -> -3.7106335
B16: 9 | C16: =-(Potential!C17-Potential!C15)/(2*h_) -> 12.078314 | D16: =-(Potential!D17-Potential!D15)/(2*h_) -> 13.176271 | E16: =-(Potential!E17-Potential!E15)/(2*h_) -> 14.160308 | G16: =-(Potential!G17-Potential!G15)/(2*h_) -> 8.150507 | H16: =-(Potential!H17-Potential!H15)/(2*h_) -> 0.062265467 | I16: =-(Potential!I17-Potential!I15)/(2*h_) -> -8.0352568 | K16: =-(Potential!K17-Potential!K15)/(2*h_) -> -12.84857 | L16: =-(Potential!L17-Potential!L15)/(2*h_) -> -10.288944 | M16: =-(Potential!M17-Potential!M15)/(2*h_) -> -6.8670231 | N16: =-(Potential!N17-Potential!N15)/(2*h_) -> -4.8164911 | O16: =-(Potential!O17-Potential!O15)/(2*h_) -> -4.1660157
B17: 10 | C17: =-(Potential!C18-Potential!C16)/(2*h_) -> 7.7121805 | D17: =-(Potential!D18-Potential!D16)/(2*h_) -> 7.5743141 | E17: =-(Potential!E18-Potential!E16)/(2*h_) -> 6.0217059 | G17: =-(Potential!G18-Potential!G16)/(2*h_) -> 2.182514 | H17: =-(Potential!H18-Potential!H16)/(2*h_) -> 0.030847439 | I17: =-(Potential!I18-Potential!I16)/(2*h_) -> -2.1336892 | K17: =-(Potential!K18-Potential!K16)/(2*h_) -> -5.0805493 | L17: =-(Potential!L18-Potential!L16)/(2*h_) -> -5.5967099 | M17: =-(Potential!M18-Potential!M16)/(2*h_) -> -4.590225 | N17: =-(Potential!N18-Potential!N16)/(2*h_) -> -3.6623108 | O17: =-(Potential!O18-Potential!O16)/(2*h_) -> -3.3204472
B18: 11 | C18: =-(Potential!C19-Potential!C17)/(2*h_) -> 3.6215755 | D18: =-(Potential!D19-Potential!D17)/(2*h_) -> 3.3870227 | E18: =-(Potential!E19-Potential!E17)/(2*h_) -> 2.3521822 | G18: =-(Potential!G19-Potential!G17)/(2*h_) -> 0.54870358 | H18: =-(Potential!H19-Potential!H17)/(2*h_) -> 0.012300898 | I18: =-(Potential!I19-Potential!I17)/(2*h_) -> -0.53034708 | K18: =-(Potential!K19-Potential!K17)/(2*h_) -> -1.8769176 | L18: =-(Potential!L19-Potential!L17)/(2*h_) -> -2.427121 | M18: =-(Potential!M19-Potential!M17)/(2*h_) -> -2.2348564 | N18: =-(Potential!N19-Potential!N17)/(2*h_) -> -1.9220797 | O18: =-(Potential!O19-Potential!O17)/(2*h_) -> -1.7911516
B19: 12 | C19: =-(Potential!C20-Potential!C18)/(2*h_) -> 0 | D19: =-(Potential!D20-Potential!D18)/(2*h_) -> 0 | E19: =-(Potential!E20-Potential!E18)/(2*h_) -> 0 | G19: =-(Potential!G20-Potential!G18)/(2*h_) -> 0 | H19: =-(Potential!H20-Potential!H18)/(2*h_) -> 0 | I19: =-(Potential!I20-Potential!I18)/(2*h_) -> 0 | K19: =-(Potential!K20-Potential!K18)/(2*h_) -> 0 | L19: =-(Potential!L20-Potential!L18)/(2*h_) -> 0 | M19: =-(Potential!M20-Potential!M18)/(2*h_) -> 0 | N19: =-(Potential!N20-Potential!N18)/(2*h_) -> 0 | O19: =-(Potential!O20-Potential!O18)/(2*h_) -> 0
