Workbook

Sheet List
A1: Inspection Grades: All Published
A2: Code | B2: Provider | C2: Publication Date | D2: All Learndirect Provision | E2: Business administration, management & professional | F2: Information & communications technology | G2: Foundation programmes | H2: Other Learndirect Provision | I2: Leadership & management | J2: Equal opportunities | K2: Quality Assurance
A3: 2875 | B3: Birmingham and Solihull Hub | C3: 37372 | D3: 3 | I3: 4 | J3: 3 | K3: 4
A4: 2877 | B4: County Durham Hub | C4: 37372 | D4: 3 | I4: 4 | J4: 4 | K4: 4
A5: 2878 | B5: Greater Nottingham Hub | C5: 37372 | F5: 3 | I5: 5 | J5: 4 | K5: 5
A6: 2879 | B6: North and West Lancashire Hub | C6: 37372 | D6: 2 | I6: 3 | J6: 3 | K6: 3
A7: 2876 | B7: North West London Hub | C7: 37400 | F7: 2 | G7: 4 | I7: 3 | J7: 2 | K7: 4
A8: 3190 | B8: The Essex Learning Hub | C8: 37463 | G8: 4 | H8: 3 | I8: 3 | J8: 3 | K8: 3
A9: 3191 | B9: Trade Union Sector Hub | C9: 37470 | F9: 2 | I9: 3 | J9: 3 | K9: 3
A10: 3187 | B10: Devon and Cornwall Hub | C10: 37484 | F10: 3 | G10: 3 | I10: 4 | J10: 4 | K10: 4
A11: 3188 | B11: West London Hub | C11: 37491 | D11: 3 | I11: 5 | J11: 5 | K11: 5
A12: 3189 | B12: Barnsley, Rotherham & Doncaster Hub | C12: 37519 | F12: 3 | I12: 3 | J12: 3 | K12: 4
A13: 3578 | B13: Lincolnshire and Rutland Hub | C13: 37519 | F13: 2 | G13: 3 | I13: 2 | J13: 2 | K13: 3
A14: 3579 | B14: ASSA Hub | C14: 37526 | D14: 2 | I14: 2 | J14: 3 | K14: 3
A15: 3582 | B15: York and North Yorkshire Hub | C15: 37582 | D15: 3 | I15: 3 | J15: 3 | K15: 3
A16: 3580 | B16: Herefordshire and Worcestershire Hub | C16: 37589 | D16: 2 | I16: 2 | J16: 3 | K16: 3
A17: 3581 | B17: Environment and Landbased Hub | C17: 37596 | D17: 3 | I17: 3 | J17: 4 | K17: 3
A18: 3872 | B18: Hampshire and Solent Hub | C18: 37610 | F18: 3 | G18: 3 | I18: 2 | J18: 3 | K18: 4
A19: 3870 | B19: Wigan and Leigh Learning Hub | C19: 37645 | G19: 2 | H19: 2 | I19: 2 | J19: 3 | K19: 3
A20: 3869 | B20: Cheshire and Warrington Hub | C20: 37673 | D20: 3 | I20: 3 | J20: 3 | K20: 3
A21: 3871 | B21: The Open Learning Partnership Hub | C21: 37673 | F21: 2 | G21: 3 | I21: 2 | J21: 2 | K21: 3
A22: 3873 | B22: Army Torch Hub | C22: 37701 | E22: 3 | F22: 3 | G22: 3 | I22: 2 | J22: 3 | K22: 3
A23: 4357 | B23: Coventry and Warwickshire Hub | C23: 37708 | D23: 3 | I23: 2 | J23: 2 | K23: 3
A24: 4356 | B24: West of England Hub | C24: 37728 | F24: 2 | G24: 2 | I24: 2 | J24: 3 | K24: 2
A25: 4355 | B25: Cross River Partnership | C25: 37728 | F25: 3 | G25: 3 | I25: 2 | J25: 2 | K25: 3
A26: 4354 | B26: Leicestershire Hub | C26: 37757 | F26: 2 | I26: 3 | J26: 3 | K26: 3
A27: 4358 | B27: Northumberland Hub | C27: 37764 | D27: 4 | I27: 5 | J27: 4 | K27: 4
A28: 4673 | B28: Shropshire, Telford & Wrekin Hub | C28: 37785 | G28: 3 | H28: 3 | I28: 3 | J28: 3 | K28: 3
A29: 4670 | B29: Suffolk Ufi Hub | C29: 37785 | D29: 3 | I29: 3 | J29: 3 | K29: 4
A30: 4953 | B30: Black Country Hub | C30: 37932 | G30: 3 | H30: 3 | I30: 3 | J30: 2 | K30: 3
A31: 4919 | B31: Dorset Hub | C31: 37939 | G31: 3 | H31: 3 | I31: 3 | J31: 2 | K31: 3
A32: 4920 | B32: BLWY Enterprises Ltd | C32: 37946 | G32: 3 | H32: 3 | I32: 2 | J32: 2 | K32: 3
A33: 5196 | B33: Northamptonshire Hub | C33: 37967 | G33: 3 | H33: 3 | I33: 2 | J33: 2 | K33: 3
A34: 4921 | B34: Tees Valley Ufi Hub | C34: 37974 | D34: 3 | I34: 2 | J34: 2 | K34: 3

Sheet Summary
A1: Published Inspection Grades
A2: Sector | B2: Grade 1 | C2: Grade 2 | D2: Grade 3 | E2: Grade 4 | F2: Grade 5 | G2: Total
A3: All Learndirect Provision | B3: =COUNTIF(List!$D$3:$D$4806,1) -> 0 | C3: =COUNTIF(List!$D$3:$D$4806,2) -> 3 | D3: =COUNTIF(List!$D$3:$D$4806,3) -> 9 | E3: =COUNTIF(List!$D$3:$D$4806,4) -> 1 | F3: =COUNTIF(List!$D$3:$D$4806,5) -> 0 | G3: =SUM(B3:F3) -> 13
A4: Information & communications technology | B4: =COUNTIF(List!$F$3:$F$4806,1) -> 0 | C4: =COUNTIF(List!$F$3:$F$4806,2) -> 6 | D4: =COUNTIF(List!$F$3:$F$4806,3) -> 6 | E4: =COUNTIF(List!$F$3:$F$4806,4) -> 0 | F4: =COUNTIF(List!$F$3:$F$4806,5) -> 0 | G4: =SUM(B4:F4) -> 12
A5: Foundation programmes | B5: =COUNTIF(List!$G$3:$G$4806,1) -> 0 | C5: =COUNTIF(List!$G$3:$G$4806,2) -> 2 | D5: =COUNTIF(List!$G$3:$G$4806,3) -> 11 | E5: =COUNTIF(List!$G$3:$G$4806,4) -> 2 | F5: =COUNTIF(List!$G$3:$G$4806,5) -> 0 | G5: =SUM(B5:F5) -> 15
A6: Other Learndirect Provision | B6: =COUNTIF(List!$H$3:$H$4806,1) -> 0 | C6: =COUNTIF(List!$H$3:$H$4806,2) -> 1 | D6: =COUNTIF(List!$H$3:$H$4806,3) -> 6 | E6: =COUNTIF(List!$H$3:$H$4806,4) -> 0 | F6: =COUNTIF(List!$H$3:$H$4806,5) -> 0 | G6: =SUM(B6:F6) -> 7
A7: All Areas of Learning | B7: =SUM(B3:B6) -> 0 | C7: =SUM(C3:C6) -> 12 | D7: =SUM(D3:D6) -> 32 | E7: =SUM(E3:E6) -> 3 | F7: =SUM(F3:F6) -> 0 | G7: =SUM(B7:F7) -> 47
A8: Leadership and Management | B8: =COUNTIF(List!$I$3:$I$4806,1) -> 0 | C8: =COUNTIF(List!$I$3:$I$4806,2) -> 13 | D8: =COUNTIF(List!$I$3:$I$4806,3) -> 13 | E8: =COUNTIF(List!$I$3:$I$4806,4) -> 3 | F8: =COUNTIF(List!$I$3:$I$4806,5) -> 3 | G8: =SUM(B8:F8) -> 32
A9: Equal Opportunities | B9: =COUNTIF(List!$J$3:$J$4806,1) -> 0 | C9: =COUNTIF(List!$J$3:$J$4806,2) -> 10 | D9: =COUNTIF(List!$J$3:$J$4806,3) -> 16 | E9: =COUNTIF(List!$J$3:$J$4806,4) -> 5 | F9: =COUNTIF(List!$J$3:$J$4806,5) -> 1 | G9: =SUM(B9:F9) -> 32
A10: Quality Assurance | B10: =COUNTIF(List!$K$3:$K$4806,1) -> 0 | C10: =COUNTIF(List!$K$3:$K$4806,2) -> 1 | D10: =COUNTIF(List!$K$3:$K$4806,3) -> 21 | E10: =COUNTIF(List!$K$3:$K$4806,4) -> 8 | F10: =COUNTIF(List!$K$3:$K$4806,5) -> 2 | G10: =SUM(B10:F10) -> 32
A13: Reinspection Rates
B14: Partial | C14: Full
A15: Year 2 | B15: {=(SUM(IF(List!#REF!="Partial",IF(List!#REF!="2Q01",1,0)))+SUM(IF(List!#REF!="Partial",IF(List!#REF!="2Q02",1,0)))+SUM(IF(List!#REF!="Partial",IF(List!#REF!="2Q03",1,0)))+SUM(IF(List!#REF!="Partial",IF(List!#REF!="2Q04",1,0))))/(COUNTIF(List!#REF!,"2Q01")+COUNTIF(List!#REF!,"2Q02")+COUNTIF(List!#REF!,"2Q03")+COUNTIF(List!#REF!,"2Q04"))} -> #REF! | C15: {=(SUM(IF(List!#REF!="Full",IF(List!#REF!="2Q01",1,0)))+SUM(IF(List!#REF!="Full",IF(List!#REF!="2Q02",1,0)))+SUM(IF(List!#REF!="Full",IF(List!#REF!="2Q03",1,0)))+SUM(IF(List!#REF!="Full",IF(List!#REF!="2Q04",1,0))))/(COUNTIF(List!#REF!,"2Q01")+COUNTIF(List!#REF!,"2Q02")+COUNTIF(List!#REF!,"2Q03")+COUNTIF(List!#REF!,"2Q04"))} -> #REF!
A16: Year 2 Quarter 1 | B16: {=SUM(IF(List!#REF!="Partial",IF(List!#REF!="2Q01",1,0)))/COUNTIF(List!#REF!,"2Q01")} -> #REF! | C16: {=SUM(IF(List!#REF!="Full",IF(List!#REF!="2Q01",1,0)))/COUNTIF(List!#REF!,"2Q01")} -> #REF!
A17: Year 2 Quarter 2 | B17: {=SUM(IF(List!#REF!="Partial",IF(List!#REF!="2Q02",1,0)))/COUNTIF(List!#REF!,"2Q02")} -> #REF! | C17: {=SUM(IF(List!#REF!="Full",IF(List!#REF!="2Q02",1,0)))/COUNTIF(List!#REF!,"2Q02")} -> #REF!
A18: Year 2 Quarter 3 | B18: {=SUM(IF(List!#REF!="Partial",IF(List!#REF!="2Q03",1,0)))/COUNTIF(List!#REF!,"2Q03")} -> #REF! | C18: {=SUM(IF(List!#REF!="Full",IF(List!#REF!="2Q03",1,0)))/COUNTIF(List!#REF!,"2Q03")} -> #REF!
A19: Year 2 Quarter 4 | B19: {=SUM(IF(List!#REF!="Partial",IF(List!#REF!="2Q04",1,0)))/COUNTIF(List!#REF!,"2Q04")} -> #REF! | C19: {=SUM(IF(List!#REF!="Full",IF(List!#REF!="2Q04",1,0)))/COUNTIF(List!#REF!,"2Q04")} -> #REF!
A21: Year 3 | B21: {=(SUM(IF(List!#REF!="Partial",IF(List!#REF!="3Q01",1,0)))+SUM(IF(List!#REF!="Partial",IF(List!#REF!="3Q02",1,0)))+SUM(IF(List!#REF!="Partial",IF(List!#REF!="3Q03",1,0)))+SUM(IF(List!#REF!="Partial",IF(List!#REF!="3Q04",1,0))))/(COUNTIF(List!#REF!,"3Q01")+COUNTIF(List!#REF!,"3Q02")+COUNTIF(List!#REF!,"3Q03")+COUNTIF(List!#REF!,"3Q04"))} -> #REF! | C21: {=(SUM(IF(List!#REF!="Full",IF(List!#REF!="3Q01",1,0)))+SUM(IF(List!#REF!="Full",IF(List!#REF!="3Q02",1,0)))+SUM(IF(List!#REF!="Full",IF(List!#REF!="3Q03",1,0)))+SUM(IF(List!#REF!="Full",IF(List!#REF!="3Q04",1,0))))/(COUNTIF(List!#REF!,"3Q01")+COUNTIF(List!#REF!,"3Q02")+COUNTIF(List!#REF!,"3Q03")+COUNTIF(List!#REF!,"3Q04"))} -> #REF!
A22: Year 3 Quarter 1 | B22: {=SUM(IF(List!#REF!="Partial",IF(List!#REF!="3Q01",1,0)))/COUNTIF(List!#REF!,"3Q01")} -> #REF! | C22: {=SUM(IF(List!#REF!="Full",IF(List!#REF!="3Q01",1,0)))/COUNTIF(List!#REF!,"3Q01")} -> #REF!
A23: Year 3 Quarter 2 | B23: n/a | C23: n/a
A24: Year 3 Quarter 3 | B24: {=SUM(IF(List!#REF!="Partial",IF(List!#REF!="3Q03",1,0)))/COUNTIF(List!#REF!,"3Q03")} -> #REF! | C24: {=SUM(IF(List!#REF!="Full",IF(List!#REF!="3Q03",1,0)))/COUNTIF(List!#REF!,"3Q03")} -> #REF!
A25: Year 3 Quarter 4 | B25: 0 | C25: =SUM(IF(List!#REF!="Full",IF(List!#REF!="2Q01",1,0)))/COUNTIF(List!#REF!,"2Q01") -> #REF!
A27: Overall | B27: =COUNTIF(List!#REF!,"Partial")/COUNTA(List!I3:I999) -> #REF! | C27: =COUNTIF(List!#REF!,"Full")/COUNTA(List!I3:I999) -> #REF!
