Workbook

Sheet Chart -Defoliation
B1: S5ea
B2: Forest Insects | E2: Area of Moderate to Severe Defoliation
E3: 2000 | F3: 2001
D4: Spruce budworm | E4: =SUM('Table - Defoliation 2000'!C5) -> 505376 | F4: =SUM('Table - Defoliation 2001'!C5) -> 742585
D5: Forest tent caterpillar | E5: =SUM('Table - Defoliation 2000'!C6) -> 8043660 | F5: =SUM('Table - Defoliation 2001'!C6) -> 14262340
D6: Large aspen tortrix | F6: =SUM('Table - Defoliation 2001'!C7) -> 3509317
D7: Other | E7: =SUM('Table - Defoliation 2000'!C8) -> 879523 | F7: =SUM('Table - Defoliation 2001'!C8) -> 75131
D8: Total | E8: =SUM(E4:E7) -> 9428559 | F8: =SUM(F4:F7) -> 18589373
E10: =(E4*100)/E8 -> 5.3600556 | F10: =(F4*100)/F8 -> 3.9946748
D11: Spruce budworm | E11: =E10*0.01 -> 0.053600556 | F11: =F10*0.01 -> 0.039946748
E12: =(E5*100)/E8 -> 85.311658 | F12: =(F5*100)/F8 -> 76.723083
D13: Forest tent caterpillar | E13: =E12*0.01 -> 0.85311658 | F13: =F12*0.01 -> 0.76723083
E14: =(E6*100)/E8 -> 0 | F14: =(F6*100)/F8 -> 18.878082
D15: Large aspen tortrix | E15: =E14*0.01 -> 0 | F15: =F14*0.01 -> 0.18878082
E16: =(E7*100)/E8 -> 9.3282865 | F16: =(F7*100)/F8 -> 0.40416102
D17: Other | E17: =E16*0.01 -> 0.093282865 | F17: =F16*0.01 -> 0.0040416102
D18: Total | E18: =SUM(E10,E12,E14,E16) -> 100 | F18: =SUM(F10,F12,F14,F16) -> 100
B21: Forest Insects

Sheet Table - Defoliation 2000
C1: qf4eb
B3: Aread of Moderate to Severe Defoliation by Insects, 2000
B4: Insects | C4: Hectares | E4: %
B5: Spruce budworm | C5: 505376 | D5: r | E5: =C5*100/C9 -> 5.3600556
B6: Forest tent caterpillar | C6: 8043660 | D6: r | E6: =C6*100/C9 -> 85.311658
B7: Large aspen tortrix | C7: .. | E7: ..
B8: Other | C8: 879523 | E8: =C8*100/C9 -> 9.3282865
B9: Total | C9: =SUM(C5:C8) -> 9428559 | D9: r | E9: =SUM(E5:E8) -> 100
B10: d Any forested area may be defoliated by more than one insect. Therefore, there can be considerable overlap in the reported figures. The area within which there is moderate to severe defoliation can also include roads, cultivated areas, small lakes or burned areas.
B11: Source: National Forestry Database.

Sheet Table - Defoliation 2001
C1: qf4ea | G1: com41e.htm
B3: Aread of Moderate to Severe Defoliation by Insects, 2001
B4: Insects | C4: Hectares | E4: %
B5: Spruce budworm | C5: 742585 | E5: =C5*100/C9 -> 3.9946748
B6: Forest tent caterpillar | C6: 14262340 | E6: =C6*100/C9 -> 76.723083
B7: Large aspen tortrix | C7: 3509317 | E7: =C7*100/C9 -> 18.878082
B8: Other | C8: 75131 | E8: =C8*100/C9 -> 0.40416102
B9: Total | C9: =SUM(C5:C8) -> 18589373 | E9: =SUM(E5:E8) -> 100
B10: d Any forested area may be defoliated by more than one insect. Therefore, there can be considerable overlap in the reported figures. The area within which there is moderate to severe defoliation can also include roads, cultivated areas, small lakes or burned areas.
B11: Source: National Forestry Database.

Sheet Table - Defol Prov-terr 2000
C1: qf4ed
B3: Area of Moderate to Severe Defoliation by Province/Territory, 2000
B4: Province or Territory | C4: Hectares | E4: %
B5: Quebec | C5: 1358398 | E5: =C5*100/C9 -> 14.407271
B6: Ontario | C6: 7325512 | E6: =C6*100/C9 -> 77.694927
B7: Saskatchewan | C7: 265776 | E7: =C7*100/C9 -> 2.8188401
B8: Alberta | C8: 478873 | D8: r | E8: =C8*100/C9 -> 5.0789628
B9: Total | C9: =SUM(C5:C8) -> 9428559 | D9: r | E9: =SUM(E5:E8) -> 100
B10: Source: National Forestry Database.

Sheet Table - Defol Prov-terr 2001
C1: qf4ec
B3: Area of Moderate to Severe Defoliation by Province/Territory, 2001
B4: Province or Territory | C4: Hectares | E4: %
B5: New Brunswick | C5: 760 | E5: -
B6: Quebec | C6: 1064106 | E6: =C6*100/C10 -> 5.7242705
B7: Ontario | C7: 13470052 | E7: =C7*100/C10 -> 72.461035
B8: Saskatchewan | C8: 438883 | E8: =C8*100/C10 -> 2.3609349
B9: Alberta | C9: 3615572 | E9: =C9*100/C10 -> 19.449672
B10: Total | C10: =SUM(C5:C9) -> 18589373 | E10: =SUM(E6:E9) -> 99.995912
B11: Source: National Forestry Database.

Sheet Table -  Defoliation 1990-2001
E1: qf4ee
B3: Area of Moderate to Severe Defoliation by Insects, 1990-2001 (hectares)
B4: Year | C4: Forest tent caterpillar | E4: Spruce budworm | G4: Other | I4: Total
B5: 1990 | C5: 10663870 | E5: 8542920 | G5: =I5-C5-E5 -> 1285991 | I5: 20492781
B6: 1991 | C6: 19187690 | D6: e | E6: 10199174 | G6: =I6-C6-E6 -> 4508845 | I6: 33895709 | J6: e
B7: 1992 | C7: 16266526 | E7: 10120215 | G7: =I7-C7-E7 -> 15556353 | I7: 41943094 | J7: e
B8: 1993 | C8: 999625 | E8: 9383979 | F8: r | G8: =I8-C8-E8 -> 10217394 | I8: 20600998 | J8: r
B9: 1994 | C9: 784922 | E9: 5127474 | F9: r | G9: =I9-C9-E9 -> 5702925 | I9: 11615321 | J9: r
B10: 1995 | C10: 1134810 | E10: 3881114 | G10: =I10-C10-E10 -> 7801833 | I10: 12817757
B11: 1996 | C11: 1216108 | D11: e | E11: 1207133 | F11: e | G11: =I11-C11-E11 -> 4696425 | I11: 7119666 | J11: e
B12: 1997 | C12: 1870021 | E12: 935982 | G12: =I12-C12-E12 -> 1149468 | I12: 3955471
B13: 1998 | C13: 3653017 | D13: e | E13: 898683 | F13: r | G13: =I13-C13-E13 -> 574303 | I13: 5126003 | J13: r
B14: 1999 | C14: 4331520 | E14: 802610 | F14: e | G14: =I14-C14-E14 -> 1167433 | I14: 6301563 | J14: e
B15: 2000 | C15: =SUM('Table - Defoliation 2000'!C6) -> 8043660 | E15: =SUM('Table - Defoliation 2000'!C5) -> 505376 | F15: r | G15: =SUM('Table - Defoliation 2000'!C7:C8) -> 879523 | I15: =SUM(C15,E15,G15) -> 9428559 | J15: r
B16: 2001 | C16: =SUM('Table - Defoliation 2001'!C6) -> 14262340 | E16: =SUM('Table - Defoliation 2001'!C5) -> 742585 | G16: =SUM('Table - Defoliation 2001'!C7:C8) -> 3584448 | I16: =SUM(C16,E16,G16) -> 18589373
B17: Source: National Forestry Database.
