Workbook

Sheet Sheet1
B1: Introduction to Variables, Homework Problem 7
B2: A 10 cm stick is broken into two pieces. One is placed at a right angle to form an upside down "T" shape. By attaching wires from the ends of the base to the end of the upright piece, a framework for the sail will be formed.
C7: BASE | D7: HEIGHT | E7: AREA
A8: 0 | C8: =IF(Sheet2!$A$2>=A8,A8," ") -> 0 | D8: =IF(Sheet2!$A$2>=A8,10-C8," ") -> 10 | E8: =IF(Sheet2!$A$2>=A8,0.5*C8*D8," ") -> 0
A9: 1 | C9: =IF(Sheet2!$A$2>=A9,A9," ") | D9: =IF(Sheet2!$A$2>=A9,10-C9," ") | E9: =IF(Sheet2!$A$2>=A9,0.5*C9*D9," ")
A10: 2 | C10: =IF(Sheet2!$A$2>=A10,A10," ") | D10: =IF(Sheet2!$A$2>=A10,10-C10," ") | E10: =IF(Sheet2!$A$2>=A10,0.5*C10*D10," ")
A11: 3 | C11: =IF(Sheet2!$A$2>=A11,A11," ") | D11: =IF(Sheet2!$A$2>=A11,10-C11," ") | E11: =IF(Sheet2!$A$2>=A11,0.5*C11*D11," ")
A12: 4 | C12: =IF(Sheet2!$A$2>=A12,A12," ") | D12: =IF(Sheet2!$A$2>=A12,10-C12," ") | E12: =IF(Sheet2!$A$2>=A12,0.5*C12*D12," ")
A13: 5 | C13: =IF(Sheet2!$A$2>=A13,A13," ") | D13: =IF(Sheet2!$A$2>=A13,10-C13," ") | E13: =IF(Sheet2!$A$2>=A13,0.5*C13*D13," ")
A14: 6 | C14: =IF(Sheet2!$A$2>=A14,A14," ") | D14: =IF(Sheet2!$A$2>=A14,10-C14," ") | E14: =IF(Sheet2!$A$2>=A14,0.5*C14*D14," ")
A15: 7 | C15: =IF(Sheet2!$A$2>=A15,A15," ") | D15: =IF(Sheet2!$A$2>=A15,10-C15," ") | E15: =IF(Sheet2!$A$2>=A15,0.5*C15*D15," ")
A16: 8 | C16: =IF(Sheet2!$A$2>=A16,A16," ") | D16: =IF(Sheet2!$A$2>=A16,10-C16," ") | E16: =IF(Sheet2!$A$2>=A16,0.5*C16*D16," ")
A17: 9 | C17: =IF(Sheet2!$A$2>=A17,A17," ") | D17: =IF(Sheet2!$A$2>=A17,10-C17," ") | E17: =IF(Sheet2!$A$2>=A17,0.5*C17*D17," ")
A18: 10 | C18: =IF(Sheet2!$A$2>=A18,A18," ") | D18: =IF(Sheet2!$A$2>=A18,10-C18," ") | E18: =IF(Sheet2!$A$2>=A18,0.5*C18*D18," ")
A19: 11
A20: 12

Sheet Sheet2
A1: b | B1: h
A2: 0 | B2: =10-A2 -> 10
A5: =-A2/2 -> 0 | B5: 0
A6: =A2/2 -> 0 | B6: 0
A7: 0 | C7: 0
A8: 0 | C8: =B2 -> 10
A9: =A5 -> 0 | D9: 0
A10: 0 | D10: =C8 -> 10
A11: =A6 -> 0 | E11: 0
A12: 0 | E12: =C8 -> 10

Sheet Sheet3
