Workbook

Sheet Category Totals By Quarter
B2: TOTALS BY QUARTER
B4: TERM | C4: FE College of Ag | D4: Other Faculty Evaluations | E4: Grades | F4: Testing | G4: ASI Elections | H4: Misc. | I4: OUARTER TOTAL
B5: 981 | C5: 684 | D5: 25918 | E5: 3482 | F5: 2082 | H5: N/A | I5: =SUM(C5:H5) -> 32166
B6: 982 | C6: 635 | D6: 23902 | E6: 3318 | F6: 4794 | G6: 4691 | H6: N/A | I6: =SUM(C6:H6) -> 37340
B7: 983 | C7: 40 | D7: 2489 | E7: 603 | F7: 368 | H7: N/A | I7: =SUM(C7:H7) -> 3500
B8: 984 | C8: 881 | D8: 28137 | E8: 3557 | F8: 5730 | H8: N/A | I8: =SUM(C8:H8) -> 38305
B9: 991 | C9: 744 | D9: 28860 | E9: 3611 | F9: 3586 | H9: 2127 | I9: =SUM(C9:H9) -> 38928
B10: 992 | C10: 5873 | D10: 26326 | E10: 3570 | F10: 3362 | G10: 4147 | H10: 1589 | I10: =SUM(C10:H10) -> 44867
B11: 993 | C11: 65 | D11: 3000 | E11: 644 | F11: 400 | H11: 1379 | I11: =SUM(C11:H11) -> 5488
B12: 994 | C12: 5408 | D12: 35495 | E12: 3612 | F12: 5556 | H12: 1194 | I12: =SUM(C12:H12) -> 51265
B13: 001 | C13: 345 | D13: 32763 | E13: 3542 | F13: 6346 | H13: 3898 | I13: =SUM(C13:H13) -> 46894
B14: 002 | C14: 564 | D14: 26179 | E14: 3596 | F14: 3855 | G14: 4277 | H14: 1701 | I14: =SUM(C14:H14) -> 40172
B15: 003 | C15: 23 | D15: 3465 | E15: 607 | F15: 524 | H15: 305 | I15: =SUM(C15:H15) -> 4924
B16: 004 | C16: 1496 | D16: 34618 | E16: 3638 | F16: 4312 | H16: 861 | I16: =SUM(C16:H16) -> 44925
B17: 011 | C17: 5408 | D17: 32092 | E17: 2028 | F17: 2555 | H17: 1007 | I17: =SUM(C17:H17) -> 43090
B18: 012 | C18: 1933 | D18: 26040 | E18: 3263 | F18: 3508 | G18: 6817 | H18: 1090 | I18: =SUM(C18:H18) -> 42651
B19: 013 | C19: 19 | D19: 3082 | E19: 597 | F19: 403 | H19: 208 | I19: =SUM(C19:H19) -> 4309
B20: 014 | C20: 1914 | D20: 33004 | E20: 3863 | F20: 3954 | H20: 794 | I20: =SUM(C20:H20) -> 43529
B21: 021 | C21: 1008 | D21: 33664 | E21: 3308 | F21: 2503 | H21: 751 | I21: =SUM(C21:H21) -> 40226
B22: 022 | G22: 5878 | I22: =SUM(C22:H22) -> 5878
B23: 023 | I23: =SUM(C23:H23) -> 0
B24: 024 | I24: =SUM(C24:H24) -> 0
B25: TOTAL: | C25: =SUM(C5:C24) -> 26032 | D25: =SUM(D5:D24) -> 399034 | E25: =SUM(E5:E24) -> 46839 | F25: =SUM(F5:F24) -> 53838 | G25: =SUM(G5:G24) -> 25810 | H25: =SUM(H5:H24) -> 16904 | I25: =SUM(I5:I24) -> 568457

Sheet Total
B1: Totals by Quarter - Scanning
B4: QUARTER | C4: TERM | D4: # Scanned | F4: TOTAL
B5: Winter 1998 | C5: 981 | D5: ='Category Totals By Quarter'!I5 -> 32166 | F5: =SUM(D5:D24) -> 568457
B6: Spring 1998 | C6: 982 | D6: ='Category Totals By Quarter'!I6 -> 37340
B7: Summer 1998 | C7: 983 | D7: ='Category Totals By Quarter'!I7 -> 3500
B8: Fall 1998 | C8: 984 | D8: ='Category Totals By Quarter'!I8 -> 38305
B9: Winter 1999 | C9: 991 | D9: ='Category Totals By Quarter'!I9 -> 38928
B10: Spring 1999 | C10: 992 | D10: ='Category Totals By Quarter'!I10 -> 44867
B11: Summer 1999 | C11: 993 | D11: ='Category Totals By Quarter'!I11 -> 5488
B12: Fall 1999 | C12: 994 | D12: ='Category Totals By Quarter'!I12 -> 51265
B13: Winter 2000 | C13: 001 | D13: ='Category Totals By Quarter'!I13 -> 46894
B14: Spring 2000 | C14: 002 | D14: ='Category Totals By Quarter'!I14 -> 40172
B15: Summer 2000 | C15: 003 | D15: ='Category Totals By Quarter'!I15 -> 4924
B16: Fall 2000 | C16: 004 | D16: ='Category Totals By Quarter'!I16 -> 44925
B17: Winter 2001 | C17: 011 | D17: ='Category Totals By Quarter'!I17 -> 43090
B18: Spring 2001 | C18: 012 | D18: ='Category Totals By Quarter'!I18 -> 42651
B19: Summer 2001 | C19: 013 | D19: ='Category Totals By Quarter'!I19 -> 4309
B20: Fall 2001 | C20: 014 | D20: ='Category Totals By Quarter'!I20 -> 43529
B21: Winter 2002 | C21: 021 | D21: ='Category Totals By Quarter'!I21 -> 40226
B22: Spring 2002 | C22: 022 | D22: ='Category Totals By Quarter'!I22 -> 5878
B23: Summer 2002 | C23: 023 | D23: ='Category Totals By Quarter'!I23 -> 0
B24: Fall 2002 | C24: 024 | D24: ='Category Totals By Quarter'!I24 -> 0
B30: Faculty Evaluation Totals | D30: =SUM('Fac. Eval. Hours'!E6:E25) -> 426074
B31: Miscellaneous Totals | D31: =SUM(Misc!C5:C23) -> 17251
B32: Financial Aid | D32: =SUM('Fin. Aid'!C5:C23) -> 21895
B33: ASI Elections | D33: =SUM('ASI Elections'!C5:C13) -> 22810
B34: Grades | D34: =SUM(Grades!C5:C24) -> 46839
B35: Exams | D35: =SUM(Test!C5:C24) -> 53838
B36: ASQ's | D36: =SUM(ASQ!C5:C24) -> 18099

Sheet Fac Eval
B1: Faculty Evaluations - Scanning
B4: TERM | C4: College of Ag | D4: Other Colleges | F4: TOTALS
B5: 981 | C5: 684 | D5: 25918
B6: 982 | C6: 635 | D6: 23902 | F6: College of Ag
B7: 983 | C7: 40 | D7: 2489 | F7: =SUM(C5:C26) -> 27040
B8: 984 | C8: 881 | D8: 28137
B9: 991 | C9: 744 | D9: 28860 | F9: Other Colleges
B10: 992 | C10: 5873 | D10: 26326 | F10: =SUM(D5:D26) -> 399034
B11: 993 | C11: 65 | D11: 3000
B12: 994 | C12: 5408 | D12: 35495 | F12: University Total
B13: 001 | C13: 345 | D13: 32763 | F13: =SUM(C5:D26) -> 426074
B14: 002 | C14: 564 | D14: 26179
B15: 003 | C15: 23 | D15: 3465
B16: 004 | C16: 1496 | D16: 34618
B17: 011 | C17: 5408 | D17: 32092
B18: 012 | C18: 1933 | D18: 26040
B19: 013 | C19: 19 | D19: 3082
B20: 014 | C20: 1914 | D20: 33004
B21: 021 | C21: 1008 | D21: 33664
B22: 022
B23: 023
B24: 024

Sheet Grades
A1: Grades - Scanning
B4: TERM | C4: # Scanned | E4: TOTAL
B5: 981 | C5: 3482 | E5: =SUM(C5:C24) -> 46839
B6: 982 | C6: 3318
B7: 983 | C7: 603
B8: 984 | C8: 3557
B9: 991 | C9: 3611
B10: 992 | C10: 3570
B11: 993 | C11: 644
B12: 994 | C12: 3612
B13: 001 | C13: 3542
B14: 002 | C14: 3596
B15: 003 | C15: 607
B16: 004 | C16: 3638
B17: 011 | C17: 2028
B18: 012 | C18: 3263
B19: 013 | C19: 597
B20: 014 | C20: 3863
B21: 021 | C21: 3308
B22: 022
B23: 023
B24: 024

Sheet Test
A1: Test - Scanning
B4: TERM | C4: # Scanned | E4: TOTAL
B5: 981 | C5: 2082 | E5: =SUM(C5:C24) -> 53838
B6: 982 | C6: 4794
B7: 983 | C7: 368
B8: 984 | C8: 5730
B9: 991 | C9: 3586
B10: 992 | C10: 3362
B11: 993 | C11: 400
B12: 994 | C12: 5556
B13: 001 | C13: 6346
B14: 002 | C14: 3855
B15: 003 | C15: 524
B16: 004 | C16: 4312
B17: 011 | C17: 2555
B18: 012 | C18: 3508
B19: 013 | C19: 403
B20: 014 | C20: 3954
B21: 021 | C21: 2503
B22: 022
B23: 023
B24: 024

Sheet Misc
A1: Misc - Scanning
B4: TERM | C4: # Scanned | E4: TOTAL
B5: 991 | C5: 2127 | E5: =SUM(C5:C23) -> 17251
B6: 992 | C6: 1589
B7: 993 | C7: 1379
B8: 994 | C8: 1194
B9: 001 | C9: 3898
B10: 002 | C10: 1701
B11: 003 | C11: 305
B12: 004 | C12: 861
B13: 011 | C13: 1007
B14: 012 | C14: 1090
B15: 013 | C15: 208
B16: 014 | C16: 794
B17: 021 | C17: 751
B18: 022 | C18: 347
B19: 023
B20: 024

Sheet Fin. Aid
A1: Financial Aid - Scanning
B4: TERM | C4: # Scanned | E4: TOTAL
B5: 981 | C5: 1536 | E5: =SUM(C5:C23) -> 21895
B6: 982 | C6: 4313
B7: 983 | C7: 2708
B8: 984 | C8: 955
B9: 991 | C9: 2538
B10: 992 | C10: 4501
B11: 993 | C11: 1803
B12: 994 | C12: 1086
B13: 001 | C13: 2455
B14: 002
B15: 003
B16: 004
B17: 011
B18: 012
B19: 013
B20: 014
B21: 021

Sheet ASI Elections
A1: ASI Elections - Scanning
B4: Year | C4: # Scanned | E4: TOTAL
B5: 1998 | C5: 4691 | E5: =SUM(C5:C23) -> 22810
B6: 1999 | C6: 1147
B7: 2000 | C7: 4277
B8: 2001 | C8: 6817
B9: 2002 | C9: 5878
B10: 2003
B11: 2004
B12: 2005
B13: 2006

Sheet ASQ
A1: ASQ - Scanning
B4: TERM | C4: # Scanned | E4: TOTAL
B5: 981 | C5: 3286 | E5: =SUM(C5:C24) -> 18099
B6: 982 | C6: 587
B7: 983 | C7: 43
B8: 984 | C8: 323
B9: 991 | C9: 6202
B10: 992 | C10: 269
B11: 993 | C11: 15
B12: 994 | C12: 311
B13: 001 | C13: 5975
B14: 002 | C14: 50
B15: 003 | C15: 85
B16: 004 | C16: 953
B17: 011
B18: 012
B19: 013
B20: 014
B21: 021
B22: 022
B23: 023
B24: 024

Sheet Fac. Eval. Hours
A2: Faculty Evaluations - Scanning
B5: TERM | C5: College of Ag | D5: Other Colleges | E5: College Total | F5: Hours
B6: 981 | C6: 684 | D6: 25918 | E6: =SUM(C6:D6) -> 26602 | F6: 27
B7: 982 | C7: 635 | D7: 23902 | E7: =SUM(C7:D7) -> 24537 | F7: 25
B8: 983 | C8: 40 | D8: 2489 | E8: =SUM(C8:D8) -> 2529 | F8: 3
B9: 984 | C9: 881 | D9: 28137 | E9: =SUM(C9:D9) -> 29018 | F9: 29
B10: 991 | C10: 744 | D10: 28860 | E10: =SUM(C10:D10) -> 29604 | F10: 30
B11: 992 | C11: 5873 | D11: 26326 | E11: =SUM(C11:D11) -> 32199 | F11: 32
B12: 993 | C12: 65 | D12: 3000 | E12: =SUM(C12:D12) -> 3065 | F12: 3
B13: 994 | C13: 5408 | D13: 35495 | E13: =SUM(C13:D13) -> 40903 | F13: 41
B14: 001 | C14: 345 | D14: 32763 | E14: =SUM(C14:D14) -> 33108 | F14: 33
B15: 002 | C15: 564 | D15: 26179 | E15: =SUM(C15:D15) -> 26743 | F15: 27
B16: 003 | C16: 23 | D16: 3465 | E16: =SUM(C16:D16) -> 3488 | F16: 3
B17: 004 | C17: 1496 | D17: 34618 | E17: =SUM(C17:D17) -> 36114 | F17: 36
B18: 011 | C18: 5408 | D18: 32092 | E18: =SUM(C18:D18) -> 37500 | F18: 38
B19: 012 | C19: 1933 | D19: 26040 | E19: =SUM(C19:D19) -> 27973 | F19: 28
B20: 013 | C20: 19 | D20: 3082 | E20: =SUM(C20:D20) -> 3101 | F20: 3
B21: 014 | C21: 1914 | D21: 33004 | E21: =SUM(C21:D21) -> 34918 | F21: 35
B22: 021 | C22: 1008 | D22: 33664 | E22: =SUM(C22:D22) -> 34672 | F22: 34
B23: 022
B24: 023
B25: 024
D28: TERM | E28: HOURS | F28: Estimated Cost*
D29: 004 | E29: 56 | F29: 1620
D30: 011 | E30: 57 | F30: 1640
D31: 012 | E31: 42 | F31: 1340
D32: 013 | E32: 5 | F32: 600
D33: 014 | E33: 53 | F33: 1560
D34: 021
