Workbook

Sheet Totals
C1: WA 1 | D1: WA 2 | E1: WA 3 | F1: WA 4 | G1: Midterm Portfolio | H1: Early Warning | I1: Midterm | J1: HW & Quizzes | K1: Part. | L1: Attend. MWF | M1: WA 5 | N1: WA 6 | O1: Teacher's Recommed. | P1: Portfolio | Q1: Final Grade
B2: Early Warning | C2: =((1-SUM($J$5:$L$5)-SUM($C$5:$F$5))/4)+C$5 -> 0.175 | D2: =((1-SUM($J$5:$L$5)-SUM($C$5:$F$5))/4)+D$5 -> 0.175 | E2: =((1-SUM($J$5:$L$5)-SUM($C$5:$F$5))/4)+E$5 -> 0.175 | F2: =((1-SUM($J$5:$L$5)-SUM($C$5:$F$5))/4)+F$5 -> 0.175 | H2: =SUM($C2:$F2,$J2:$L2) -> 1 | J2: 0.1 | K2: 0.1 | L2: 0.1
B3: Midterm | C3: =((1-SUM($G$3,$J$3:$L$3)-SUM($C$5:$F$5))/4)+C$5 -> 0.1 | D3: =((1-SUM($G$3,$J$3:$L$3)-SUM($C$5:$F$5))/4)+D$5 -> 0.1 | E3: =((1-SUM($G$3,$J$3:$L$3)-SUM($C$5:$F$5))/4)+E$5 -> 0.1 | F3: =((1-SUM($G$3,$J$3:$L$3)-SUM($C$5:$F$5))/4)+F$5 -> 0.1 | G3: 0.3 | I3: =SUM(C3:F3,G3,J3:L3) -> 1 | J3: 0.1 | K3: 0.1 | L3: 0.1
B4: Teacher's Rec. | C4: =((1-SUM($J$4:$L$4)-SUM($C$5:$F$5)-SUM($M$5:$N$5))/6)+C$5 -> 0.1 | D4: =((1-SUM($J$4:$L$4)-SUM($C$5:$F$5)-SUM($M$5:$N$5))/6)+D$5 -> 0.1 | E4: =((1-SUM($J$4:$L$4)-SUM($C$5:$F$5)-SUM($M$5:$N$5))/6)+E$5 -> 0.1 | F4: =((1-SUM($J$4:$L$4)-SUM($C$5:$F$5)-SUM($M$5:$N$5))/6)+F$5 -> 0.1 | J4: 0.1 | K4: 0.1 | L4: 0.1 | M4: =((1-SUM($J$4:$L$4)-SUM($C$5:$F$5)-SUM($M$5:$N$5))/6)+M$5 -> 0.15 | N4: =((1-SUM($J$4:$L$4)-SUM($C$5:$F$5)-SUM($M$5:$N$5))/6)+N$5 -> 0.15 | O4: =SUM(C4:F4,J4:N4) -> 1
B5: Final | C5: 0.05 | D5: 0.05 | E5: 0.05 | F5: 0.05 | J5: 0.1 | K5: 0.1 | L5: 0.1 | M5: 0.1 | N5: 0.1 | O5: =SUM(C5:F5,J5:N5) -> 0.7 | P5: 0.3 | Q5: =SUM(C5:F5,J5:N5,P5) -> 1
B6: Name
A7: 1 | B7: Johnnie | C7: 75 | D7: 75 | E7: 75 | F7: 75 | G7: 75 | H7: =(C7*C$2)+(D7*D$2)+(E7*E$2)+(F7*F$2)+(J7*J$2)+(K7*K$2)+(L7*L$2) -> 60.5 | I7: =(C7*C$3)+(D7*D$3)+(E7*E$3)+(F7*F$3)++(G7*G$3)+(J7*J$3)+(K7*K$3)+(L7*L$3) -> 60.5 | J7: =Homework!W5 -> 0 | K7: =Participation!Q5 -> 0 | L7: =Attendance!S6 -> 80 | M7: 75 | N7: 75 | O7: =(C7*C$4)+(D7*D$4)+(E7*E$4)+(F7*F$4)+(M7*M$4)+(N7*N$4)+(J7*J$4)+(K7*K$4)+(L7*K$4) -> 60.5 | Q7: =(C7*C$5)+(D7*D$5)+(E7*E$5)+(F7*F$5)+(P7*P$5)+(J7*J$5)+(K7*K$5)+(L7*L$5)+(M7*M$5)+(N7*N$5) -> 38
A8: 2 | B8: Suzie | C8: 75 | D8: 75 | E8: 75 | F8: 75 | G8: 75 | H8: =(C8*C$2)+(D8*D$2)+(E8*E$2)+(F8*F$2)+(J8*J$2)+(K8*K$2)+(L8*L$2) -> 60 | I8: =(C8*C$3)+(D8*D$3)+(E8*E$3)+(F8*F$3)++(G8*G$3)+(J8*J$3)+(K8*K$3)+(L8*L$3) -> 60 | J8: =Homework!W6 -> 75 | K8: =Participation!Q6 -> 0 | L8: =Attendance!S7 -> 0 | M8: 85 | N8: 85 | O8: =(C8*C$4)+(D8*D$4)+(E8*E$4)+(F8*F$4)+(M8*M$4)+(N8*N$4)+(J8*J$4)+(K8*K$4)+(L8*K$4) -> 63 | P8: 70 | Q8: =(C8*C$5)+(D8*D$5)+(E8*E$5)+(F8*F$5)+(P8*P$5)+(J8*J$5)+(K8*K$5)+(L8*L$5)+(M8*M$5)+(N8*N$5) -> 60.5
A9: 3 | B9: Willie | C9: 65 | D9: 65 | E9: 65 | F9: 65 | H9: =(C9*C$2)+(D9*D$2)+(E9*E$2)+(F9*F$2)+(J9*J$2)+(K9*K$2)+(L9*L$2) -> 52.5 | I9: =(C9*C$3)+(D9*D$3)+(E9*E$3)+(F9*F$3)++(G9*G$3)+(J9*J$3)+(K9*K$3)+(L9*L$3) -> 33 | J9: =Homework!W7 -> 0 | K9: =Participation!Q7 -> 0 | L9: =Attendance!S8 -> 70 | M9: 65 | N9: 55 | O9: =(C9*C$4)+(D9*D$4)+(E9*E$4)+(F9*F$4)+(M9*M$4)+(N9*N$4)+(J9*J$4)+(K9*K$4)+(L9*K$4) -> 51 | Q9: =(C9*C$5)+(D9*D$5)+(E9*E$5)+(F9*F$5)+(P9*P$5)+(J9*J$5)+(K9*K$5)+(L9*L$5)+(M9*M$5)+(N9*N$5) -> 32
A10: 4 | B10: Mary | C10: 75 | D10: 75 | E10: 75 | F10: 75 | H10: =(C10*C$2)+(D10*D$2)+(E10*E$2)+(F10*F$2)+(J10*J$2)+(K10*K$2)+(L10*L$2) -> 60.5 | I10: =(C10*C$3)+(D10*D$3)+(E10*E$3)+(F10*F$3)++(G10*G$3)+(J10*J$3)+(K10*K$3)+(L10*L$3) -> 38 | J10: =Homework!W8 -> 0 | K10: =Participation!Q8 -> 0 | L10: =Attendance!S9 -> 80 | M10: 75 | N10: 75 | O10: =(C10*C$4)+(D10*D$4)+(E10*E$4)+(F10*F$4)+(M10*M$4)+(N10*N$4)+(J10*J$4)+(K10*K$4)+(L10*K$4) -> 60.5 | Q10: =(C10*C$5)+(D10*D$5)+(E10*E$5)+(F10*F$5)+(P10*P$5)+(J10*J$5)+(K10*K$5)+(L10*L$5)+(M10*M$5)+(N10*N$5) -> 38
A11: 5 | B11: Teddy | C11: 75 | D11: 75 | E11: 75 | F11: 75 | H11: =(C11*C$2)+(D11*D$2)+(E11*E$2)+(F11*F$2)+(J11*J$2)+(K11*K$2)+(L11*L$2) -> 60 | I11: =(C11*C$3)+(D11*D$3)+(E11*E$3)+(F11*F$3)++(G11*G$3)+(J11*J$3)+(K11*K$3)+(L11*L$3) -> 37.5 | J11: =Homework!W9 -> 0 | K11: =Participation!Q9 -> 0 | L11: =Attendance!S10 -> 75 | M11: 75 | N11: 75 | O11: =(C11*C$4)+(D11*D$4)+(E11*E$4)+(F11*F$4)+(M11*M$4)+(N11*N$4)+(J11*J$4)+(K11*K$4)+(L11*K$4) -> 60 | Q11: =(C11*C$5)+(D11*D$5)+(E11*E$5)+(F11*F$5)+(P11*P$5)+(J11*J$5)+(K11*K$5)+(L11*L$5)+(M11*M$5)+(N11*N$5) -> 37.5
A12: 6 | B12: Judy | C12: 75 | D12: 75 | E12: 75 | F12: 75 | H12: =(C12*C$2)+(D12*D$2)+(E12*E$2)+(F12*F$2)+(J12*J$2)+(K12*K$2)+(L12*L$2) -> 59.5 | I12: =(C12*C$3)+(D12*D$3)+(E12*E$3)+(F12*F$3)++(G12*G$3)+(J12*J$3)+(K12*K$3)+(L12*L$3) -> 37 | J12: =Homework!W10 -> 0 | K12: =Participation!Q10 -> 0 | L12: =Attendance!S11 -> 70 | M12: 75 | N12: 75 | O12: =(C12*C$4)+(D12*D$4)+(E12*E$4)+(F12*F$4)+(M12*M$4)+(N12*N$4)+(J12*J$4)+(K12*K$4)+(L12*K$4) -> 59.5 | Q12: =(C12*C$5)+(D12*D$5)+(E12*E$5)+(F12*F$5)+(P12*P$5)+(J12*J$5)+(K12*K$5)+(L12*L$5)+(M12*M$5)+(N12*N$5) -> 37
A13: 7 | B13: Fred | C13: 75 | D13: 75 | E13: 75 | F13: 75 | G13: 75 | H13: =(C13*C$2)+(D13*D$2)+(E13*E$2)+(F13*F$2)+(J13*J$2)+(K13*K$2)+(L13*L$2) -> 52.5 | I13: =(C13*C$3)+(D13*D$3)+(E13*E$3)+(F13*F$3)++(G13*G$3)+(J13*J$3)+(K13*K$3)+(L13*L$3) -> 52.5 | J13: =Homework!W11 -> 0 | K13: =Participation!Q11 -> 0 | L13: =Attendance!S12 -> 0 | M13: 75 | N13: 75 | O13: =(C13*C$4)+(D13*D$4)+(E13*E$4)+(F13*F$4)+(M13*M$4)+(N13*N$4)+(J13*J$4)+(K13*K$4)+(L13*K$4) -> 52.5 | P13: 70 | Q13: =(C13*C$5)+(D13*D$5)+(E13*E$5)+(F13*F$5)+(P13*P$5)+(J13*J$5)+(K13*K$5)+(L13*L$5)+(M13*M$5)+(N13*N$5) -> 51
A14: 8 | B14: Tom | C14: 75 | D14: 85 | E14: 85 | F14: 85 | H14: =(C14*C$2)+(D14*D$2)+(E14*E$2)+(F14*F$2)+(J14*J$2)+(K14*K$2)+(L14*L$2) -> 74.75 | I14: =(C14*C$3)+(D14*D$3)+(E14*E$3)+(F14*F$3)++(G14*G$3)+(J14*J$3)+(K14*K$3)+(L14*L$3) -> 50 | J14: 75 | K14: 95 | L14: =Attendance!S13 -> 0 | M14: 85 | N14: 85 | O14: =(C14*C$4)+(D14*D$4)+(E14*E$4)+(F14*F$4)+(M14*M$4)+(N14*N$4)+(J14*J$4)+(K14*K$4)+(L14*K$4) -> 75.5 | Q14: =(C14*C$5)+(D14*D$5)+(E14*E$5)+(F14*F$5)+(P14*P$5)+(J14*J$5)+(K14*K$5)+(L14*L$5)+(M14*M$5)+(N14*N$5) -> 50.5
A15: 9 | B15: Dick | C15: 75 | D15: 75 | E15: 75 | F15: 75 | H15: =(C15*C$2)+(D15*D$2)+(E15*E$2)+(F15*F$2)+(J15*J$2)+(K15*K$2)+(L15*L$2) -> 52.5 | I15: =(C15*C$3)+(D15*D$3)+(E15*E$3)+(F15*F$3)++(G15*G$3)+(J15*J$3)+(K15*K$3)+(L15*L$3) -> 30 | J15: =Homework!W13 -> 0 | K15: =Participation!Q13 -> 0 | L15: =Attendance!S14 -> 0 | M15: 75 | N15: 75 | O15: =(C15*C$4)+(D15*D$4)+(E15*E$4)+(F15*F$4)+(M15*M$4)+(N15*N$4)+(J15*J$4)+(K15*K$4)+(L15*K$4) -> 52.5 | Q15: =(C15*C$5)+(D15*D$5)+(E15*E$5)+(F15*F$5)+(P15*P$5)+(J15*J$5)+(K15*K$5)+(L15*L$5)+(M15*M$5)+(N15*N$5) -> 30
A16: 10 | B16: Harry | C16: 85 | D16: 85 | E16: 75 | F16: 75 | H16: =(C16*C$2)+(D16*D$2)+(E16*E$2)+(F16*F$2)+(J16*J$2)+(K16*K$2)+(L16*L$2) -> 56 | I16: =(C16*C$3)+(D16*D$3)+(E16*E$3)+(F16*F$3)++(G16*G$3)+(J16*J$3)+(K16*K$3)+(L16*L$3) -> 32 | J16: =Homework!W14 -> 0 | K16: =Participation!Q14 -> 0 | L16: =Attendance!S15 -> 0 | M16: 80 | N16: 75 | O16: =(C16*C$4)+(D16*D$4)+(E16*E$4)+(F16*F$4)+(M16*M$4)+(N16*N$4)+(J16*J$4)+(K16*K$4)+(L16*K$4) -> 55.25 | Q16: =(C16*C$5)+(D16*D$5)+(E16*E$5)+(F16*F$5)+(P16*P$5)+(J16*J$5)+(K16*K$5)+(L16*L$5)+(M16*M$5)+(N16*N$5) -> 31.5
A17: 11 | B17: Sophie | H17: =(C17*C$2)+(D17*D$2)+(E17*E$2)+(F17*F$2)+(J17*J$2)+(K17*K$2)+(L17*L$2) -> 10 | I17: =(C17*C$3)+(D17*D$3)+(E17*E$3)+(F17*F$3)++(G17*G$3)+(J17*J$3)+(K17*K$3)+(L17*L$3) -> 10 | J17: =Homework!W15 -> 0 | K17: =Participation!Q15 -> 0 | L17: =Attendance!S16 -> 100 | O17: =(C17*C$4)+(D17*D$4)+(E17*E$4)+(F17*F$4)+(M17*M$4)+(N17*N$4)+(J17*J$4)+(K17*K$4)+(L17*K$4) -> 10 | Q17: =(C17*C$5)+(D17*D$5)+(E17*E$5)+(F17*F$5)+(P17*P$5)+(J17*J$5)+(K17*K$5)+(L17*L$5)+(M17*M$5)+(N17*N$5) -> 10
A18: 12 | H18: =(C18*C$2)+(D18*D$2)+(E18*E$2)+(F18*F$2)+(J18*J$2)+(K18*K$2)+(L18*L$2) -> 10 | I18: =(C18*C$3)+(D18*D$3)+(E18*E$3)+(F18*F$3)++(G18*G$3)+(J18*J$3)+(K18*K$3)+(L18*L$3) -> 10 | J18: =Homework!W16 -> 0 | K18: =Participation!Q16 -> 0 | L18: =Attendance!S17 -> 100 | O18: =(C18*C$4)+(D18*D$4)+(E18*E$4)+(F18*F$4)+(M18*M$4)+(N18*N$4)+(J18*J$4)+(K18*K$4)+(L18*K$4) -> 10 | Q18: =(C18*C$5)+(D18*D$5)+(E18*E$5)+(F18*F$5)+(P18*P$5)+(J18*J$5)+(K18*K$5)+(L18*L$5)+(M18*M$5)+(N18*N$5) -> 10
A19: 13 | H19: =(C19*C$2)+(D19*D$2)+(E19*E$2)+(F19*F$2)+(J19*J$2)+(K19*K$2)+(L19*L$2) -> 10 | I19: =(C19*C$3)+(D19*D$3)+(E19*E$3)+(F19*F$3)++(G19*G$3)+(J19*J$3)+(K19*K$3)+(L19*L$3) -> 10 | J19: =Homework!W17 -> 0 | K19: =Participation!Q17 -> 0 | L19: =Attendance!S18 -> 100 | O19: =(C19*C$4)+(D19*D$4)+(E19*E$4)+(F19*F$4)+(M19*M$4)+(N19*N$4)+(J19*J$4)+(K19*K$4)+(L19*K$4) -> 10 | Q19: =(C19*C$5)+(D19*D$5)+(E19*E$5)+(F19*F$5)+(P19*P$5)+(J19*J$5)+(K19*K$5)+(L19*L$5)+(M19*M$5)+(N19*N$5) -> 10
A20: 14 | H20: =(C20*C$2)+(D20*D$2)+(E20*E$2)+(F20*F$2)+(J20*J$2)+(K20*K$2)+(L20*L$2) -> 10 | I20: =(C20*C$3)+(D20*D$3)+(E20*E$3)+(F20*F$3)++(G20*G$3)+(J20*J$3)+(K20*K$3)+(L20*L$3) -> 10 | J20: =Homework!W18 -> 0 | K20: =Participation!Q18 -> 0 | L20: =Attendance!S19 -> 100 | O20: =(C20*C$4)+(D20*D$4)+(E20*E$4)+(F20*F$4)+(M20*M$4)+(N20*N$4)+(J20*J$4)+(K20*K$4)+(L20*K$4) -> 10 | Q20: =(C20*C$5)+(D20*D$5)+(E20*E$5)+(F20*F$5)+(P20*P$5)+(J20*J$5)+(K20*K$5)+(L20*L$5)+(M20*M$5)+(N20*N$5) -> 10
A21: 15 | H21: =(C21*C$2)+(D21*D$2)+(E21*E$2)+(F21*F$2)+(J21*J$2)+(K21*K$2)+(L21*L$2) -> 10 | I21: =(C21*C$3)+(D21*D$3)+(E21*E$3)+(F21*F$3)++(G21*G$3)+(J21*J$3)+(K21*K$3)+(L21*L$3) -> 10 | J21: =Homework!W19 -> 0 | K21: =Participation!Q19 -> 0 | L21: =Attendance!S20 -> 100 | O21: =(C21*C$4)+(D21*D$4)+(E21*E$4)+(F21*F$4)+(M21*M$4)+(N21*N$4)+(J21*J$4)+(K21*K$4)+(L21*K$4) -> 10 | Q21: =(C21*C$5)+(D21*D$5)+(E21*E$5)+(F21*F$5)+(P21*P$5)+(J21*J$5)+(K21*K$5)+(L21*L$5)+(M21*M$5)+(N21*N$5) -> 10
A22: 16 | H22: =(C22*C$2)+(D22*D$2)+(E22*E$2)+(F22*F$2)+(J22*J$2)+(K22*K$2)+(L22*L$2) -> 10 | I22: =(C22*C$3)+(D22*D$3)+(E22*E$3)+(F22*F$3)++(G22*G$3)+(J22*J$3)+(K22*K$3)+(L22*L$3) -> 10 | J22: =Homework!W20 -> 0 | K22: =Participation!Q20 -> 0 | L22: =Attendance!S21 -> 100 | O22: =(C22*C$4)+(D22*D$4)+(E22*E$4)+(F22*F$4)+(M22*M$4)+(N22*N$4)+(J22*J$4)+(K22*K$4)+(L22*K$4) -> 10 | Q22: =(C22*C$5)+(D22*D$5)+(E22*E$5)+(F22*F$5)+(P22*P$5)+(J22*J$5)+(K22*K$5)+(L22*L$5)+(M22*M$5)+(N22*N$5) -> 10
A23: 17 | H23: =(C23*C$2)+(D23*D$2)+(E23*E$2)+(F23*F$2)+(J23*J$2)+(K23*K$2)+(L23*L$2) -> 10 | I23: =(C23*C$3)+(D23*D$3)+(E23*E$3)+(F23*F$3)++(G23*G$3)+(J23*J$3)+(K23*K$3)+(L23*L$3) -> 10 | J23: =Homework!W21 -> 0 | K23: =Participation!Q21 -> 0 | L23: =Attendance!S22 -> 100 | O23: =(C23*C$4)+(D23*D$4)+(E23*E$4)+(F23*F$4)+(M23*M$4)+(N23*N$4)+(J23*J$4)+(K23*K$4)+(L23*K$4) -> 10 | Q23: =(C23*C$5)+(D23*D$5)+(E23*E$5)+(F23*F$5)+(P23*P$5)+(J23*J$5)+(K23*K$5)+(L23*L$5)+(M23*M$5)+(N23*N$5) -> 10
A24: 18 | H24: =(C24*C$2)+(D24*D$2)+(E24*E$2)+(F24*F$2)+(J24*J$2)+(K24*K$2)+(L24*L$2) -> 10 | I24: =(C24*C$3)+(D24*D$3)+(E24*E$3)+(F24*F$3)++(G24*G$3)+(J24*J$3)+(K24*K$3)+(L24*L$3) -> 10 | J24: =Homework!W22 -> 0 | K24: =Participation!Q22 -> 0 | L24: =Attendance!S23 -> 100 | O24: =(C24*C$4)+(D24*D$4)+(E24*E$4)+(F24*F$4)+(M24*M$4)+(N24*N$4)+(J24*J$4)+(K24*K$4)+(L24*K$4) -> 10 | Q24: =(C24*C$5)+(D24*D$5)+(E24*E$5)+(F24*F$5)+(P24*P$5)+(J24*J$5)+(K24*K$5)+(L24*L$5)+(M24*M$5)+(N24*N$5) -> 10
A25: 19 | H25: =(C25*C$2)+(D25*D$2)+(E25*E$2)+(F25*F$2)+(J25*J$2)+(K25*K$2)+(L25*L$2) -> 10 | I25: =(C25*C$3)+(D25*D$3)+(E25*E$3)+(F25*F$3)++(G25*G$3)+(J25*J$3)+(K25*K$3)+(L25*L$3) -> 10 | J25: =Homework!W23 -> 0 | K25: =Participation!Q23 -> 0 | L25: =Attendance!S24 -> 100 | O25: =(C25*C$4)+(D25*D$4)+(E25*E$4)+(F25*F$4)+(M25*M$4)+(N25*N$4)+(J25*J$4)+(K25*K$4)+(L25*K$4) -> 10 | Q25: =(C25*C$5)+(D25*D$5)+(E25*E$5)+(F25*F$5)+(P25*P$5)+(J25*J$5)+(K25*K$5)+(L25*L$5)+(M25*M$5)+(N25*N$5) -> 10
A26: 20 | H26: =(C26*C$2)+(D26*D$2)+(E26*E$2)+(F26*F$2)+(J26*J$2)+(K26*K$2)+(L26*L$2) -> 10 | I26: =(C26*C$3)+(D26*D$3)+(E26*E$3)+(F26*F$3)++(G26*G$3)+(J26*J$3)+(K26*K$3)+(L26*L$3) -> 10 | J26: =Homework!W24 -> 0 | K26: =Participation!Q24 -> 0 | L26: =Attendance!S25 -> 100 | O26: =(C26*C$4)+(D26*D$4)+(E26*E$4)+(F26*F$4)+(M26*M$4)+(N26*N$4)+(J26*J$4)+(K26*K$4)+(L26*K$4) -> 10 | Q26: =(C26*C$5)+(D26*D$5)+(E26*E$5)+(F26*F$5)+(P26*P$5)+(J26*J$5)+(K26*K$5)+(L26*L$5)+(M26*M$5)+(N26*N$5) -> 10
A27: 21 | H27: =(C27*C$2)+(D27*D$2)+(E27*E$2)+(F27*F$2)+(J27*J$2)+(K27*K$2)+(L27*L$2) -> 10 | I27: =(C27*C$3)+(D27*D$3)+(E27*E$3)+(F27*F$3)++(G27*G$3)+(J27*J$3)+(K27*K$3)+(L27*L$3) -> 10 | J27: =Homework!W25 -> 0 | K27: =Participation!Q25 -> 0 | L27: =Attendance!S26 -> 100 | O27: =(C27*C$4)+(D27*D$4)+(E27*E$4)+(F27*F$4)+(M27*M$4)+(N27*N$4)+(J27*J$4)+(K27*K$4)+(L27*K$4) -> 10 | Q27: =(C27*C$5)+(D27*D$5)+(E27*E$5)+(F27*F$5)+(P27*P$5)+(J27*J$5)+(K27*K$5)+(L27*L$5)+(M27*M$5)+(N27*N$5) -> 10
A28: 22 | H28: =(C28*C$2)+(D28*D$2)+(E28*E$2)+(F28*F$2)+(J28*J$2)+(K28*K$2)+(L28*L$2) -> 10 | I28: =(C28*C$3)+(D28*D$3)+(E28*E$3)+(F28*F$3)++(G28*G$3)+(J28*J$3)+(K28*K$3)+(L28*L$3) -> 10 | J28: =Homework!W26 -> 0 | K28: =Participation!Q26 -> 0 | L28: =Attendance!S27 -> 100 | O28: =(C28*C$4)+(D28*D$4)+(E28*E$4)+(F28*F$4)+(M28*M$4)+(N28*N$4)+(J28*J$4)+(K28*K$4)+(L28*K$4) -> 10 | Q28: =(C28*C$5)+(D28*D$5)+(E28*E$5)+(F28*F$5)+(P28*P$5)+(J28*J$5)+(K28*K$5)+(L28*L$5)+(M28*M$5)+(N28*N$5) -> 10
A29: 23 | H29: =(C29*C$2)+(D29*D$2)+(E29*E$2)+(F29*F$2)+(J29*J$2)+(K29*K$2)+(L29*L$2) -> 10 | I29: =(C29*C$3)+(D29*D$3)+(E29*E$3)+(F29*F$3)++(G29*G$3)+(J29*J$3)+(K29*K$3)+(L29*L$3) -> 10 | J29: =Homework!W27 -> 0 | K29: =Participation!Q27 -> 0 | L29: =Attendance!S28 -> 100 | O29: =(C29*C$4)+(D29*D$4)+(E29*E$4)+(F29*F$4)+(M29*M$4)+(N29*N$4)+(J29*J$4)+(K29*K$4)+(L29*K$4) -> 10 | Q29: =(C29*C$5)+(D29*D$5)+(E29*E$5)+(F29*F$5)+(P29*P$5)+(J29*J$5)+(K29*K$5)+(L29*L$5)+(M29*M$5)+(N29*N$5) -> 10
... A34: 28 | H34: =(C34*C$2)+(D34*D$2)+(E34*E$2)+(F34*F$2)+(J34*J$2)+(K34*K$2)+(L34*L$2) -> 10 | I34: =(C34*C$3)+(D34*D$3)+(E34*E$3)+(F34*F$3)++(G34*G$3)+(J34*J$3)+(K34*K$3)+(L34*L$3) -> 10 | J34: =Homework!W32 -> 0 | K34: =Participation!Q32 -> 0 | L34: =Attendance!S33 -> 100 | O34: =(C34*C$4)+(D34*D$4)+(E34*E$4)+(F34*F$4)+(M34*M$4)+(N34*N$4)+(J34*J$4)+(K34*K$4)+(L34*K$4) -> 10 | Q34: =(C34*C$5)+(D34*D$5)+(E34*E$5)+(F34*F$5)+(P34*P$5)+(J34*J$5)+(K34*K$5)+(L34*L$5)+(M34*M$5)+(N34*N$5) -> 10
A35: 29

Sheet Homework
C1: HW 1 | D1: Quiz 1 | E1: Quiz 2 | F1: Quiz 2 | G1: Quiz 3 | H1: HW 2 | I1: HW 3 | J1: Quiz 4 | K1: Quiz 5 | L1: HW 4 | M1: Quiz 6 | N1: Quiz 7 | O1: Etc. | X1: Averages
B2: Ending | C2: 37643 | G2: 37666
B4: Name
A6: 1 | B6: =Totals!B7 -> Johnnie | C6: 75 | D6: 65 | E6: 0 | F6: 55 | G6: 95 | H6: 85 | I6: 0 | J6: 75 | K6: 75 | L6: 45 | M6: 0 | N6: 55 | O6: 75 | P6: 75 | Q6: 75 | R6: 75 | S6: 75 | T6: 75 | U6: 75 | V6: 75 | W6: 75 | X6: =AVERAGE(C6:W6) -> 61.904762
A7: 2 | B7: =Totals!B8 -> Suzie | C7: 95 | D7: 95 | X7: =AVERAGE(C7:W7) -> 95
A8: 3 | B8: =Totals!B9 -> Willie | C8: 65 | X8: =AVERAGE(C8:W8) -> 65
A9: 4 | B9: =Totals!B10 -> Mary | C9: 95 | X9: =AVERAGE(C9:W9) -> 95
A10: 5 | B10: =Totals!B11 -> Teddy | C10: 85 | X10: =AVERAGE(C10:W10) -> 85
A11: 6 | B11: =Totals!B12 -> Judy | C11: 75 | X11: =AVERAGE(C11:W11) -> 75
A12: 7 | B12: =Totals!B13 -> Fred | C12: 85 | X12: =AVERAGE(C12:W12) -> 85
A13: 8 | B13: =Totals!B14 -> Tom | C13: 95 | X13: =AVERAGE(C13:W13) -> 95
A14: 9 | B14: =Totals!B15 -> Dick | C14: 75 | X14: =AVERAGE(C14:W14) -> 75
A15: 10 | B15: =Totals!B16 -> Harry | C15: 75 | X15: =AVERAGE(C15:W15) -> 75
A16: 11 | B16: =Totals!B17 -> Sophie | C16: 0 | X16: =AVERAGE(C16:W16) -> 0
A17: 12 | B17: =Totals!B18 -> 0 | C17: 0 | X17: =AVERAGE(C17:W17) -> 0
A18: 13 | B18: =Totals!B19 -> 0 | C18: 0 | X18: =AVERAGE(C18:W18) -> 0
A19: 14 | B19: =Totals!B20 -> 0 | C19: 0 | X19: =AVERAGE(C19:W19) -> 0
... A34: 29 | B34: =Totals!B35 -> 0 | C34: 0 | X34: =AVERAGE(C34:W34) -> 0

Sheet Participation
C1: Week 1 | D1: Week 2 | E1: Week 3 | F1: Week 4 | G1: Week 5 | H1: Week 6 | I1: Week 7 | J1: Week 8 | K1: Week 9 | L1: Week 11 | M1: Week 12 | N1: Week 13 | O1: Week 14 | P1: Week 15 | Q1: Week 16 | R1: Average
B2: Ending | C2: 37638 | D2: 37645 | E2: 37652 | F2: 37659 | G2: 37666 | H2: 37673 | I2: 37680 | J2: 37687 | K2: 37694 | L2: 37708 | M2: 37715 | N2: 37722 | O2: 37729 | P2: 37736 | Q2: 37750
B4: Name
A6: 1 | B6: =Totals!B7 -> Johnnie | C6: 1 | R6: =55+(AVERAGE(C6:P6)*4) -> 59
A7: 2 | B7: =Totals!B8 -> Suzie | C7: 9 | R7: =55+(AVERAGE(C7:P7)*4) -> 91
A8: 3 | B8: =Totals!B9 -> Willie | C8: 6 | R8: =55+(AVERAGE(C8:P8)*4) -> 79
A9: 4 | B9: =Totals!B10 -> Mary | C9: 4 | R9: =55+(AVERAGE(C9:P9)*4) -> 71
A10: 5 | B10: =Totals!B11 -> Teddy | C10: 5 | R10: =55+(AVERAGE(C10:P10)*4) -> 75
A11: 6 | B11: =Totals!B12 -> Judy | C11: 6 | R11: =55+(AVERAGE(C11:P11)*4) -> 79
A12: 7 | B12: =Totals!B13 -> Fred | C12: 7 | R12: =55+(AVERAGE(C12:P12)*4) -> 83
A13: 8 | B13: =Totals!B14 -> Tom | C13: 8 | R13: =55+(AVERAGE(C13:P13)*4) -> 87
A14: 9 | B14: =Totals!B15 -> Dick | C14: 9 | R14: =55+(AVERAGE(C14:P14)*4) -> 91
A15: 10 | B15: =Totals!B16 -> Harry | C15: 10 | R15: =55+(AVERAGE(C15:P15)*4) -> 95
A16: 11 | B16: =Totals!B17 -> Sophie | C16: 0 | R16: =55+(AVERAGE(C16:P16)*4) -> 55
A17: 12 | B17: =Totals!B18 -> 0 | C17: 0 | R17: =55+(AVERAGE(C17:P17)*4) -> 55
... A34: 29 | B34: =Totals!B35 -> 0 | C34: 0 | R34: =55+(AVERAGE(C34:P34)*4) -> 55

Sheet Attendance
C1: Week 1 | D1: Week 2 | E1: Week 3 | F1: Week 4 | G1: Week 5 | H1: Week 6 | I1: Week 7 | J1: Week 8 | K1: Week 9 | L1: Week 11 | M1: Week 12 | N1: Week 13 | O1: Week 14 | P1: Week 15 | Q1: Week 16 | R1: Total | S1: Attend. Grade (MWF) | U1: Attend (TTh or MW)
B2: Ending | C2: 37638 | D2: 37645 | E2: 37652 | F2: 37659 | G2: 37666 | H2: 37673 | I2: 37680 | J2: 37687 | K2: 37694 | L2: 37708 | M2: 37715 | N2: 37722 | O2: 37729 | P2: 37736 | Q2: 37750
B4: Name
A6: 1 | B6: =Totals!B7 -> Johnnie | C6: 1 | D6: 1 | G6: 1 | L6: 1 | R6: =SUM(C6:Q6) -> 4 | S6: =IF($R6>6,0,100-(5*$R6)) -> 80 | U6: =IF($R6>4,0,100-(7.5*$R6)) -> 70
A7: 2 | B7: =Totals!B8 -> Suzie | C7: 9 | R7: =SUM(C7:Q7) -> 9 | S7: =IF($R7>6,0,100-(5*$R7)) -> 0 | U7: =IF($R7>4,0,100-(7.5*$R7)) -> 0
A8: 3 | B8: =Totals!B9 -> Willie | C8: 6 | R8: =SUM(C8:Q8) -> 6 | S8: =IF($R8>6,0,100-(5*$R8)) -> 70 | U8: =IF($R8>4,0,100-(7.5*$R8)) -> 0
A9: 4 | B9: =Totals!B10 -> Mary | C9: 4 | R9: =SUM(C9:Q9) -> 4 | S9: =IF($R9>6,0,100-(5*$R9)) -> 80 | U9: =IF($R9>4,0,100-(7.5*$R9)) -> 70
A10: 5 | B10: =Totals!B11 -> Teddy | C10: 5 | R10: =SUM(C10:Q10) -> 5 | S10: =IF($R10>6,0,100-(5*$R10)) -> 75 | U10: =IF($R10>4,0,100-(7.5*$R10)) -> 0
A11: 6 | B11: =Totals!B12 -> Judy | C11: 6 | R11: =SUM(C11:Q11) -> 6 | S11: =IF($R11>6,0,100-(5*$R11)) -> 70 | U11: =IF($R11>4,0,100-(7.5*$R11)) -> 0
A12: 7 | B12: =Totals!B13 -> Fred | C12: 7 | R12: =SUM(C12:Q12) -> 7 | S12: =IF($R12>6,0,100-(5*$R12)) -> 0 | U12: =IF($R12>4,0,100-(7.5*$R12)) -> 0
A13: 8 | B13: =Totals!B14 -> Tom | C13: 8 | R13: =SUM(C13:Q13) -> 8 | S13: =IF($R13>6,0,100-(5*$R13)) -> 0 | U13: =IF($R13>4,0,100-(7.5*$R13)) -> 0
A14: 9 | B14: =Totals!B15 -> Dick | C14: 9 | R14: =SUM(C14:Q14) -> 9 | S14: =IF($R14>6,0,100-(5*$R14)) -> 0 | U14: =IF($R14>4,0,100-(7.5*$R14)) -> 0
A15: 10 | B15: =Totals!B16 -> Harry | C15: 10 | R15: =SUM(C15:Q15) -> 10 | S15: =IF($R15>6,0,100-(5*$R15)) -> 0 | U15: =IF($R15>4,0,100-(7.5*$R15)) -> 0
A16: 11 | B16: =Totals!B17 -> Sophie | C16: 0 | R16: =SUM(C16:Q16) -> 0 | S16: =IF($R16>6,0,100-(5*$R16)) -> 100 | U16: =IF($R16>4,0,100-(7.5*$R16)) -> 100
A17: 12 | B17: =Totals!B18 -> 0 | C17: 0 | R17: =SUM(C17:Q17) -> 0 | S17: =IF($R17>6,0,100-(5*$R17)) -> 100 | U17: =IF($R17>4,0,100-(7.5*$R17)) -> 100
A18: 13 | B18: =Totals!B19 -> 0 | C18: 0 | R18: =SUM(C18:Q18) -> 0 | S18: =IF($R18>6,0,100-(5*$R18)) -> 100 | U18: =IF($R18>4,0,100-(7.5*$R18)) -> 100
... A34: 29 | B34: =Totals!B35 -> 0 | C34: 0 | R34: =SUM(C34:Q34) -> 0 | S34: =IF($R34>6,0,100-(5*$R34)) -> 100 | U34: =IF($R34>4,0,100-(7.5*$R34)) -> 100
