Workbook
Name Thedays: RolesFor1713!$A$31:$B$37
Name Theweekday: RolesFor1713!$B$31:$B$37
Name weekday: RolesFor1713!$B$31:$B$37

Sheet RolesFor1704
A1: Last | B1: First | C1: Middle | D1: Username | E1: Student ID | F1: SID | G1: =VLOOKUP(WEEKDAY(G2)-1,Thedays,2) -> W | H1: =VLOOKUP(WEEKDAY(H2)-1,Thedays,2) -> F | I1: =VLOOKUP(WEEKDAY(I2)-1,Thedays,2) -> M | J1: =VLOOKUP(WEEKDAY(J2)-1,Thedays,2) -> W | K1: =VLOOKUP(WEEKDAY(K2)-1,Thedays,2) -> F | L1: =VLOOKUP(WEEKDAY(L2)-1,Thedays,2) -> M | M1: =VLOOKUP(WEEKDAY(M2)-1,Thedays,2) -> W | N1: =VLOOKUP(WEEKDAY(N2)-1,Thedays,2) -> F | ... BE1: =VLOOKUP(WEEKDAY(BE2)-1,Thedays,2) -> M
F2: 38005 | G2: 38007 | H2: =F2+4 -> 38009 | I2: =H2+3 -> 38012 | J2: =I2+2 -> 38014 | K2: =I2+4 -> 38016 | L2: =K2+3 -> 38019 | M2: =L2+2 -> 38021 | N2: =L2+4 -> 38023 | O2: =N2+3 -> 38026 | P2: =O2+2 -> 38028 | Q2: =O2+4 -> 38030 | R2: =Q2+3 -> 38033 | S2: =R2+2 -> 38035 | T2: =R2+4 -> 38037 | U2: =T2+3 -> 38040 | V2: =U2+2 -> 38042 | W2: =U2+4 -> 38044 | X2: =W2+3 -> 38047 | Y2: =X2+2 -> 38049 | Z2: =X2+4 -> 38051 | AA2: =Z2+3 -> 38054 | AB2: =AA2+2 -> 38056 | AC2: =AA2+4 -> 38058 | AD2: =AC2+3 -> 38061 | AE2: =AD2+2 -> 38063 | AF2: =AD2+4 -> 38065 | AG2: =AF2+3 -> 38068 | AH2: =AG2+2 -> 38070 | AI2: =AG2+4 -> 38072 | AJ2: =AI2+3 -> 38075 | AK2: =AJ2+2 -> 38077 | AL2: =AJ2+4 -> 38079 | AM2: =AL2+3 -> 38082 | AN2: =AM2+2 -> 38084 | AO2: =AM2+4 -> 38086 | AP2: =AO2+3 -> 38089 | AQ2: =AP2+2 -> 38091 | AR2: =AP2+4 -> 38093 | AS2: =AR2+3 -> 38096 | AT2: =AS2+2 -> 38098 | AU2: =AS2+4 -> 38100 | AV2: =AU2+3 -> 38103 | AW2: =AV2+2 -> 38105 | AX2: =AV2+4 -> 38107 | AY2: =AX2+3 -> 38110 | AZ2: =AY2+2 -> 38112 | BA2: =AY2+4 -> 38114 | BB2: =BA2+3 -> 38117 | BC2: =BB2+2 -> 38119 | BD2: =BB2+4 -> 38121 | BE2: =BD2+3 -> 38124
A3: Baker | B3: Seth | C3: M | D3: smbaker4 | E3: 601723041 | F3: =RIGHT(E3,5) -> 23041 | G3: 1 | H3: 1 | I3: 1 | J3: 1 | K3: 1 | L3: 1 | M3: 1 | N3: 1 | O3: 1 | P3: 1 | Q3: 1 | R3: HOLIDAY | S3: 1 | T3: 0 | U3: 0 | V3: 1 | W3: 0
A4: Brown | B4: Emily | D4: ebrown2 | E4: 612328800 | F4: =RIGHT(E4,5) -> 28800 | G4: 1 | H4: 1 | I4: 1 | J4: 1 | K4: 1 | L4: 1 | M4: 1 | N4: 1 | O4: 1 | P4: 1 | Q4: 1 | S4: 1 | T4: 1 | U4: 1 | V4: 1 | W4: 1
A5: Brown | B5: Emily | C5: Marie | D5: embrown2 | E5: 466951753 | F5: =RIGHT(E5,5) -> 51753 | G5: 1 | H5: 1 | I5: 1 | J5: 1 | K5: 1 | L5: 1 | M5: 1 | N5: 1 | O5: 1 | P5: 1 | Q5: 1 | S5: 1 | T5: 1 | U5: 1 | V5: 1 | W5: 1
A6: Doran | B6: Leslie | C6: William | D6: lwdoran | E6: 539864389 | F6: =RIGHT(E6,5) -> 64389 | G6: 1 | H6: 1 | I6: 1 | J6: 1 | K6: 1 | L6: 1 | M6: 1 | N6: 1 | O6: 1 | P6: 1 | Q6: 1 | S6: 1 | T6: 1 | U6: 1 | V6: 1 | W6: 1
A7: Eynon | B7: Suzy | C7: Jaclyn | D7: sjeynon | E7: 281748010 | F7: =RIGHT(E7,5) -> 48010 | G7: 1 | H7: 1 | I7: 1 | J7: 1 | K7: 1 | L7: 1 | M7: 1 | N7: 1 | O7: 1 | P7: 1 | Q7: 1 | S7: 0 | T7: 1 | U7: 0 | V7: 1 | W7: 1
A8: Hoffman | B8: Amanda | C8: L | D8: alhoffm2 | E8: 600866477 | F8: =RIGHT(E8,5) -> 66477 | G8: 1 | H8: 1 | I8: 1 | J8: 1 | K8: 1 | L8: 1 | M8: 1 | N8: 1 | O8: 1 | P8: 1 | Q8: 1 | S8: 1 | T8: 1 | U8: 1 | V8: 1 | W8: 1
A9: Jamele | B9: Ann | C9: Marie | D9: amjamele | E9: 152882483 | F9: =RIGHT(E9,5) -> 82483 | G9: 1 | H9: 1 | I9: 1 | J9: 1 | K9: 1 | L9: 1 | M9: 1 | N9: 0 | O9: 0 | P9: 1 | Q9: 0 | S9: 0 | T9: 1 | U9: 1 | V9: 1 | W9: 1
A10: Koston | B10: Kerilyn | C10: M | D10: kmkoston | E10: 640106389 | F10: =RIGHT(E10,5) -> 06389 | G10: 1 | H10: 1 | I10: 0 | J10: 1 | K10: 0 | L10: 0 | M10: 0 | N10: 0 | O10: 0 | P10: 0 | Q10: 0 | S10: 0 | T10: 0 | U10: 0 | V10: 0 | W10: 0
A11: Lenehan | B11: Ryan | C11: Paul | D11: rpleneha | E11: 602368798 | F11: =RIGHT(E11,5) -> 68798 | G11: 1 | H11: 1 | I11: 1 | J11: 1 | K11: 1 | L11: 1 | M11: 1 | N11: 1 | O11: 1 | P11: 1 | Q11: 1 | S11: 1 | T11: 1 | U11: 1 | V11: 1 | W11: 1
A12: Loya | B12: Jose | C12: Antonio | D12: jaloya | E12: 765123703 | F12: =RIGHT(E12,5) -> 23703 | G12: 1 | H12: 1 | I12: 1 | J12: 1 | K12: 1 | L12: 1 | M12: 1 | N12: 1 | O12: 1 | P12: 1 | Q12: 1 | S12: 1 | T12: 1 | U12: 1 | V12: 1 | W12: 1
A13: Martinez | B13: Sierra | C13: Olivia | D13: somarti2 | E13: 600222042 | F13: =RIGHT(E13,5) -> 22042 | G13: 1 | H13: 1 | I13: 1 | J13: 1 | K13: 1 | L13: 1 | M13: 1 | N13: 1 | O13: 1 | P13: 1 | Q13: 1 | S13: 1 | T13: 1 | U13: 0 | V13: 0 | W13: 1
A14: Mendoza | B14: Alejandro | D14: amendoz3 | E14: 467533557 | F14: =RIGHT(E14,5) -> 33557 | I14: 1 | J14: 0 | K14: 0 | L14: 0 | M14: 0 | N14: 0 | O14: 0 | P14: 0 | Q14: 0 | S14: 0 | T14: 0 | U14: 0 | V14: 0 | W14: 0
A15: Mendoza | B15: Joshua | C15: A | D15: jamendo3 | E15: 600156978 | F15: =RIGHT(E15,5) -> 56978 | G15: 1 | H15: 1 | I15: 0 | J15: 0 | K15: 1 | L15: 0 | M15: 1 | N15: 1 | O15: 0 | P15: 1 | Q15: 1 | S15: 1 | T15: 1 | U15: 0 | V15: 1 | W15: 1
A16: Moreno | B16: Kamaree | C16: Rae | D16: krmoreno | E16: 600900482 | F16: =RIGHT(E16,5) -> 00482 | G16: 1 | H16: 1 | I16: 1 | J16: 1 | K16: 1 | L16: 1 | M16: 1 | N16: 1 | O16: 1 | P16: 1 | Q16: 1 | S16: 1 | T16: 1 | U16: 0 | V16: 1 | W16: 1
A17: Munoz | B17: Lizbeth | D17: lmunoz2 | E17: 570891847 | F17: =RIGHT(E17,5) -> 91847 | G17: 1 | H17: 1 | I17: 1 | J17: 1 | K17: 1 | L17: 1 | M17: 1 | N17: 1 | O17: 1 | P17: 1 | Q17: 1 | S17: 0 | T17: 1 | U17: 1 | V17: 0 | W17: 0
A18: Najera | B18: Annette | C18: Alexia | D18: aanajera | E18: 553979675 | F18: =RIGHT(E18,5) -> 79675 | G18: 1 | H18: 1 | I18: 0 | J18: 0 | K18: 0 | L18: 0 | M18: 0 | N18: 0 | O18: 0 | P18: 0 | Q18: 0 | S18: 0 | T18: 0 | U18: 0 | V18: 0 | W18: 0
A19: Paulsen | B19: Tye | D19: tpaulsen | E19: 529855495 | F19: =RIGHT(E19,5) -> 55495 | G19: 1 | H19: 1 | I19: 0 | J19: 0 | K19: 1 | L19: 1 | M19: 1 | N19: 1 | O19: 1 | P19: 1 | Q19: 0 | S19: 1 | T19: 0 | U19: 0 | V19: 0 | W19: 0
A20: Smith | B20: Nicole | C20: M | D20: nmsmith6 | E20: 601209443 | F20: =RIGHT(E20,5) -> 09443 | G20: 1 | H20: 1 | I20: 0 | J20: 1 | K20: 1 | L20: 1 | M20: 1 | N20: 1 | O20: 1 | P20: 1 | Q20: 1 | S20: 0 | T20: 1 | U20: 1 | V20: 1 | W20: 1
A21: Tremoulis | B21: Stephanie | C21: Lynn | D21: sltremou | E21: 600902794 | F21: =RIGHT(E21,5) -> 02794 | G21: 1 | H21: 1 | I21: 1 | J21: 1 | K21: 1 | L21: 1 | M21: 1 | N21: 0 | O21: 1 | P21: 1 | Q21: 0 | S21: 1 | T21: 1 | U21: 1 | V21: 1 | W21: 1
A22: Vazquez | B22: Jose | D22: jvazque3 | E22: 999025433 | F22: =RIGHT(E22,5) -> 25433 | G22: 1 | H22: 1 | I22: 1 | J22: 1 | K22: 1 | L22: 1 | M22: 1 | N22: 1 | O22: 1 | P22: 0 | Q22: 1 | S22: 1 | T22: 1 | U22: 1 | V22: 1 | W22: 1
A23: Welsh | B23: Michael | C23: J | D23: mjwelsh | E23: 555258641 | F23: =RIGHT(E23,5) -> 58641 | G23: 1 | H23: 1 | I23: 0 | J23: 1 | K23: 1 | L23: 1 | M23: 0 | N23: 1 | O23: 1 | P23: 1 | Q23: 1 | S23: 1 | T23: 1 | U23: 1 | V23: 1 | W23: 1
A24: Wibel | B24: Terry | C24: Lee | D24: tlwibel | E24: 52757573 | F24: =RIGHT(E24,5) -> 57573 | G24: 1 | H24: 1 | I24: 1 | J24: 1 | K24: 1 | L24: 1 | M24: 1 | N24: 1 | O24: 1 | P24: 1 | Q24: 1 | S24: 1 | T24: 1 | U24: 0 | V24: 1 | W24: 1
A25: Willing | B25: Michael | C25: R | D25: mrwillin | E25: 600324285 | F25: =RIGHT(E25,5) -> 24285 | G25: 1 | H25: 1 | I25: 1 | J25: 1 | K25: 1 | L25: 1 | M25: 1 | N25: 1 | O25: 1 | P25: 1 | Q25: 1 | S25: 0 | T25: 1 | U25: 1 | V25: 1 | W25: 0
A26: Worra | B26: Rachel | C26: E | D26: reworra | E26: 600907005 | F26: =RIGHT(E26,5) -> 07005 | G26: 1 | H26: 1 | I26: 1 | J26: 1 | K26: 1 | L26: 0 | M26: 1 | N26: 1 | O26: 1 | P26: 1 | Q26: 0 | S26: 1 | T26: 1 | U26: 1 | V26: 1 | W26: 1
A30: S | E30: 1
A31: M | E31: 2
A32: T | E32: 3
A33: W | E33: 4
A34: R | E34: 5
A35: F | E35: 6
A36: S | E36: 7

Sheet CIS 105 1704 Spring 2004
A1: Full Name | B1: Username | C1: Student ID | D1: Section | E1: MidTerm | F1: Participation | G1: VBA Labs | H1: Word | I1: Excel | J1: Access | K1: Ppoint | L1: Quiz 1 | M1: quiz 2 | N1: quiz 3 | O1: quiz 4 | P1: quiz 5 | Q1: quiz 6 | R1: quiz 7 | S1: quiz 8 | T1: Final Exam | U1: Sam Tom Status | V1: Current Total Pts | W1: Current Grade | X1: Current Letter Grade | Y1: Estimated Final Grade(See note.) | Z1: Estimated Ending Grade | AA1: 100% Point Level
A2: =RolesFor1704!A3 & "," & RolesFor1704!B3 & " " & RolesFor1704!C3 -> Baker,Seth M | B2: =RolesFor1704!D3 -> smbaker4 | C2: =RolesFor1704!F3 -> 23041 | D2: 1704 | E2: 47.368421 | F2: 13 | H2: 100 | I2: 24 | L2: 5 | M2: 0 | N2: 10 | O2: 10 | P2: 5 | U2: =IF(E2+F2>100,100,E2+F2) -> 60.368421 | V2: =SUM(G2:U2) -> 214.36842 | W2: =IF(V2/$AA$2>1,1,(V2)/($AA$2)) -> 0.63049536 | X2: =VLOOKUP(W2,$AB$2:$AC$6,2) -> D | Y2: =(V2+2*E2)/(MAX($V$2:$V$25)+165) -> 0.59731498 | Z2: =IF(SUM(J2:X2)>22090,"A",VLOOKUP(Y2,$AB$2:$AC$6,2)) -> D | AA2: 340 | AB2: 0 | AC2: F
A3: =RolesFor1704!A4 & "," & RolesFor1704!B4 & " " & RolesFor1704!C4 -> Brown,Emily | B3: =RolesFor1704!D4 -> ebrown2 | C3: =RolesFor1704!F4 -> 28800 | D3: 1704 | E3: 100 | H3: 100 | I3: 100 | J3: 2 | L3: 2 | M3: 0 | N3: 8 | O3: 0 | P3: 0 | U3: =IF(E3+F3>100,100,E3+F3) -> 100 | V3: =SUM(E3:T3) -> 312 | W3: =IF(V3/$AA$2>1,1,(V3)/($AA$2)) -> 0.91764706 | X3: =VLOOKUP(W3,$AB$2:$AC$6,2) -> A | Y3: =(V3+2*E3)/(MAX($V$2:$V$25)+165) -> 0.98938875 | Z3: =IF(SUM(J3:X3)>22090,"A",VLOOKUP(Y3,$AB$2:$AC$6,2)) -> A | AB3: 0.595 | AC3: D
A4: =RolesFor1704!A5 & "," & RolesFor1704!B5 & " " & RolesFor1704!C5 -> Brown,Emily Marie | B4: =RolesFor1704!D5 -> embrown2 | C4: =RolesFor1704!F5 -> 51753 | D4: 1704 | E4: 98.245614 | F4: 15 | H4: 100 | I4: 100 | L4: 8 | M4: 5 | N4: 9 | O4: 10 | P4: 0 | U4: =IF(E4+F4>100,100,E4+F4) -> 100 | V4: =SUM(E4:T4) -> 345.24561 | W4: =IF(V4/$AA$2>1,1,(V4)/($AA$2)) -> 1 | X4: =VLOOKUP(W4,$AB$2:$AC$6,2) -> A | Y4: =(V4+2*E4)/(MAX($V$2:$V$25)+165) -> 1.0468522 | Z4: =IF(SUM(J4:X4)>22090,"A",VLOOKUP(Y4,$AB$2:$AC$6,2)) -> A | AB4: 0.695 | AC4: C
A5: =RolesFor1704!A6 & "," & RolesFor1704!B6 & " " & RolesFor1704!C6 -> Doran,Leslie William | B5: =RolesFor1704!D6 -> lwdoran | C5: =RolesFor1704!F6 -> 64389 | D5: 1704 | E5: 73.684211 | F5: 13 | H5: 81 | I5: 81 | J5: 4 | L5: 6 | M5: 10 | N5: 0 | O5: 5 | P5: 0 | U5: =IF(E5+F5>100,100,E5+F5) -> 86.684211 | V5: =SUM(E5:T5) -> 273.68421 | W5: =IF(V5/$AA$2>1,1,(V5)/($AA$2)) -> 0.80495356 | X5: =VLOOKUP(W5,$AB$2:$AC$6,2) -> B | Y5: =(V5+2*E5)/(MAX($V$2:$V$25)+165) -> 0.81364207 | Z5: =IF(SUM(J5:X5)>22090,"A",VLOOKUP(Y5,$AB$2:$AC$6,2)) -> B | AB5: 0.795 | AC5: B
A6: =RolesFor1704!A7 & "," & RolesFor1704!B7 & " " & RolesFor1704!C7 -> Eynon,Suzy Jaclyn | B6: =RolesFor1704!D7 -> sjeynon | C6: =RolesFor1704!F7 -> 48010 | D6: 1704 | E6: 91.22807 | F6: 3 | H6: 95 | I6: 67 | L6: 4 | M6: 9 | N6: 10 | O6: 5 | P6: 10 | U6: =IF(E6+F6>100,100,E6+F6) -> 94.22807 | V6: =SUM(E6:T6) -> 294.22807 | W6: =IF(V6/$AA$2>1,1,(V6)/($AA$2)) -> 0.86537668 | X6: =VLOOKUP(W6,$AB$2:$AC$6,2) -> B | Y6: =(V6+2*E6)/(MAX($V$2:$V$25)+165) -> 0.92114452 | Z6: =IF(SUM(J6:X6)>22090,"A",VLOOKUP(Y6,$AB$2:$AC$6,2)) -> A | AB6: 0.895 | AC6: A
A7: =RolesFor1704!A8 & "," & RolesFor1704!B8 & " " & RolesFor1704!C8 -> Hoffman,Amanda L | B7: =RolesFor1704!D8 -> alhoffm2 | C7: =RolesFor1704!F8 -> 66477 | D7: 1704 | E7: 94.736842 | F7: 15 | H7: 100 | I7: 100 | L7: 4 | M7: 3 | N7: 6 | O7: 5 | P7: 0 | U7: =IF(E7+F7>100,100,E7+F7) -> 100 | V7: =SUM(E7:T7) -> 327.73684 | W7: =IF(V7/$AA$2>1,1,(V7)/($AA$2)) -> 0.96393189 | X7: =VLOOKUP(W7,$AB$2:$AC$6,2) -> A | Y7: =(V7+2*E7)/(MAX($V$2:$V$25)+165) -> 0.99945757 | Z7: =IF(SUM(J7:X7)>22090,"A",VLOOKUP(Y7,$AB$2:$AC$6,2)) -> A
A8: =RolesFor1704!A9 & "," & RolesFor1704!B9 & " " & RolesFor1704!C9 -> Jamele,Ann Marie | B8: =RolesFor1704!D9 -> amjamele | C8: =RolesFor1704!F9 -> 82483 | D8: 1704 | E8: 70.175439 | H8: 100 | I8: 100 | L8: 0 | M8: 0 | N8: 7 | O8: 10 | P8: 5 | U8: =IF(E8+F8>100,100,E8+F8) -> 70.175439 | V8: =SUM(E8:T8) -> 292.17544 | W8: =IF(V8/$AA$2>1,1,(V8)/($AA$2)) -> 0.85933953 | X8: =VLOOKUP(W8,$AB$2:$AC$6,2) -> B | Y8: =(V8+2*E8)/(MAX($V$2:$V$25)+165) -> 0.83581381 | Z8: =IF(SUM(J8:X8)>22090,"A",VLOOKUP(Y8,$AB$2:$AC$6,2)) -> B
A9: =RolesFor1704!A10 & "," & RolesFor1704!B10 & " " & RolesFor1704!C10 -> Koston,Kerilyn M | B9: =RolesFor1704!D10 -> kmkoston | C9: =RolesFor1704!F10 -> 06389 | D9: 1704 | L9: 0 | M9: 0 | U9: =IF(E9+F9>100,100,E9+F9) -> 0 | V9: =SUM(E9:T9) -> 0 | W9: =IF(V9/$AA$2>1,1,(V9)/($AA$2)) -> 0 | X9: =VLOOKUP(W9,$AB$2:$AC$6,2) -> F | Y9: =(V9+2*E9)/(MAX($V$2:$V$25)+165) -> 0 | Z9: =IF(SUM(J9:X9)<100,"A",VLOOKUP(Y9,$AB$2:$AC$6,2)) -> A
A10: =RolesFor1704!A11 & "," & RolesFor1704!B11 & " " & RolesFor1704!C11 -> Lenehan,Ryan Paul | B10: =RolesFor1704!D11 -> rpleneha | C10: =RolesFor1704!F11 -> 68798 | D10: 1704 | E10: 73.684211 | F10: 15 | H10: 100 | I10: 69 | L10: 7 | M10: 9 | N10: 10 | O10: 10 | P10: 0 | U10: =IF(E10+F10>100,100,E10+F10) -> 88.684211 | V10: =SUM(E10:T10) -> 293.68421 | W10: =IF(V10/$AA$2>1,1,(V10)/($AA$2)) -> 0.86377709 | X10: =VLOOKUP(W10,$AB$2:$AC$6,2) -> B | Y10: =(V10+2*E10)/(MAX($V$2:$V$25)+165) -> 0.85229006 | Z10: =IF(SUM(J10:X10)>22090,"A",VLOOKUP(Y10,$AB$2:$AC$6,2)) -> B
A11: =RolesFor1704!A12 & "," & RolesFor1704!B12 & " " & RolesFor1704!C12 -> Loya,Jose Antonio | B11: =RolesFor1704!D12 -> jaloya | C11: =RolesFor1704!F12 -> 23703 | D11: 1704 | E11: 77.192982 | F11: 3 | H11: 100 | I11: 71 | L11: 4 | M11: 3 | N11: 9 | O11: 10 | P11: 10 | U11: =IF(E11+F11>100,100,E11+F11) -> 80.192982 | V11: =SUM(E11:T11) -> 287.19298 | W11: =IF(V11/$AA$2>1,1,(V11)/($AA$2)) -> 0.84468524 | X11: =VLOOKUP(W11,$AB$2:$AC$6,2) -> B | Y11: =(V11+2*E11)/(MAX($V$2:$V$25)+165) -> 0.85330712 | Z11: =IF(SUM(J11:X11)>22090,"A",VLOOKUP(Y11,$AB$2:$AC$6,2)) -> B
A12: =RolesFor1704!A13 & "," & RolesFor1704!B13 & " " & RolesFor1704!C13 -> Martinez,Sierra Olivia | B12: =RolesFor1704!D13 -> somarti2 | C12: =RolesFor1704!F13 -> 22042 | D12: 1704 | E12: 69 | F12: 5 | H12: 41 | L12: 0 | M12: 7 | N12: 0 | U12: =IF(E12+F12>100,100,E12+F12) -> 74 | V12: =SUM(E12:T12) -> 122 | W12: =IF(V12/$AA$2>1,1,(V12)/($AA$2)) -> 0.35882353 | X12: =VLOOKUP(W12,$AB$2:$AC$6,2) -> F | Y12: =(V12+2*E12)/(MAX($V$2:$V$25)+165) -> 0.50242398 | Z12: =IF(SUM(J12:X12)>22090,"A",VLOOKUP(Y12,$AB$2:$AC$6,2)) -> F
A13: =RolesFor1704!A14 & "," & RolesFor1704!B14 & " " & RolesFor1704!C14 -> Mendoza,Alejandro | B13: =RolesFor1704!D14 -> amendoz3 | C13: =RolesFor1704!F14 -> 33557 | D13: 1704 | E13: 0 | L13: 0 | M13: 0 | N13: 0 | U13: =IF(E13+F13>100,100,E13+F13) -> 0 | V13: =SUM(E13:T13) -> 0 | W13: =IF(V13/$AA$2>1,1,(V13)/($AA$2)) -> 0 | X13: =VLOOKUP(W13,$AB$2:$AC$6,2) -> F | Y13: =(V13+2*E13)/(MAX($V$2:$V$25)+165) -> 0 | Z13: =IF(SUM(J13:X13)>22090,"A",VLOOKUP(Y13,$AB$2:$AC$6,2)) -> F
A14: =RolesFor1704!A15 & "," & RolesFor1704!B15 & " " & RolesFor1704!C15 -> Mendoza,Joshua A | B14: =RolesFor1704!D15 -> jamendo3 | C14: =RolesFor1704!F15 -> 56978 | D14: 1704 | E14: 96.491228 | F14: 18 | H14: 100 | I14: 100 | L14: 0 | M14: 8 | N14: 0 | O14: 10 | P14: 0 | U14: =IF(E14+F14>100,100,E14+F14) -> 100 | V14: =SUM(E14:T14) -> 332.49123 | W14: =IF(V14/$AA$2>1,1,(V14)/($AA$2)) -> 0.97791538 | X14: =VLOOKUP(W14,$AB$2:$AC$6,2) -> A | Y14: =(V14+2*E14)/(MAX($V$2:$V$25)+165) -> 1.0154253 | Z14: =IF(SUM(J14:X14)>22090,"A",VLOOKUP(Y14,$AB$2:$AC$6,2)) -> A
A15: =RolesFor1704!A16 & "," & RolesFor1704!B16 & " " & RolesFor1704!C16 -> Moreno,Kamaree Rae | B15: =RolesFor1704!D16 -> krmoreno | C15: =RolesFor1704!F16 -> 00482 | D15: 1704 | E15: 87.719298 | F15: 5 | H15: 100 | I15: 100 | L15: 5 | M15: 0 | N15: 3 | O15: 5 | P15: 0 | U15: =IF(E15+F15>100,100,E15+F15) -> 92.719298 | V15: =SUM(E15:T15) -> 305.7193 | W15: =IF(V15/$AA$2>1,1,(V15)/($AA$2)) -> 0.89917441 | X15: =VLOOKUP(W15,$AB$2:$AC$6,2) -> A | Y15: =(V15+2*E15)/(MAX($V$2:$V$25)+165) -> 0.92978947 | Z15: =IF(SUM(J15:X15)>22090,"A",VLOOKUP(Y15,$AB$2:$AC$6,2)) -> A
A16: =RolesFor1704!A17 & "," & RolesFor1704!B17 & " " & RolesFor1704!C17 -> Munoz,Lizbeth | B16: =RolesFor1704!D17 -> lmunoz2 | C16: =RolesFor1704!F17 -> 91847 | D16: 1704 | E16: 78.947368 | F16: 5 | H16: 100 | I16: 100 | L16: 0 | M16: 0 | N16: 2 | O16: 10 | P16: 0 | U16: =IF(E16+F16>100,100,E16+F16) -> 83.947368 | V16: =SUM(E16:T16) -> 295.94737 | W16: =IF(V16/$AA$2>1,1,(V16)/($AA$2)) -> 0.87043344 | X16: =VLOOKUP(W16,$AB$2:$AC$6,2) -> B | Y16: =(V16+2*E16)/(MAX($V$2:$V$25)+165) -> 0.87700444 | Z16: =IF(SUM(J16:X16)>22090,"A",VLOOKUP(Y16,$AB$2:$AC$6,2)) -> B
A17: =RolesFor1704!A18 & "," & RolesFor1704!B18 & " " & RolesFor1704!C18 -> Najera,Annette Alexia | B17: =RolesFor1704!D18 -> aanajera | C17: =RolesFor1704!F18 -> 79675 | D17: 1704 | L17: 0 | M17: 0 | N17: 0 | U17: =IF(E17+F17>100,100,E17+F17) -> 0 | V17: =SUM(E17:T17) -> 0 | W17: =IF(V17/$AA$2>1,1,(V17)/($AA$2)) -> 0 | X17: =VLOOKUP(W17,$AB$2:$AC$6,2) -> F | Y17: =(V17+2*E17)/(MAX($V$2:$V$25)+165) -> 0 | Z17: =IF(SUM(J17:X17)<100,"A",VLOOKUP(Y17,$AB$2:$AC$6,2)) -> A
A18: =RolesFor1704!A19 & "," & RolesFor1704!B19 & " " & RolesFor1704!C19 -> Paulsen,Tye | B18: =RolesFor1704!D19 -> tpaulsen | C18: =RolesFor1704!F19 -> 55495 | D18: 1704 | E18: 0 | L18: 0 | M18: 0 | N18: 0 | U18: =IF(E18+F18>100,100,E18+F18) -> 0 | V18: =SUM(E18:T18) -> 0 | W18: =IF(V18/$AA$2>1,1,(V18)/($AA$2)) -> 0 | X18: =VLOOKUP(W18,$AB$2:$AC$6,2) -> F | Y18: =(V18+2*E18)/(MAX($V$2:$V$25)+165) -> 0 | Z18: =IF(SUM(J18:X18)>490,"A",VLOOKUP(Y18,$AB$2:$AC$6,2)) -> F
A19: =RolesFor1704!A20 & "," & RolesFor1704!B20 & " " & RolesFor1704!C20 -> Smith,Nicole M | B19: =RolesFor1704!D20 -> nmsmith6 | C19: =RolesFor1704!F20 -> 09443 | D19: 1704 | E19: 70.175439 | F19: 3 | H19: 100 | I19: 100 | L19: 0 | M19: 9 | N19: 8 | O19: 10 | P19: 0 | U19: =IF(E19+F19>100,100,E19+F19) -> 73.175439 | V19: =SUM(E19:T19) -> 300.17544 | W19: =IF(V19/$AA$2>1,1,(V19)/($AA$2)) -> 0.88286894 | X19: =VLOOKUP(W19,$AB$2:$AC$6,2) -> B | Y19: =(V19+2*E19)/(MAX($V$2:$V$25)+165) -> 0.85127301 | Z19: =IF(SUM(J19:X19)>22090,"A",VLOOKUP(Y19,$AB$2:$AC$6,2)) -> B
A20: =RolesFor1704!A21 & "," & RolesFor1704!B21 & " " & RolesFor1704!C21 -> Tremoulis,Stephanie Lynn | B20: =RolesFor1704!D21 -> sltremou | C20: =RolesFor1704!F21 -> 02794 | D20: 1704 | E20: 68.421053 | H20: 100 | I20: 100 | L20: 10 | M20: 0 | N20: 0 | O20: 10 | P20: 5 | U20: =IF(E20+F20>100,100,E20+F20) -> 68.421053 | V20: =SUM(E20:T20) -> 293.42105 | W20: =IF(V20/$AA$2>1,1,(V20)/($AA$2)) -> 0.8630031 | X20: =VLOOKUP(W20,$AB$2:$AC$6,2) -> B | Y20: =(V20+2*E20)/(MAX($V$2:$V$25)+165) -> 0.83144049 | Z20: =IF(SUM(J20:X20)>22090,"A",VLOOKUP(Y20,$AB$2:$AC$6,2)) -> B
A21: =RolesFor1704!A22 & "," & RolesFor1704!B22 & " " & RolesFor1704!C22 -> Vazquez,Jose | B21: =RolesFor1704!D22 -> jvazque3 | C21: =RolesFor1704!F22 -> 25433 | D21: 1704 | E21: 89.473684 | H21: 100 | I21: 100 | L21: 5 | M21: 7 | N21: 10 | O21: 0 | P21: 0 | U21: =IF(E21+F21>100,100,E21+F21) -> 89.473684 | V21: =SUM(E21:T21) -> 311.47368 | W21: =IF(V21/$AA$2>1,1,(V21)/($AA$2)) -> 0.91609907 | X21: =VLOOKUP(W21,$AB$2:$AC$6,2) -> A | Y21: =(V21+2*E21)/(MAX($V$2:$V$25)+165) -> 0.9476896 | Z21: =IF(SUM(J21:X21)>22090,"A",VLOOKUP(Y21,$AB$2:$AC$6,2)) -> A
A22: =RolesFor1704!A23 & "," & RolesFor1704!B23 & " " & RolesFor1704!C23 -> Welsh,Michael J | B22: =RolesFor1704!D23 -> mjwelsh | C22: =RolesFor1704!F23 -> 58641 | D22: 1704 | E22: 96.491228 | F22: 15 | H22: 100 | I22: 100 | L22: 4 | M22: 3 | N22: 6 | O22: 10 | P22: 0 | U22: =IF(E22+F22>100,100,E22+F22) -> 100 | V22: =SUM(E22:T22) -> 334.49123 | W22: =IF(V22/$AA$2>1,1,(V22)/($AA$2)) -> 0.98379773 | X22: =VLOOKUP(W22,$AB$2:$AC$6,2) -> A | Y22: =(V22+2*E22)/(MAX($V$2:$V$25)+165) -> 1.0192901 | Z22: =IF(SUM(J22:X22)>22090,"A",VLOOKUP(Y22,$AB$2:$AC$6,2)) -> A
A23: =RolesFor1704!A24 & "," & RolesFor1704!B24 & " " & RolesFor1704!C24 -> Wibel,Terry Lee | B23: =RolesFor1704!D24 -> tlwibel | C23: =RolesFor1704!F24 -> 57573 | D23: 1704 | E23: 96.491228 | F23: 10 | H23: 100 | I23: 100 | L23: 9 | M23: 8 | N23: 9 | O23: 10 | P23: 10 | U23: =IF(E23+F23>100,100,E23+F23) -> 100 | V23: =SUM(E23:T23) -> 352.49123 | W23: =IF(V23/$AA$2>1,1,(V23)/($AA$2)) -> 1 | X23: =VLOOKUP(W23,$AB$2:$AC$6,2) -> A | Y23: =(V23+2*E23)/(MAX($V$2:$V$25)+165) -> 1.0540733 | Z23: =IF(SUM(J23:X23)>22090,"A",VLOOKUP(Y23,$AB$2:$AC$6,2)) -> A
A24: =RolesFor1704!A25 & "," & RolesFor1704!B25 & " " & RolesFor1704!C25 -> Willing,Michael R | B24: =RolesFor1704!D25 -> mrwillin | C24: =RolesFor1704!F25 -> 24285 | D24: 1704 | E24: 84.210526 | F24: 15 | H24: 100 | I24: 100 | L24: 2 | M24: 7 | N24: 10 | O24: 10 | P24: 0 | U24: =IF(E24+F24>100,100,E24+F24) -> 99.210526 | V24: =SUM(E24:T24) -> 328.21053 | W24: =IF(V24/$AA$2>1,1,(V24)/($AA$2)) -> 0.96532508 | X24: =VLOOKUP(W24,$AB$2:$AC$6,2) -> A | Y24: =(V24+2*E24)/(MAX($V$2:$V$25)+165) -> 0.95969082 | Z24: =IF(SUM(J24:X24)>22090,"A",VLOOKUP(Y24,$AB$2:$AC$6,2)) -> A
A25: =RolesFor1704!A26 & "," & RolesFor1704!B26 & " " & RolesFor1704!C26 -> Worra,Rachel E | B25: =RolesFor1704!D26 -> reworra | C25: =RolesFor1704!F26 -> 07005 | D25: 1704 | E25: 89.473684 | H25: 94 | I25: 91 | L25: 6 | M25: 0 | N25: 10 | O25: 10 | P25: 10 | U25: =IF(E25+F25>100,100,E25+F25) -> 89.473684 | V25: =SUM(E25:T25) -> 310.47368 | W25: =IF(V25/$AA$2>1,1,(V25)/($AA$2)) -> 0.91315789 | X25: =VLOOKUP(W25,$AB$2:$AC$6,2) -> A | Y25: =(V25+2*E25)/(MAX($V$2:$V$25)+165) -> 0.9457572 | Z25: =IF(SUM(J25:X25)>22090,"A",VLOOKUP(Y25,$AB$2:$AC$6,2)) -> A

Sheet Rolesfor1719
G1: M | H1: =VLOOKUP(WEEKDAY(H2)-1,Thedays,2) -> W | I1: =VLOOKUP(WEEKDAY(I2)-1,Thedays,2) -> F | J1: =VLOOKUP(WEEKDAY(J2)-1,Thedays,2) -> M | K1: =VLOOKUP(WEEKDAY(K2)-1,Thedays,2) -> W | L1: =VLOOKUP(WEEKDAY(L2)-1,Thedays,2) -> F | M1: =VLOOKUP(WEEKDAY(M2)-1,Thedays,2) -> M | N1: =VLOOKUP(WEEKDAY(N2)-1,Thedays,2) -> W | O1: =VLOOKUP(WEEKDAY(O2)-1,Thedays,2) -> F | ... AD1: =VLOOKUP(WEEKDAY(AD2)-1,Thedays,2) -> F
A2: Last | B2: First | C2: Middle | D2: Username | E2: StudentID | F2: SID | G2: 38068 | H2: =G2+2 -> 38070 | I2: =G2+4 -> 38072 | J2: =I2+3 -> 38075 | K2: =J2+2 -> 38077 | L2: =J2+4 -> 38079 | M2: =L2+3 -> 38082 | N2: =M2+2 -> 38084 | O2: =M2+4 -> 38086 | P2: =O2+3 -> 38089 | Q2: =P2+2 -> 38091 | R2: =P2+4 -> 38093 | S2: =R2+3 -> 38096 | T2: =S2+2 -> 38098 | U2: =S2+4 -> 38100 | V2: =U2+3 -> 38103 | W2: =V2+2 -> 38105 | X2: =V2+4 -> 38107 | Y2: =X2+3 -> 38110 | Z2: =Y2+2 -> 38112 | AA2: =Y2+4 -> 38114 | AB2: =AA2+3 -> 38117 | AC2: =AB2+2 -> 38119 | AD2: =AB2+4 -> 38121
A3: Bangiyev | B3: Ruben | D3: rbangiy2 | E3: 77767092 | F3: =RIGHT(E3,5) -> 67092
A4: Barraza Salazar | B4: Luis | D4: lbarraza | E4: 999123082 | F4: =RIGHT(E4,5) -> 23082
A5: Cavazos | B5: Sylvia | C5: M | D5: smcavazo | E5: 527134226 | F5: =RIGHT(E5,5) -> 34226
A6: Compton | B6: Sandra | C6: A | D6: sacompto | E6: 180549740 | F6: =RIGHT(E6,5) -> 49740
A7: Cordova | B7: Wendy | C7: Jean | D7: wjcordov | E7: 527432600 | F7: =RIGHT(E7,5) -> 32600
A8: Diaz | B8: Veronica | C8: Yvonne | D8: vydiaz | E8: 604326546 | F8: =RIGHT(E8,5) -> 26546
A9: Gonzalez | B9: Nicholas | C9: J | D9: njgonza2 | E9: 260595108 | F9: =RIGHT(E9,5) -> 95108
A10: Huffman | B10: Jordan | C10: A | D10: jahuffma | E10: 625030976 | F10: =RIGHT(E10,5) -> 30976
A11: Husser | B11: Matthew | C11: D | D11: mdhusser | E11: 548353116 | F11: =RIGHT(E11,5) -> 53116
A12: Johnson | B12: William | C12: Garreth | D12: wgjohns3 | E12: 382809195 | F12: =RIGHT(E12,5) -> 09195
A13: Chavez | B13: Melany | D13: mchavez | E13: 60099xxxx | F13: =RIGHT(E13,5) -> 9xxxx
A14: Kremin | B14: Dawna | C14: Marie | D14: dmkremin | E14: 519763437 | F14: =RIGHT(E14,5) -> 63437
A15: Landers | B15: Richard | C15: L | D15: rllander | E15: 538866378 | F15: =RIGHT(E15,5) -> 66378
A16: McCaskill | B16: Dorothy | D16: dmccaski | E16: 247962378 | F16: =RIGHT(E16,5) -> 62378
A17: Miano | B17: Nichole | C17: Marie | D17: nmmiano | E17: 600622337 | F17: =RIGHT(E17,5) -> 22337
A18: Noboa | B18: Cinthia | C18: E | D18: cenoboa | E18: 600197982 | F18: =RIGHT(E18,5) -> 97982
A19: Poland | B19: Preston | C19: M | D19: pmpoland | E19: 600307992 | F19: =RIGHT(E19,5) -> 07992
A20: Ragogna | B20: Victoria | C20: Elizabeth | D20: veragogn | E20: 108768423 | F20: =RIGHT(E20,5) -> 68423
A21: Reece | B21: Mary | C21: Katherine | D21: mkreece | E21: 600549672 | F21: =RIGHT(E21,5) -> 49672
A22: Robinson | B22: Laini | C22: Tessa | D22: ltrobins | E22: 154643195 | F22: =RIGHT(E22,5) -> 43195
A23: Simeri | B23: Joseph | C23: L | D23: jlsimeri | E23: 305900291 | F23: =RIGHT(E23,5) -> 00291
A24: Unten | B24: Joel | C24: Jiro | D24: jjunten | E24: 600126990 | F24: =RIGHT(E24,5) -> 26990
A25: White | B25: Christopher | C25: Michael | D25: cmwhite5 | E25: 600588413 | F25: =RIGHT(E25,5) -> 88413
A26: Young | B26: Foster | C26: Ramone | D26: fryoung | E26: 600629214 | F26: =RIGHT(E26,5) -> 29214
A27: McKeon | B27: JoJo | D27: jmckeon | E27: 60099yyyy | F27: =RIGHT(E27,5) -> 9yyyy

Sheet Grades for 1719 Spring 2004
A1: Full Name | B1: Username | C1: Student ID | D1: Section | E1: MidTerm | F1: Participation | G1: VBA Labs | H1: Word | I1: Excel | J1: Access | K1: Ppoint | L1: quiz 1 | M1: quiz 2 | N1: quiz 3 | O1: quiz 4 | P1: quiz 5 | Q1: quiz 6 | R1: quiz 7 | S1: quiz 8 | T1: Final Exam | U1: Sam Tom Status | V1: Current Total Pts | W1: Current Grade | X1: Current Letter Grade | AA1: 100% Point Level
A2: =Rolesfor1719!A3 & "," & Rolesfor1719!B3 & " " & Rolesfor1719!C3 -> Bangiyev,Ruben | B2: =Rolesfor1719!D3 -> rbangiy2 | C2: =Rolesfor1719!F3 -> 67092 | F2: 15 | L2: 5
A3: =Rolesfor1719!A4 & "," & Rolesfor1719!B4 & " " & Rolesfor1719!C4 -> Barraza Salazar,Luis | B3: =Rolesfor1719!D4 -> lbarraza | C3: =Rolesfor1719!F4 -> 23082 | F3: 5 | L3: 5
A4: =Rolesfor1719!A5 & "," & Rolesfor1719!B5 & " " & Rolesfor1719!C5 -> Cavazos,Sylvia M | B4: =Rolesfor1719!D5 -> smcavazo | C4: =Rolesfor1719!F5 -> 34226 | F4: 0 | L4: 0
A5: =Rolesfor1719!A13&", "&Rolesfor1719!B13 -> Chavez, Melany | F5: 5 | L5: 8
A6: =Rolesfor1719!A6 & "," & Rolesfor1719!B6 & " " & Rolesfor1719!C6 -> Compton,Sandra A | B6: =Rolesfor1719!D6 -> sacompto | C6: =Rolesfor1719!F6 -> 49740 | F6: 0 | L6: 0
A7: =Rolesfor1719!A7 & "," & Rolesfor1719!B7 & " " & Rolesfor1719!C7 -> Cordova,Wendy Jean | B7: =Rolesfor1719!D7 -> wjcordov | C7: =Rolesfor1719!F7 -> 32600 | F7: 5 | L7: 8
A8: =Rolesfor1719!A8 & "," & Rolesfor1719!B8 & " " & Rolesfor1719!C8 -> Diaz,Veronica Yvonne | B8: =Rolesfor1719!D8 -> vydiaz | C8: =Rolesfor1719!F8 -> 26546 | F8: 0 | L8: 5
A9: =Rolesfor1719!A9 & "," & Rolesfor1719!B9 & " " & Rolesfor1719!C9 -> Gonzalez,Nicholas J | B9: =Rolesfor1719!D9 -> njgonza2 | C9: =Rolesfor1719!F9 -> 95108 | F9: 0 | L9: 5
A10: =Rolesfor1719!A10 & "," & Rolesfor1719!B10 & " " & Rolesfor1719!C10 -> Huffman,Jordan A | B10: =Rolesfor1719!D10 -> jahuffma | C10: =Rolesfor1719!F10 -> 30976 | F10: 5 | L10: 10
A11: =Rolesfor1719!A11 & "," & Rolesfor1719!B11 & " " & Rolesfor1719!C11 -> Husser,Matthew D | B11: =Rolesfor1719!D11 -> mdhusser | C11: =Rolesfor1719!F11 -> 53116 | F11: 5 | L11: 7
A12: =Rolesfor1719!A12 & "," & Rolesfor1719!B12 & " " & Rolesfor1719!C12 -> Johnson,William Garreth | B12: =Rolesfor1719!D12 -> wgjohns3 | C12: =Rolesfor1719!F12 -> 09195 | F12: 5 | L12: 10
A13: =Rolesfor1719!A14 & "," & Rolesfor1719!B14 & " " & Rolesfor1719!C14 -> Kremin,Dawna Marie | B13: =Rolesfor1719!D14 -> dmkremin | C13: =Rolesfor1719!F14 -> 63437 | F13: 5 | L13: 9
A14: =Rolesfor1719!A15 & "," & Rolesfor1719!B15 & " " & Rolesfor1719!C15 -> Landers,Richard L | B14: =Rolesfor1719!D15 -> rllander | C14: =Rolesfor1719!F15 -> 66378 | F14: 5 | L14: 5
A15: =Rolesfor1719!A16 & "," & Rolesfor1719!B16 & " " & Rolesfor1719!C16 -> McCaskill,Dorothy | B15: =Rolesfor1719!D16 -> dmccaski | C15: =Rolesfor1719!F16 -> 62378 | F15: 0 | L15: 0
A16: =Rolesfor1719!A27 & "," & Rolesfor1719!B27 & " " & Rolesfor1719!C27 -> McKeon,JoJo | B16: jmckeon | C16: =Rolesfor1719!F27 -> 9yyyy | F16: 5 | L16: 5
A17: =Rolesfor1719!A17 & "," & Rolesfor1719!B17 & " " & Rolesfor1719!C17 -> Miano,Nichole Marie | B17: =Rolesfor1719!D17 -> nmmiano | C17: =Rolesfor1719!F17 -> 22337 | F17: 0 | L17: 0
A18: =Rolesfor1719!A18 & "," & Rolesfor1719!B18 & " " & Rolesfor1719!C18 -> Noboa,Cinthia E | B18: =Rolesfor1719!D18 -> cenoboa | C18: =Rolesfor1719!F18 -> 97982 | F18: 5 | L18: 5
A19: =Rolesfor1719!A19 & "," & Rolesfor1719!B19 & " " & Rolesfor1719!C19 -> Poland,Preston M | B19: =Rolesfor1719!D19 -> pmpoland | C19: =Rolesfor1719!F19 -> 07992 | F19: 0 | L19: 0
A20: =Rolesfor1719!A20 & "," & Rolesfor1719!B20 & " " & Rolesfor1719!C20 -> Ragogna,Victoria Elizabeth | B20: =Rolesfor1719!D20 -> veragogn | C20: =Rolesfor1719!F20 -> 68423 | F20: 0 | L20: 0
A21: =Rolesfor1719!A21 & "," & Rolesfor1719!B21 & " " & Rolesfor1719!C21 -> Reece,Mary Katherine | B21: =Rolesfor1719!D21 -> mkreece | C21: =Rolesfor1719!F21 -> 49672 | F21: 5 | L21: 3
A22: =Rolesfor1719!A22 & "," & Rolesfor1719!B22 & " " & Rolesfor1719!C22 -> Robinson,Laini Tessa | B22: =Rolesfor1719!D22 -> ltrobins | C22: =Rolesfor1719!F22 -> 43195 | F22: 5 | L22: 5
A23: =Rolesfor1719!A23 & "," & Rolesfor1719!B23 & " " & Rolesfor1719!C23 -> Simeri,Joseph L | B23: =Rolesfor1719!D23 -> jlsimeri | C23: =Rolesfor1719!F23 -> 00291 | F23: 0 | L23: 0
A24: =Rolesfor1719!A24 & "," & Rolesfor1719!B24 & " " & Rolesfor1719!C24 -> Unten,Joel Jiro | B24: =Rolesfor1719!D24 -> jjunten | C24: =Rolesfor1719!F24 -> 26990 | F24: 0 | L24: 10
A25: =Rolesfor1719!A25 & "," & Rolesfor1719!B25 & " " & Rolesfor1719!C25 -> White,Christopher Michael | B25: =Rolesfor1719!D25 -> cmwhite5 | C25: =Rolesfor1719!F25 -> 88413 | F25: 0 | L25: 0
A26: =Rolesfor1719!A26 & "," & Rolesfor1719!B26 & " " & Rolesfor1719!C26 -> Young,Foster Ramone | B26: =Rolesfor1719!D26 -> fryoung | C26: =Rolesfor1719!F26 -> 29214 | F26: 0 | L26: 8

Sheet RolesFor1713
A1: Last | B1: First | C1: Middle | D1: Username | E1: Student ID | F1: SID | G1: =VLOOKUP(WEEKDAY(G2)-1,Thedays,2) -> W | H1: =VLOOKUP(WEEKDAY(H2)-1,Thedays,2) -> F | I1: =VLOOKUP(WEEKDAY(I2)-1,Thedays,2) -> M | J1: =VLOOKUP(WEEKDAY(J2)-1,Thedays,2) -> W | K1: =VLOOKUP(WEEKDAY(K2)-1,Thedays,2) -> F | L1: =VLOOKUP(WEEKDAY(L2)-1,Thedays,2) -> M | M1: =VLOOKUP(WEEKDAY(M2)-1,Thedays,2) -> W | N1: =VLOOKUP(WEEKDAY(N2)-1,Thedays,2) -> F | ... AC1: =VLOOKUP(WEEKDAY(AC2)-1,Thedays,2) -> F
F2: 38005 | G2: =F2+2 -> 38007 | H2: =F2+4 -> 38009 | I2: =H2+3 -> 38012 | J2: =I2+2 -> 38014 | K2: =I2+4 -> 38016 | L2: =K2+3 -> 38019 | M2: =L2+2 -> 38021 | N2: =L2+4 -> 38023 | O2: =N2+3 -> 38026 | P2: =O2+2 -> 38028 | Q2: =O2+4 -> 38030 | R2: =Q2+3 -> 38033 | S2: =R2+2 -> 38035 | T2: =R2+4 -> 38037 | U2: =T2+3 -> 38040 | V2: =U2+2 -> 38042 | W2: =U2+4 -> 38044 | X2: =W2+3 -> 38047 | Y2: =X2+2 -> 38049 | Z2: =X2+4 -> 38051 | AA2: =Z2+3 -> 38054 | AB2: =AA2+2 -> 38056 | AC2: =AA2+4 -> 38058
A3: Burgess | B3: Joy | C3: Leah | D3: jlburges | E3: 547953461 | F3: =RIGHT(E3,5) -> 53461 | G3: 2 | H3: 2 | I3: 2 | J3: 2 | K3: 2 | L3: 2 | M3: 2 | N3: 2 | O3: 2 | P3: 2 | Q3: 2 | S3: 0 | T3: 2 | U3: 2 | V3: 2 | W3: 2
A4: Campbell | B4: Perry | C4: Lequient | D4: plcampb2 | E4: 62688193 | F4: =RIGHT(E4,5) -> 88193 | G4: 2 | H4: 2 | I4: 2 | J4: 2 | K4: 2 | L4: 2 | M4: 2 | N4: 2 | O4: 2 | P4: 2 | Q4: 2 | S4: 0 | T4: 2 | U4: 0 | V4: 0 | W4: 0
A5: Colbert | B5: John | C5: Christian | D5: jccolber | E5: 61549336 | F5: =RIGHT(E5,5) -> 49336 | G5: 2 | H5: 2 | I5: 2 | J5: 2 | K5: 2 | L5: 2 | M5: 2 | N5: 2 | O5: 2 | P5: 2 | Q5: 2 | R5: HOLIDAY | S5: 2 | T5: 2 | U5: 2 | V5: 2 | W5: 2
A6: Devedzic | B6: Milos | D6: mdevedzi | E6: 765032355 | F6: =RIGHT(E6,5) -> 32355 | G6: 2 | H6: 2 | I6: 2 | J6: 2 | K6: 2 | L6: 0 | M6: 0 | N6: 2 | O6: 2 | P6: 2 | Q6: 2 | S6: 2 | T6: 2 | U6: 0 | V6: 0 | W6: 2
A7: Diep | B7: Ronald | C7: Huynh | D7: rhdiep | E7: 600367172 | F7: =RIGHT(E7,5) -> 67172 | G7: 2 | H7: 2 | I7: 2 | J7: 2 | K7: 2 | L7: 2 | M7: 2 | N7: 2 | O7: 2 | P7: 2 | Q7: 2 | S7: 2 | T7: 2 | U7: 2 | V7: 2 | W7: 2
A8: Fooks | B8: Teresa | C8: B | D8: tbfooks | E8: 527277155 | F8: =RIGHT(E8,5) -> 77155 | G8: 2 | H8: 2 | I8: 2 | J8: 2 | K8: 2 | L8: 2 | M8: 2 | N8: 2 | O8: 2 | P8: 2 | Q8: 2 | S8: 2 | T8: 2 | U8: 2 | V8: 2 | W8: 2
A9: Gulyaev | B9: Marina | D9: mgulyaev | E9: 53761120 | F9: =RIGHT(E9,5) -> 61120 | G9: 2 | H9: 2 | I9: 2 | J9: 2 | K9: 2 | L9: 2 | M9: 2 | N9: 2 | O9: 2 | P9: 2 | Q9: 2 | S9: 0 | T9: 2 | U9: 2 | V9: 2 | W9: 2
A10: Harris | B10: Alexis | C10: Anthony | D10: aaharri3 | E10: 600349957 | F10: =RIGHT(E10,5) -> 49957 | G10: 2 | H10: 2 | I10: 0 | J10: 2 | K10: 2 | L10: 2 | M10: 2 | N10: 2 | O10: 2 | P10: 2 | Q10: 2 | S10: 0 | T10: 2 | U10: 2 | V10: 2 | W10: 2
A11: Johnson | B11: Erik | C11: Robert | D11: erjohns5 | E11: 600070526 | F11: =RIGHT(E11,5) -> 70526 | G11: 2 | H11: 2 | I11: 2 | J11: 2 | K11: 2 | L11: 2 | M11: 2 | N11: 2 | O11: 2 | P11: 2 | Q11: 2 | S11: 2 | T11: 2 | U11: 2 | V11: 0 | W11: 2
A12: Kowske | B12: Candice | C12: A | D12: cakowsk3 | E12: 523459935 | F12: =RIGHT(E12,5) -> 59935 | G12: 2 | H12: 2 | I12: 2 | J12: 2 | K12: 2 | L12: 2 | M12: 2 | N12: 2 | O12: 2 | P12: 2 | Q12: 2 | S12: 2 | T12: 2 | U12: 0 | V12: 2 | W12: 2
A13: Linehan | B13: Sheri | C13: Elizabeth | D13: selineha | E13: 549983958 | F13: =RIGHT(E13,5) -> 83958 | G13: 2 | H13: 2 | I13: 0 | J13: 2 | K13: 2 | L13: 0 | M13: 0 | N13: 0 | O13: 0 | P13: 0 | Q13: 0 | S13: 0 | T13: 0 | U13: 0 | V13: 0 | W13: 0
A14: Manning | B14: Anita | C14: Cathryn | D14: acbolcko | E14: 551131463 | F14: =RIGHT(E14,5) -> 31463 | G14: 2 | H14: 2 | I14: 2 | J14: 2 | K14: 2 | L14: 2 | M14: 2 | N14: 2 | O14: 2 | P14: 2 | Q14: 2 | S14: 2 | T14: 2 | U14: 2 | V14: 2 | W14: 2
A15: Maravilla | B15: Lucy | C15: V | D15: lvmaravi | E15: 600145125 | F15: =RIGHT(E15,5) -> 45125 | G15: 2 | H15: 2 | I15: 2 | J15: 2 | K15: 2 | L15: 2 | M15: 2 | N15: 2 | O15: 2 | P15: 2 | Q15: 2 | S15: 2 | T15: 2 | U15: 2 | V15: 2 | W15: 2
A16: Miller | B16: Andy | C16: M | D16: ammille6 | E16: 30640694 | F16: =RIGHT(E16,5) -> 40694 | G16: 2 | H16: 2 | I16: 2 | J16: 2 | K16: 2 | L16: 2 | M16: 2 | N16: 2 | O16: 2 | P16: 2 | Q16: 2 | S16: 0 | T16: 2 | U16: 2 | V16: 2 | W16: 2
A17: Miller | B17: Matthew | C17: Alex | D17: mamille9 | E17: 501158815 | F17: =RIGHT(E17,5) -> 58815 | G17: 2 | H17: 2 | I17: 2 | J17: 2 | K17: 2 | L17: 0 | M17: 0 | N17: 2 | O17: 2 | P17: 2 | Q17: 2 | S17: 2 | T17: 2 | U17: 2 | V17: 2 | W17: 2
A18: Mutwol | B18: Adam | D18: amutwol | E18: 999124424 | F18: =RIGHT(E18,5) -> 24424 | G18: 2 | H18: 2 | I18: 2 | J18: 2 | K18: 2 | L18: 2 | M18: 2 | N18: 2 | O18: 2 | P18: 2 | Q18: 2 | S18: 2 | T18: 2 | U18: 2 | V18: 2 | W18: 2
A19: Thomas | B19: Kiera | C19: Ann | D19: kathomas | E19: 600809457 | F19: =RIGHT(E19,5) -> 09457 | G19: 2 | H19: 2 | I19: 2 | J19: 2 | K19: 2 | L19: 2 | M19: 2 | N19: 2 | O19: 2 | P19: 2 | Q19: 2 | S19: 2 | T19: 2 | U19: 0 | V19: 2 | W19: 2
A20: Tudor | B20: Michelle | C20: G | D20: mgmollbe | E20: 313662889 | F20: =RIGHT(E20,5) -> 62889 | G20: 2 | H20: 2 | I20: 2 | J20: 2 | K20: 2 | L20: 2 | M20: 2 | N20: 2 | O20: 2 | P20: 2 | Q20: 2 | S20: 2 | T20: 2 | U20: 2 | V20: 2 | W20: 2
A21: Villaverde | B21: Carissa | C21: N | D21: cnvillav | E21: 601904590 | F21: =RIGHT(E21,5) -> 04590 | G21: 2 | H21: 2 | I21: 2 | J21: 2 | K21: 2 | L21: 2 | M21: 2 | N21: 2 | O21: 2 | P21: 2 | Q21: 2 | S21: 2 | T21: 2 | U21: 2 | V21: 0 | W21: 2
A22: Wax | B22: Aaron | C22: C | D22: acwax | E22: 600812513 | F22: =RIGHT(E22,5) -> 12513 | G22: 2 | H22: 2 | I22: 0 | J22: 0 | K22: 0 | L22: 0 | M22: 0 | N22: 0 | O22: 0 | P22: 0 | Q22: 0 | S22: 0 | T22: 0 | U22: 0 | V22: 0 | W22: 0
A23: Wise | B23: Alison | C23: Marie | D23: amwise | E23: 600463738 | F23: =RIGHT(E23,5) -> 63738 | G23: 2 | H23: 2 | I23: 2 | J23: 2 | K23: 2 | L23: 2 | M23: 2 | N23: 2 | O23: 2 | P23: 2 | Q23: 2 | S23: 2 | T23: 2 | U23: 2 | V23: 0 | W23: 2
G24: Days with heavy underlines = no attendance taken
A31: 0 | B31: S
A32: 1 | B32: M
A33: 2 | B33: T
A34: 3 | B34: W
A35: 4 | B35: R
A36: 5 | B36: F
A37: 6 | B37: S

Sheet Grades for 1713 Spring 2004
A1: Full Name | B1: Username | C1: Student ID | D1: Section | E1: MidTerm | F1: Participation | G1: Word | H1: Excel | I1: Access | J1: Ppoint | K1: Percent of Possible with Participation | L1: Estimated Ending Grade | M1: 100% Point Level
A2: =RolesFor1713!A3 & "," & RolesFor1713!B3 & " " & RolesFor1713!C3 -> Burgess,Joy Leah | B2: =RolesFor1713!D3 -> jlburges | C2: =RolesFor1713!F3 -> 53461 | E2: 66 | F2: 15 | G2: 85 | H2: 33 | K2: =IF(SUM(E2:J2)/500>1,1,SUM(E2:J2)/500) -> 0.398 | L2: I | M2: 440 | N2: 0 | O2: F
N3: 0.595 | O3: D
A4: =RolesFor1713!A5 & "," & RolesFor1713!B5 & " " & RolesFor1713!C5 -> Colbert,John Christian | B4: =RolesFor1713!D5 -> jccolber | C4: =RolesFor1713!F5 -> 49336 | E4: 94 | F4: 18 | G4: 100 | H4: 100 | I4: 100 | J4: 100 | K4: =IF(SUM(E4:J4)/500>1,1,SUM(E4:J4)/500) -> 1 | L4: =VLOOKUP(K4,$N$2:$O$6,2) -> A | N4: 0.695 | O4: C
A5: =RolesFor1713!A6 & "," & RolesFor1713!B6 & " " & RolesFor1713!C6 -> Devedzic,Milos | B5: =RolesFor1713!D6 -> mdevedzi | C5: 32355 | E5: 98 | F5: 18 | G5: 81 | H5: 80 | I5: 80 | J5: 83 | K5: =IF(SUM(E5:J5)/500>1,1,SUM(E5:J5)/500) -> 0.88 | L5: =VLOOKUP(K5,$N$2:$O$6,2) -> B | N5: 0.795 | O5: B
A6: =RolesFor1713!A7 & "," & RolesFor1713!B7 & " " & RolesFor1713!C7 -> Diep,Ronald Huynh | B6: =RolesFor1713!D7 -> rhdiep | C6: =RolesFor1713!F7 -> 67172 | E6: 96 | F6: 15 | G6: 95 | H6: 100 | I6: 100 | J6: 100 | K6: =IF(SUM(E6:J6)/500>1,1,SUM(E6:J6)/500) -> 1 | L6: =VLOOKUP(K6,$N$2:$O$6,2) -> A | N6: 0.895 | O6: A
A7: =RolesFor1713!A8 & "," & RolesFor1713!B8 & " " & RolesFor1713!C8 -> Fooks,Teresa B | B7: =RolesFor1713!D8 -> tbfooks | C7: =RolesFor1713!F8 -> 77155 | E7: 96 | F7: 13 | G7: 100 | H7: 100 | I7: 100 | J7: 100 | K7: =IF(SUM(E7:J7)/500>1,1,SUM(E7:J7)/500) -> 1 | L7: =VLOOKUP(K7,$N$2:$O$6,2) -> A
A8: =RolesFor1713!A9 & "," & RolesFor1713!B9 & " " & RolesFor1713!C9 -> Gulyaev,Marina | B8: =RolesFor1713!D9 -> mgulyaev | C8: =RolesFor1713!F9 -> 61120 | E8: 54 | F8: 8 | G8: 0 | H8: 0 | K8: =IF(SUM(E8:J8)/500>1,1,SUM(E8:J8)/500) -> 0.124 | L8: I
A9: =RolesFor1713!A10 & "," & RolesFor1713!B10 & " " & RolesFor1713!C10 -> Harris,Alexis Anthony | B9: =RolesFor1713!D10 -> aaharri3 | C9: =RolesFor1713!F10 -> 49957 | E9: 78 | F9: 23 | G9: 95 | H9: 100 | I9: 71 | J9: 91 | K9: =IF(SUM(E9:J9)/500>1,1,SUM(E9:J9)/500) -> 0.916 | L9: =VLOOKUP(K9,$N$2:$O$6,2) -> A
A10: =RolesFor1713!A11 & "," & RolesFor1713!B11 & " " & RolesFor1713!C11 -> Johnson,Erik Robert | B10: =RolesFor1713!D11 -> erjohns5 | C10: =RolesFor1713!F11 -> 70526 | E10: 70 | F10: 20 | G10: 81 | H10: 80 | I10: 18 | J10: 100 | K10: =IF(SUM(E10:J10)/500>1,1,SUM(E10:J10)/500) -> 0.738 | L10: =VLOOKUP(K10,$N$2:$O$6,2) -> C
A11: =RolesFor1713!A12 & "," & RolesFor1713!B12 & " " & RolesFor1713!C12 -> Kowske,Candice A | B11: =RolesFor1713!D12 -> cakowsk3 | C11: =RolesFor1713!F12 -> 59935 | E11: 78 | F11: 15 | G11: 100 | H11: 100 | I11: 100 | J11: 100 | K11: =IF(SUM(E11:J11)/500>1,1,SUM(E11:J11)/500) -> 0.986 | L11: =VLOOKUP(K11,$N$2:$O$6,2) -> A
A12: =RolesFor1713!A14 & "," & RolesFor1713!B14 & " " & RolesFor1713!C14 -> Manning,Anita Cathryn | B12: =RolesFor1713!D14 -> acbolcko | C12: =RolesFor1713!F14 -> 31463 | E12: 92 | F12: 13 | G12: 100 | H12: 100 | I12: 100 | J12: 100 | K12: =IF(SUM(E12:J12)/500>1,1,SUM(E12:J12)/500) -> 1 | L12: =VLOOKUP(K12,$N$2:$O$6,2) -> A
A13: =RolesFor1713!A15 & "," & RolesFor1713!B15 & " " & RolesFor1713!C15 -> Maravilla,Lucy V | B13: =RolesFor1713!D15 -> lvmaravi | C13: =RolesFor1713!F15 -> 45125 | E13: 76 | F13: 15 | G13: 100 | H13: 100 | I13: 100 | J13: 100 | K13: =IF(SUM(E13:J13)/500>1,1,SUM(E13:J13)/500) -> 0.982 | L13: =VLOOKUP(K13,$N$2:$O$6,2) -> A
A14: =RolesFor1713!A16 & "," & RolesFor1713!B16 & " " & RolesFor1713!C16 -> Miller,Andy M | B14: =RolesFor1713!D16 -> ammille6 | C14: =RolesFor1713!F16 -> 40694 | E14: 62 | F14: 13 | G14: 100 | H14: 89 | I14: 64 | J14: 69 | K14: =IF(SUM(E14:J14)/500>1,1,SUM(E14:J14)/500) -> 0.794 | L14: =VLOOKUP(K14,$N$2:$O$6,2) -> C
A15: =RolesFor1713!A17 & "," & RolesFor1713!B17 & " " & RolesFor1713!C17 -> Miller,Matthew Alex | B15: =RolesFor1713!D17 -> mamille9 | C15: =RolesFor1713!F17 -> 58815 | E15: 74 | F15: 20 | G15: 100 | H15: 60 | I15: 61 | J15: 100 | K15: =IF(SUM(E15:J15)/500>1,1,SUM(E15:J15)/500) -> 0.83 | L15: =VLOOKUP(K15,$N$2:$O$6,2) -> B
A16: =RolesFor1713!A18 & "," & RolesFor1713!B18 & " " & RolesFor1713!C18 -> Mutwol,Adam | B16: =RolesFor1713!D18 -> amutwol | C16: =RolesFor1713!F18 -> 24424 | E16: 100 | F16: 13 | G16: 100 | H16: 100 | I16: 100 | J16: 100 | K16: =IF(SUM(E16:J16)/500>1,1,SUM(E16:J16)/500) -> 1 | L16: =VLOOKUP(K16,$N$2:$O$6,2) -> A
A17: =RolesFor1713!A19 & "," & RolesFor1713!B19 & " " & RolesFor1713!C19 -> Thomas,Kiera Ann | B17: =RolesFor1713!D19 -> kathomas | C17: =RolesFor1713!F19 -> 09457 | E17: 80 | F17: 15 | G17: 97 | H17: 63 | I17: 2 | J17: 65 | K17: =IF(SUM(E17:J17)/500>1,1,SUM(E17:J17)/500) -> 0.644 | L17: =VLOOKUP(K17,$N$2:$O$6,2) -> D
A18: =RolesFor1713!A20 & "," & RolesFor1713!B20 & " " & RolesFor1713!C20 -> Tudor,Michelle G | B18: =RolesFor1713!D20 -> mgmollbe | C18: =RolesFor1713!F20 -> 62889 | E18: 100 | F18: 15 | G18: 100 | H18: 100 | I18: 100 | J18: 100 | K18: =IF(SUM(E18:J18)/500>1,1,SUM(E18:J18)/500) -> 1 | L18: =VLOOKUP(K18,$N$2:$O$6,2) -> A
A19: =RolesFor1713!A21 & "," & RolesFor1713!B21 & " " & RolesFor1713!C21 -> Villaverde,Carissa N | B19: =RolesFor1713!D21 -> cnvillav | C19: =RolesFor1713!F21 -> 04590 | E19: 96 | F19: 10 | G19: 100 | H19: 100 | I19: 100 | J19: 100 | K19: =IF(SUM(E19:J19)/500>1,1,SUM(E19:J19)/500) -> 1 | L19: =VLOOKUP(K19,$N$2:$O$6,2) -> A
A21: =RolesFor1713!A23 & "," & RolesFor1713!B23 & " " & RolesFor1713!C23 -> Wise,Alison Marie | B21: =RolesFor1713!D23 -> amwise | C21: =RolesFor1713!F23 -> 63738 | E21: 84 | F21: 13 | G21: 100 | H21: 100 | I21: 100 | J21: 100 | K21: =IF(SUM(E21:J21)/500>1,1,SUM(E21:J21)/500) -> 0.994 | L21: =VLOOKUP(K21,$N$2:$O$6,2) -> A
