Workbook

Sheet Summary
A1: =NOW() -> 43857.529
A3: Do not type information on this page.
A5: Staff Development Action Information
A7: Total School Hours | C7: =SUM(C9:C199) -> 32 | D7: =SUM(D9:D199) -> 8 | E7: =SUM(E9:E199) -> 20 | F7: =SUM(F9:F199) -> 4 | G7: =SUM(G9:G199) -> 8 | H7: =SUM(H9:H199) -> 0 | I7: =SUM(I9:I199) -> 8 | J7: =SUM(J9:J199) -> 0 | ... N7: =SUM(N9:N199) -> 8
A8: Staff Members | B8: Grade/Subject | C8: Total Hours | D8: County Goals | E8: School Goals | F8: Individual Goals | G8: Hands-on Workshop | H8: Study Group | I8: Action Research | J8: Conference | K8: Demonstration Teaching | L8: Coaching Educators | M8: Modeling | N8: Other/ List
A9: =Whitley!B3 -> Johanna Whitley | B9: =Whitley!B6 -> 1st Grade | C9: =Whitley!D8 -> 20 | D9: =Whitley!G8 -> 8 | E9: =Whitley!H8 -> 12 | F9: =Whitley!I8 -> 0 | G9: =Whitley!K8 -> 4 | H9: =Whitley!L8 -> 0 | I9: =Whitley!M8 -> 0 | J9: =Whitley!N8 -> 0 | K9: =Whitley!O8 -> 8 | L9: =Whitley!P8 -> 0 | M9: =Whitley!Q8 -> 0 | N9: =Whitley!R8 -> 8
A10: =Brown!B3 -> Perry Brown | B10: =Brown!B6 -> Math | C10: =Brown!D8 -> 8 | D10: =Brown!G8 -> 0 | E10: =Brown!H8 -> 8 | F10: =Brown!I8 -> 0 | G10: =Brown!K8 -> 0 | H10: =Brown!L8 -> 0 | I10: =Brown!M8 -> 8 | J10: =Brown!N8 -> 0 | K10: =Brown!O8 -> 0 | L10: =Brown!P8 -> 0 | M10: =Brown!Q8 -> 0 | N10: =Brown!R8 -> 0
A11: =Hicks!B3 -> Stewart Hicks | B11: =Hicks!B6 -> Math | C11: =Hicks!D8 -> 4 | D11: =Hicks!G8 -> 0 | E11: =Hicks!H8 -> 0 | F11: =Hicks!I8 -> 4 | G11: =Hicks!K8 -> 4 | H11: =Hicks!L8 -> 0 | I11: =Hicks!M8 -> 0 | J11: =Hicks!N8 -> 0 | K11: =Hicks!O8 -> 0 | L11: =Hicks!P8 -> 0 | M11: =Hicks!Q8 -> 0 | N11: =Hicks!R8 -> 0
A12: =Kidwell!B3 -> Janice Kidwell | B12: =Kidwell!B6 -> English | C12: =Kidwell!D8 -> 0 | D12: =Kidwell!G8 -> 0 | E12: =Kidwell!H8 -> 0 | F12: =Kidwell!I8 -> 0 | G12: =Kidwell!K8 -> 0 | H12: =Kidwell!L8 -> 0 | I12: =Kidwell!M8 -> 0 | J12: =Kidwell!N8 -> 0 | K12: =Kidwell!O8 -> 0 | L12: =Kidwell!P8 -> 0 | M12: =Kidwell!Q8 -> 0 | N12: =Kidwell!R8 -> 0
A13: =CHicks!B3 -> Carl Hicks | B13: =CHicks!B6 -> Science | C13: =CHicks!D8 -> 0 | D13: =CHicks!G8 -> 0 | E13: =CHicks!H8 -> 0 | F13: =CHicks!I8 -> 0 | G13: =CHicks!K8 -> 0 | H13: =CHicks!L8 -> 0 | I13: =CHicks!M8 -> 0 | J13: =CHicks!N8 -> 0 | K13: =CHicks!O8 -> 0 | L13: =CHicks!P8 -> 0 | M13: =CHicks!Q8 -> 0 | N13: =CHicks!R8 -> 0
A14: =Teacher6!B3 -> Jim Stewart | B14: =Teacher6!B6 -> Social Studies | C14: =Teacher6!D8 -> 0 | D14: =Teacher6!G8 -> 0 | E14: =Teacher6!H8 -> 0 | F14: =Teacher6!I8 -> 0 | G14: =Teacher6!K8 -> 0 | H14: =Teacher6!L8 -> 0 | I14: =Teacher6!M8 -> 0 | J14: =Teacher6!N8 -> 0 | K14: =Teacher6!O8 -> 0 | L14: =Teacher6!P8 -> 0 | M14: =Teacher6!Q8 -> 0 | N14: =Teacher6!R8 -> 0
A15: =Teacher7!B3 -> Debbie Warrington | B15: =Teacher7!B6 -> Music | C15: =Teacher7!D8 -> 0 | D15: =Teacher7!G8 -> 0 | E15: =Teacher7!H8 -> 0 | F15: =Teacher7!I8 -> 0 | G15: =Teacher7!K8 -> 0 | H15: =Teacher7!L8 -> 0 | I15: =Teacher7!M8 -> 0 | J15: =Teacher7!N8 -> 0 | K15: =Teacher7!O8 -> 0 | L15: =Teacher7!P8 -> 0 | M15: =Teacher7!Q8 -> 0 | N15: =Teacher7!R8 -> 0
A16: Linda Hunley | B16: =Teacher8!B6 -> Art | C16: =Teacher8!D8 -> 0 | D16: =Teacher8!G8 -> 0 | E16: =Teacher8!H8 -> 0 | F16: =Teacher8!I8 -> 0 | G16: =Teacher8!K8 -> 0 | H16: =Teacher8!L8 -> 0 | I16: =Teacher8!M8 -> 0 | J16: =Teacher8!N8 -> 0 | K16: =Teacher8!O8 -> 0 | L16: =Teacher8!P8 -> 0 | M16: =Teacher8!Q8 -> 0 | N16: =Teacher8!R8 -> 0
A17: =Teacher9!B3 -> Larry Foster | B17: =Teacher9!B6 -> Voc Tech | C17: =Teacher9!D8 -> 0 | D17: =Teacher9!G8 -> 0 | E17: =Teacher9!H8 -> 0 | F17: =Teacher9!I8 -> 0 | G17: =Teacher9!K8 -> 0 | H17: =Teacher9!L8 -> 0 | I17: =Teacher9!M8 -> 0 | J17: =Teacher9!N8 -> 0 | K17: =Teacher9!O8 -> 0 | L17: =Teacher9!P8 -> 0 | M17: =Teacher9!Q8 -> 0 | N17: =Teacher9!R8 -> 0
A18: Denise Wilburn | B18: =Teacher10!B6 -> Math | C18: =Teacher10!D8 -> 0 | D18: =Teacher10!G8 -> 0 | E18: =Teacher10!H8 -> 0 | F18: =Teacher10!I8 -> 0 | G18: =Teacher10!K8 -> 0 | H18: =Teacher10!L8 -> 0 | I18: =Teacher10!M8 -> 0 | J18: =Teacher10!N8 -> 0 | K18: =Teacher10!O8 -> 0 | L18: =Teacher10!P8 -> 0 | M18: =Teacher10!Q8 -> 0 | N18: =Teacher10!R8 -> 0
A19: Teacher11 | C19: =Teacher11!D8 -> 0 | D19: =Teacher11!G8 -> 0 | E19: =Teacher11!H8 -> 0 | F19: =Teacher11!I8 -> 0 | G19: =Teacher11!K8 -> 0 | H19: =Teacher11!L8 -> 0 | I19: =Teacher11!M8 -> 0 | J19: =Teacher11!N8 -> 0 | K19: =Teacher11!O8 -> 0 | L19: =Teacher11!P8 -> 0 | M19: =Teacher11!Q8 -> 0 | N19: =Teacher11!R8 -> 0
A20: Teacher12 | C20: =Teacher12!D8 -> 0 | D20: =Teacher12!G8 -> 0 | E20: =Teacher12!H8 -> 0 | F20: =Teacher12!I8 -> 0 | G20: =Teacher12!K8 -> 0 | H20: =Teacher12!L8 -> 0 | I20: =Teacher12!M8 -> 0 | J20: =Teacher12!N8 -> 0 | K20: =Teacher12!O8 -> 0 | L20: =Teacher12!P8 -> 0 | M20: =Teacher12!Q8 -> 0 | N20: =Teacher12!R8 -> 0
A21: Teacher13 | C21: =Teacher13!D8 -> 0 | D21: =Teacher13!G8 -> 0 | E21: =Teacher13!H8 -> 0 | F21: =Teacher13!I8 -> 0 | G21: =Teacher13!K8 -> 0 | H21: =Teacher13!L8 -> 0 | I21: =Teacher13!M8 -> 0 | J21: =Teacher13!N8 -> 0 | K21: =Teacher13!O8 -> 0 | L21: =Teacher13!P8 -> 0 | M21: =Teacher13!Q8 -> 0 | N21: =Teacher13!R8 -> 0
A22: Teacher14 | C22: =Teacher14!D8 -> 0 | D22: =Teacher14!G8 -> 0 | E22: =Teacher14!H8 -> 0 | F22: =Teacher14!I8 -> 0 | G22: =Teacher14!K8 -> 0 | H22: =Teacher14!L8 -> 0 | I22: =Teacher14!M8 -> 0 | J22: =Teacher14!N8 -> 0 | K22: =Teacher14!O8 -> 0 | L22: =Teacher14!P8 -> 0 | M22: =Teacher14!Q8 -> 0 | N22: =Teacher14!R8 -> 0
A23: Teacher15 | C23: =Teacher15!D8 -> 0 | D23: =Teacher15!G8 -> 0 | E23: =Teacher15!H8 -> 0 | F23: =Teacher15!I8 -> 0 | G23: =Teacher15!K8 -> 0 | H23: =Teacher15!L8 -> 0 | I23: =Teacher15!M8 -> 0 | J23: =Teacher15!N8 -> 0 | K23: =Teacher15!O8 -> 0 | L23: =Teacher15!P8 -> 0 | M23: =Teacher15!Q8 -> 0 | N23: =Teacher15!R8 -> 0
A24: Teacher16 | C24: =Teacher16!D8 -> 0 | D24: =Teacher16!G8 -> 0 | E24: =Teacher16!H8 -> 0 | F24: =Teacher16!I8 -> 0 | G24: =Teacher15!K8 -> 0 | H24: =Teacher15!L8 -> 0 | I24: =Teacher15!M8 -> 0 | J24: =Teacher15!N8 -> 0 | K24: =Teacher15!O8 -> 0 | L24: =Teacher15!P8 -> 0 | M24: =Teacher15!Q8 -> 0 | N24: =Teacher15!R8 -> 0
A25: Teacher17 | C25: =Teacher17!D8 -> 0 | D25: =Teacher17!G8 -> 0 | E25: =Teacher17!H8 -> 0 | F25: =Teacher17!I8 -> 0 | G25: =Teacher17!K8 -> 0 | H25: =Teacher17!L8 -> 0 | I25: =Teacher17!M8 -> 0 | J25: =Teacher17!N8 -> 0 | K25: =Teacher17!O8 -> 0 | L25: =Teacher17!P8 -> 0 | M25: =Teacher17!Q8 -> 0 | N25: =Teacher17!R8 -> 0
A26: Teacher18 | C26: =Teacher18!D8 -> 0 | D26: =Teacher18!G8 -> 0 | E26: =Teacher18!H8 -> 0 | F26: =Teacher18!I8 -> 0 | G26: =Teacher18!K8 -> 0 | H26: =Teacher18!L8 -> 0 | I26: =Teacher18!M8 -> 0 | J26: =Teacher18!N8 -> 0 | K26: =Teacher18!O8 -> 0 | L26: =Teacher18!P8 -> 0 | M26: =Teacher18!Q8 -> 0 | N26: =Teacher18!R8 -> 0
A27: Teacher19 | C27: =Teacher19!D8 -> 0 | D27: =Teacher19!G8 -> 0 | E27: =Teacher19!H8 -> 0 | F27: =Teacher19!I8 -> 0 | G27: =Teacher19!K8 -> 0 | H27: =Teacher19!L8 -> 0 | I27: =Teacher19!M8 -> 0 | J27: =Teacher19!N8 -> 0 | K27: =Teacher19!O8 -> 0 | L27: =Teacher19!P8 -> 0 | M27: =Teacher19!Q8 -> 0 | N27: =Teacher19!R8 -> 0
A28: Teacher20 | C28: =Teacher20!D8 -> 0 | D28: =Teacher20!G8 -> 0 | E28: =Teacher20!H8 -> 0 | F28: =Teacher20!I8 -> 0 | G28: =Teacher20!K8 -> 0 | H28: =Teacher20!L8 -> 0 | I28: =Teacher20!M8 -> 0 | J28: =Teacher20!N8 -> 0 | K28: =Teacher20!O8 -> 0 | L28: =Teacher20!P8 -> 0 | M28: =Teacher20!Q8 -> 0 | N28: =Teacher20!R8 -> 0
A29: Teacher21 | C29: =Teacher21!D8 -> 0 | D29: =Teacher21!G8 -> 0 | E29: =Teacher21!H8 -> 0 | F29: =Teacher21!I8 -> 0 | G29: =Teacher21!K8 -> 0 | H29: =Teacher21!L8 -> 0 | I29: =Teacher21!M8 -> 0 | J29: =Teacher21!N8 -> 0 | K29: =Teacher21!O8 -> 0 | L29: =Teacher21!P8 -> 0 | M29: =Teacher21!Q8 -> 0 | N29: =Teacher21!R8 -> 0
A30: Teacher22 | C30: =Teacher22!D8 -> 0 | D30: =Teacher22!G8 -> 0 | E30: =Teacher22!H8 -> 0 | F30: =Teacher22!I8 -> 0 | G30: =Teacher22!K8 -> 0 | H30: =Teacher22!L8 -> 0 | I30: =Teacher22!M8 -> 0 | J30: =Teacher22!N8 -> 0 | K30: =Teacher22!O8 -> 0 | L30: =Teacher22!P8 -> 0 | M30: =Teacher22!Q8 -> 0 | N30: =Teacher22!R8 -> 0
A31: Teacher23 | C31: =Teacher23!D8 -> 0 | D31: =Teacher23!G8 -> 0 | E31: =Teacher23!H8 -> 0 | F31: =Teacher23!I8 -> 0 | G31: =Teacher23!K8 -> 0 | H31: =Teacher23!L8 -> 0 | I31: =Teacher23!M8 -> 0 | J31: =Teacher23!N8 -> 0 | K31: =Teacher23!O8 -> 0 | L31: =Teacher23!P8 -> 0 | M31: =Teacher23!Q8 -> 0 | N31: =Teacher23!R8 -> 0
A32: Teacher24 | C32: =Teacher24!D8 -> 0 | D32: =Teacher24!G8 -> 0 | E32: =Teacher24!H8 -> 0 | F32: =Teacher24!I8 -> 0 | G32: =Teacher24!K8 -> 0 | H32: =Teacher24!L8 -> 0 | I32: =Teacher24!M8 -> 0 | J32: =Teacher24!N8 -> 0 | K32: =Teacher24!O8 -> 0 | L32: =Teacher24!P8 -> 0 | M32: =Teacher24!Q8 -> 0 | N32: =Teacher24!R8 -> 0
A33: Teacher25 | C33: =Teacher25!D8 -> 0 | D33: =Teacher25!G8 -> 0 | E33: =Teacher25!H8 -> 0 | F33: =Teacher25!I8 -> 0 | G33: =Teacher25!K8 -> 0 | H33: =Teacher25!L8 -> 0 | I33: =Teacher25!M8 -> 0 | J33: =Teacher25!N8 -> 0 | K33: =Teacher25!O8 -> 0 | L33: =Teacher25!P8 -> 0 | M33: =Teacher25!Q8 -> 0 | N33: =Teacher25!R8 -> 0
A34: Teacher26 | C34: =Teacher26!D8 -> 0 | D34: =Teacher26!G8 -> 0 | E34: =Teacher26!H8 -> 0 | F34: =Teacher26!I8 -> 0 | G34: =Teacher26!K8 -> 0 | H34: =Teacher26!L8 -> 0 | I34: =Teacher26!M8 -> 0 | J34: =Teacher26!N8 -> 0 | K34: =Teacher26!O8 -> 0 | L34: =Teacher26!P8 -> 0 | M34: =Teacher26!Q8 -> 0 | N34: =Teacher26!R8 -> 0
A35: Teacher27 | C35: =Teacher27!D8 -> 0 | D35: =Teacher27!G8 -> 0 | E35: =Teacher27!H8 -> 0 | F35: =Teacher27!I8 -> 0 | G35: =Teacher27!K8 -> 0 | H35: =Teacher27!L8 -> 0 | I35: =Teacher27!M8 -> 0 | J35: =Teacher27!N8 -> 0 | K35: =Teacher27!O8 -> 0 | L35: =Teacher27!P8 -> 0 | M35: =Teacher27!Q8 -> 0 | N35: =Teacher27!R8 -> 0
A36: Teacher28 | C36: =Teacher28!D8 -> 0 | D36: =Teacher28!G8 -> 0 | E36: =Teacher28!H8 -> 0 | F36: =Teacher28!I8 -> 0 | G36: =Teacher28!K8 -> 0 | H36: =Teacher28!L8 -> 0 | I36: =Teacher28!M8 -> 0 | J36: =Teacher28!N8 -> 0 | K36: =Teacher28!O8 -> 0 | L36: =Teacher28!P8 -> 0 | M36: =Teacher28!Q8 -> 0 | N36: =Teacher28!R8 -> 0
A37: Teacher29 | C37: =Teacher29!D8 -> 0 | D37: =Teacher29!G8 -> 0 | E37: =Teacher29!H8 -> 0 | F37: =Teacher29!I8 -> 0 | G37: =Teacher29!K8 -> 0 | H37: =Teacher29!L8 -> 0 | I37: =Teacher29!M8 -> 0 | J37: =Teacher29!N8 -> 0 | K37: =Teacher29!O8 -> 0 | L37: =Teacher29!P8 -> 0 | M37: =Teacher29!Q8 -> 0 | N37: =Teacher29!R8 -> 0
A38: Teacher30 | C38: =Teacher30!D8 -> 0 | D38: =Teacher30!G8 -> 0 | E38: =Teacher30!H8 -> 0 | F38: =Teacher30!I8 -> 0 | G38: =Teacher30!K8 -> 0 | H38: =Teacher30!L8 -> 0 | I38: =Teacher30!M8 -> 0 | J38: =Teacher30!N8 -> 0 | K38: =Teacher30!O8 -> 0 | L38: =Teacher30!P8 -> 0 | M38: =Teacher30!Q8 -> 0 | N38: =Teacher30!R8 -> 0

Sheet Whitley
A1: =NOW() -> 43857.529
A3: Name | B3: Johanna Whitley
A4: Dates to be Evaluated
A5: Completed Evaluation Dates | G5: Type Information in Hours
A6: Grade or Subject | B6: 1st Grade
B8: Total Hours | D8: =SUM(D10:D200) -> 20 | F8: =SUM(F10:F200) -> 4 | G8: =SUM(G10:G200) -> 8 | H8: =SUM(H10:H200) -> 12 | I8: =SUM(I10:I200) -> 0 | K8: =SUM(K10:K200) -> 4 | L8: =SUM(L10:L200) -> 0 | M8: =SUM(M10:M200) -> 0 | N8: =SUM(N10:N200) -> 0 | O8: =SUM(O10:O200) -> 8 | P8: =SUM(P10:P200) -> 0 | Q8: =SUM(Q10:Q200) -> 0 | R8: =SUM(R10:R200) -> 8
A9: Activity ID | B9: Activity Name | C9: Date | D9: Hours | E9: Principal Approval | F9: Inservice Credit | G9: County Goal | H9: School Goal | I9: Individual Goal | J9: Follow-up Date(s) | K9: Hands-on Workshop | L9: Student Group | M9: Action Research | N9: Conference | O9: Demonstration Teaching | P9: Coaching Educators | Q9: Modeling | R9: Other | S9: List Other
A10: ACH99-101 | B10: E-Mail in the Classroom | C10: 36193 | D10: 4 | E10: Yes | F10: 4 | H10: 4 | K10: 4
A11: ACH99-107 | B11: Classroom Mgt | C11: 36163 | D11: 8 | E11: Yes | H11: 8 | J11: 36222 | O11: 8
A12: ACH99-100 | B12: Math Benchmark/ Assessment | C12: 36196 | D12: 8 | E12: Yes | G12: 8 | R12: 8 | S12: Committee/Assessment

Sheet Brown
A1: =NOW() -> 43857.529
A3: Name | B3: Perry Brown
A4: Dates to be Evaluated
A5: Completed Evaluation Dates | G5: Type Information in Hours
A6: Grade or Subject | B6: Math
B8: Total Hours | D8: =SUM(D10:D200) -> 8 | F8: =SUM(F10:F200) -> 0 | G8: =SUM(G10:G200) -> 0 | H8: =SUM(H10:H200) -> 8 | I8: =SUM(I10:I200) -> 0 | K8: =SUM(K10:K200) -> 0 | L8: =SUM(L10:L200) -> 0 | M8: =SUM(M10:M200) -> 8 | N8: =SUM(N10:N200) -> 0 | O8: =SUM(O10:O200) -> 0 | P8: =SUM(P10:P200) -> 0 | Q8: =SUM(Q10:Q200) -> 0 | R8: =SUM(R10:R200) -> 0
A9: Activity ID | B9: Activity Name | C9: Date | D9: Hours | E9: Principal Approval | F9: Inservice Credit | G9: County Goal | H9: School Goal | I9: Individual Goal | J9: Follow-up Date(s) | K9: Hands-on Workshop | L9: Student Group | M9: Action Research | N9: Conference | O9: Demonstration Teaching | P9: Coaching Educators | Q9: Modeling | R9: Other | S9: List Other
A10: ACS99-110 | B10: Curriculum Mapping | C10: 36166 | D10: 8 | E10: Yes | F10: 0 | H10: 8 | J10: 36192 | M10: 8

Sheet Hicks
A1: =NOW() -> 43857.529
A3: Name | B3: Stewart Hicks
A4: Dates to be Evaluated
A5: Completed Evaluation Dates | G5: Type Information in Hours
A6: Grade or Subject | B6: Math
B8: Total Hours | D8: =SUM(D10:D200) -> 4 | F8: =SUM(F10:F200) -> 4 | G8: =SUM(G10:G200) -> 0 | H8: =SUM(H10:H200) -> 0 | I8: =SUM(I10:I200) -> 4 | K8: =SUM(K10:K200) -> 4 | L8: =SUM(L10:L200) -> 0 | M8: =SUM(M10:M200) -> 0 | N8: =SUM(N10:N200) -> 0 | O8: =SUM(O10:O200) -> 0 | P8: =SUM(P10:P200) -> 0 | Q8: =SUM(Q10:Q200) -> 0 | R8: =SUM(R10:R200) -> 0
A9: Activity ID | B9: Activity Name | C9: Date | D9: Hours | E9: Principal Approval | F9: Inservice Credit | G9: County Goal | H9: School Goal | I9: Individual Goal | J9: Follow-up Date(s) | K9: Hands-on Workshop | L9: Student Group | M9: Action Research | N9: Conference | O9: Demonstration Teaching | P9: Coaching Educators | Q9: Modeling | R9: Other | S9: List Other
A10: ACS99-120 | B10: Technology 101 | C10: 36192 | D10: 4 | E10: Yes | F10: 4 | I10: 4 | J10: 36192 | K10: 4

Sheet Kidwell
A1: =NOW() -> 43857.529
A3: Name | B3: Janice Kidwell
A4: Dates to be Evaluated
A5: Completed Evaluation Dates | G5: Type Information in Hours
A6: Grade or Subject | B6: English
B8: Total Hours | D8: =SUM(D10:D200) -> 0 | F8: =SUM(F10:F200) -> 0 | G8: =SUM(G10:G200) -> 0 | H8: =SUM(H10:H200) -> 0 | I8: =SUM(I10:I200) -> 0 | K8: =SUM(K10:K200) -> 0 | L8: =SUM(L10:L200) -> 0 | M8: =SUM(M10:M200) -> 0 | N8: =SUM(N10:N200) -> 0 | O8: =SUM(O10:O200) -> 0 | P8: =SUM(P10:P200) -> 0 | Q8: =SUM(Q10:Q200) -> 0 | R8: =SUM(R10:R200) -> 0
A9: Activity ID | B9: Activity Name | C9: Date | D9: Hours | E9: Principal Approval | F9: Inservice Credit | G9: County Goal | H9: School Goal | I9: Individual Goal | J9: Follow-up Date(s) | K9: Hands-on Workshop | L9: Student Group | M9: Action Research | N9: Conference | O9: Demonstration Teaching | P9: Coaching Educators | Q9: Modeling | R9: Other | S9: List Other
D10: =SUM(G10:I10) -> 0

Sheet CHicks
A1: =NOW() -> 43857.529
A3: Name | B3: Carl Hicks
A4: Dates to be Evaluated
A5: Completed Evaluation Dates | G5: Type Information in Hours
A6: Grade or Subject | B6: Science
B8: Total Hours | D8: =SUM(D10:D200) -> 0 | F8: =SUM(F10:F200) -> 0 | G8: =SUM(G10:G200) -> 0 | H8: =SUM(H10:H200) -> 0 | I8: =SUM(I10:I200) -> 0 | K8: =SUM(K10:K200) -> 0 | L8: =SUM(L10:L200) -> 0 | M8: =SUM(M10:M200) -> 0 | N8: =SUM(N10:N200) -> 0 | O8: =SUM(O10:O200) -> 0 | P8: =SUM(P10:P200) -> 0 | Q8: =SUM(Q10:Q200) -> 0 | R8: =SUM(R10:R200) -> 0
A9: Activity ID | B9: Activity Name | C9: Date | D9: Hours | E9: Principal Approval | F9: Inservice Credit | G9: County Goal | H9: School Goal | I9: Individual Goal | J9: Follow-up Date(s) | K9: Hands-on Workshop | L9: Student Group | M9: Action Research | N9: Conference | O9: Demonstration Teaching | P9: Coaching Educators | Q9: Modeling | R9: Other | S9: List Other
D10: =SUM(G10:I10) -> 0

Sheet Teacher6
A1: =NOW() -> 43857.529
A3: Name | B3: Jim Stewart
A4: Dates to be Evaluated
A5: Completed Evaluation Dates | G5: Type Information in Hours
A6: Grade or Subject | B6: Social Studies
B8: Total Hours | D8: =SUM(D10:D200) -> 0 | F8: =SUM(F10:F200) -> 0 | G8: =SUM(G10:G200) -> 0 | H8: =SUM(H10:H200) -> 0 | I8: =SUM(I10:I200) -> 0 | K8: =SUM(K10:K200) -> 0 | L8: =SUM(L10:L200) -> 0 | M8: =SUM(M10:M200) -> 0 | N8: =SUM(N10:N200) -> 0 | O8: =SUM(O10:O200) -> 0 | P8: =SUM(P10:P200) -> 0 | Q8: =SUM(Q10:Q200) -> 0 | R8: =SUM(R10:R200) -> 0
A9: Activity ID | B9: Activity Name | C9: Date | D9: Hours | E9: Principal Approval | F9: Inservice Credit | G9: County Goal | H9: School Goal | I9: Individual Goal | J9: Follow-up Date(s) | K9: Hands-on Workshop | L9: Student Group | M9: Action Research | N9: Conference | O9: Demonstration Teaching | P9: Coaching Educators | Q9: Modeling | R9: Other | S9: List Other
D10: =SUM(G10:I10) -> 0

Sheet Teacher7
A1: =NOW() -> 43857.529
A3: Name | B3: Debbie Warrington
A4: Dates to be Evaluated
A5: Completed Evaluation Dates | G5: Type Information in Hours
A6: Grade or Subject | B6: Music
B8: Total Hours | D8: =SUM(D10:D200) -> 0 | F8: =SUM(F10:F200) -> 0 | G8: =SUM(G10:G200) -> 0 | H8: =SUM(H10:H200) -> 0 | I8: =SUM(I10:I200) -> 0 | K8: =SUM(K10:K200) -> 0 | L8: =SUM(L10:L200) -> 0 | M8: =SUM(M10:M200) -> 0 | N8: =SUM(N10:N200) -> 0 | O8: =SUM(O10:O200) -> 0 | P8: =SUM(P10:P200) -> 0 | Q8: =SUM(Q10:Q200) -> 0 | R8: =SUM(R10:R200) -> 0
A9: Activity ID | B9: Activity Name | C9: Date | D9: Hours | E9: Principal Approval | F9: Inservice Credit | G9: County Goal | H9: School Goal | I9: Individual Goal | J9: Follow-up Date(s) | K9: Hands-on Workshop | L9: Student Group | M9: Action Research | N9: Conference | O9: Demonstration Teaching | P9: Coaching Educators | Q9: Modeling | R9: Other | S9: List Other
D10: =SUM(G10:I10) -> 0

Sheet Teacher8
A1: =NOW() -> 43857.529
A3: Name | B3: Dan Daste
A4: Dates to be Evaluated
A5: Completed Evaluation Dates | G5: Type Information in Hours
A6: Grade or Subject | B6: Art
B8: Total Hours | D8: =SUM(D10:D200) -> 0 | F8: =SUM(F10:F200) -> 0 | G8: =SUM(G10:G200) -> 0 | H8: =SUM(H10:H200) -> 0 | I8: =SUM(I10:I200) -> 0 | K8: =SUM(K10:K200) -> 0 | L8: =SUM(L10:L200) -> 0 | M8: =SUM(M10:M200) -> 0 | N8: =SUM(N10:N200) -> 0 | O8: =SUM(O10:O200) -> 0 | P8: =SUM(P10:P200) -> 0 | Q8: =SUM(Q10:Q200) -> 0 | R8: =SUM(R10:R200) -> 0
A9: Activity ID | B9: Activity Name | C9: Date | D9: Hours | E9: Principal Approval | F9: Inservice Credit | G9: County Goal | H9: School Goal | I9: Individual Goal | J9: Follow-up Date(s) | K9: Hands-on Workshop | L9: Student Group | M9: Action Research | N9: Conference | O9: Demonstration Teaching | P9: Coaching Educators | Q9: Modeling | R9: Other | S9: List Other
D10: =SUM(G10:I10) -> 0

Sheet Teacher9
A1: =NOW() -> 43857.529
A3: Name | B3: Larry Foster
A4: Dates to be Evaluated
A5: Completed Evaluation Dates | G5: Type Information in Hours
A6: Grade or Subject | B6: Voc Tech
B8: Total Hours | D8: =SUM(D10:D200) -> 0 | F8: =SUM(F10:F200) -> 0 | G8: =SUM(G10:G200) -> 0 | H8: =SUM(H10:H200) -> 0 | I8: =SUM(I10:I200) -> 0 | K8: =SUM(K10:K200) -> 0 | L8: =SUM(L10:L200) -> 0 | M8: =SUM(M10:M200) -> 0 | N8: =SUM(N10:N200) -> 0 | O8: =SUM(O10:O200) -> 0 | P8: =SUM(P10:P200) -> 0 | Q8: =SUM(Q10:Q200) -> 0 | R8: =SUM(R10:R200) -> 0
A9: Activity ID | B9: Activity Name | C9: Date | D9: Hours | E9: Principal Approval | F9: Inservice Credit | G9: County Goal | H9: School Goal | I9: Individual Goal | J9: Follow-up Date(s) | K9: Hands-on Workshop | L9: Student Group | M9: Action Research | N9: Conference | O9: Demonstration Teaching | P9: Coaching Educators | Q9: Modeling | R9: Other | S9: List Other
D10: =SUM(G10:I10) -> 0

Sheet Teacher10
A1: =NOW() -> 43857.529
A3: Name | B3: Sally Jackson
A4: Dates to be Evaluated
A5: Completed Evaluation Dates | G5: Type Information in Hours
A6: Grade or Subject | B6: Math
B8: Total Hours | D8: =SUM(D10:D200) -> 0 | F8: =SUM(F10:F200) -> 0 | G8: =SUM(G10:G200) -> 0 | H8: =SUM(H10:H200) -> 0 | I8: =SUM(I10:I200) -> 0 | K8: =SUM(K10:K200) -> 0 | L8: =SUM(L10:L200) -> 0 | M8: =SUM(M10:M200) -> 0 | N8: =SUM(N10:N200) -> 0 | O8: =SUM(O10:O200) -> 0 | P8: =SUM(P10:P200) -> 0 | Q8: =SUM(Q10:Q200) -> 0 | R8: =SUM(R10:R200) -> 0
A9: Activity ID | B9: Activity Name | C9: Date | D9: Hours | E9: Principal Approval | F9: Inservice Credit | G9: County Goal | H9: School Goal | I9: Individual Goal | J9: Follow-up Date(s) | K9: Hands-on Workshop | L9: Student Group | M9: Action Research | N9: Conference | O9: Demonstration Teaching | P9: Coaching Educators | Q9: Modeling | R9: Other | S9: List Other
D10: =SUM(G10:I10) -> 0

Sheet Teacher11
A1: =NOW() -> 43857.529
A3: Name
A4: Dates to be Evaluated
A5: Completed Evaluation Dates | G5: Type Information in Hours
A6: Grade or Subject
B8: Total Hours | D8: =SUM(D10:D200) -> 0 | F8: =SUM(F10:F200) -> 0 | G8: =SUM(G10:G200) -> 0 | H8: =SUM(H10:H200) -> 0 | I8: =SUM(I10:I200) -> 0 | K8: =SUM(K10:K200) -> 0 | L8: =SUM(L10:L200) -> 0 | M8: =SUM(M10:M200) -> 0 | N8: =SUM(N10:N200) -> 0 | O8: =SUM(O10:O200) -> 0 | P8: =SUM(P10:P200) -> 0 | Q8: =SUM(Q10:Q200) -> 0 | R8: =SUM(R10:R200) -> 0
A9: Activity ID | B9: Activity Name | C9: Date | D9: Hours | E9: Principal Approval | F9: Inservice Credit | G9: County Goal | H9: School Goal | I9: Individual Goal | J9: Follow-up Date(s) | K9: Hands-on Workshop | L9: Student Group | M9: Action Research | N9: Conference | O9: Demonstration Teaching | P9: Coaching Educators | Q9: Modeling | R9: Other | S9: List Other
D10: =SUM(G10:I10) -> 0

Sheet Teacher12
A1: =NOW() -> 43857.529
A3: Name
A4: Dates to be Evaluated
A5: Completed Evaluation Dates | G5: Type Information in Hours
A6: Grade or Subject
B8: Total Hours | D8: =SUM(D10:D200) -> 0 | F8: =SUM(F10:F200) -> 0 | G8: =SUM(G10:G200) -> 0 | H8: =SUM(H10:H200) -> 0 | I8: =SUM(I10:I200) -> 0 | K8: =SUM(K10:K200) -> 0 | L8: =SUM(L10:L200) -> 0 | M8: =SUM(M10:M200) -> 0 | N8: =SUM(N10:N200) -> 0 | O8: =SUM(O10:O200) -> 0 | P8: =SUM(P10:P200) -> 0 | Q8: =SUM(Q10:Q200) -> 0 | R8: =SUM(R10:R200) -> 0
A9: Activity ID | B9: Activity Name | C9: Date | D9: Hours | E9: Principal Approval | F9: Inservice Credit | G9: County Goal | H9: School Goal | I9: Individual Goal | J9: Follow-up Date(s) | K9: Hands-on Workshop | L9: Student Group | M9: Action Research | N9: Conference | O9: Demonstration Teaching | P9: Coaching Educators | Q9: Modeling | R9: Other | S9: List Other
D10: =SUM(G10:I10) -> 0

Sheet Teacher13
A1: =NOW() -> 43857.529
A3: Name
A4: Dates to be Evaluated
A5: Completed Evaluation Dates | G5: Type Information in Hours
A6: Grade or Subject
B8: Total Hours | D8: =SUM(D10:D200) -> 0 | F8: =SUM(F10:F200) -> 0 | G8: =SUM(G10:G200) -> 0 | H8: =SUM(H10:H200) -> 0 | I8: =SUM(I10:I200) -> 0 | K8: =SUM(K10:K200) -> 0 | L8: =SUM(L10:L200) -> 0 | M8: =SUM(M10:M200) -> 0 | N8: =SUM(N10:N200) -> 0 | O8: =SUM(O10:O200) -> 0 | P8: =SUM(P10:P200) -> 0 | Q8: =SUM(Q10:Q200) -> 0 | R8: =SUM(R10:R200) -> 0
A9: Activity ID | B9: Activity Name | C9: Date | D9: Hours | E9: Principal Approval | F9: Inservice Credit | G9: County Goal | H9: School Goal | I9: Individual Goal | J9: Follow-up Date(s) | K9: Hands-on Workshop | L9: Student Group | M9: Action Research | N9: Conference | O9: Demonstration Teaching | P9: Coaching Educators | Q9: Modeling | R9: Other | S9: List Other
D10: =SUM(G10:I10) -> 0

Sheet Teacher14
A1: =NOW() -> 43857.529
A3: Name
A4: Dates to be Evaluated
A5: Completed Evaluation Dates | G5: Type Information in Hours
A6: Grade or Subject
B8: Total Hours | D8: =SUM(D10:D200) -> 0 | F8: =SUM(F10:F200) -> 0 | G8: =SUM(G10:G200) -> 0 | H8: =SUM(H10:H200) -> 0 | I8: =SUM(I10:I200) -> 0 | K8: =SUM(K10:K200) -> 0 | L8: =SUM(L10:L200) -> 0 | M8: =SUM(M10:M200) -> 0 | N8: =SUM(N10:N200) -> 0 | O8: =SUM(O10:O200) -> 0 | P8: =SUM(P10:P200) -> 0 | Q8: =SUM(Q10:Q200) -> 0 | R8: =SUM(R10:R200) -> 0
A9: Activity ID | B9: Activity Name | C9: Date | D9: Hours | E9: Principal Approval | F9: Inservice Credit | G9: County Goal | H9: School Goal | I9: Individual Goal | J9: Follow-up Date(s) | K9: Hands-on Workshop | L9: Student Group | M9: Action Research | N9: Conference | O9: Demonstration Teaching | P9: Coaching Educators | Q9: Modeling | R9: Other | S9: List Other
D10: =SUM(G10:I10) -> 0

Sheet Teacher15
A1: =NOW() -> 43857.529
A3: Name
A4: Dates to be Evaluated
A5: Completed Evaluation Dates | G5: Type Information in Hours
A6: Grade or Subject
B8: Total Hours | D8: =SUM(D10:D200) -> 0 | F8: =SUM(F10:F200) -> 0 | G8: =SUM(G10:G200) -> 0 | H8: =SUM(H10:H200) -> 0 | I8: =SUM(I10:I200) -> 0 | K8: =SUM(K10:K200) -> 0 | L8: =SUM(L10:L200) -> 0 | M8: =SUM(M10:M200) -> 0 | N8: =SUM(N10:N200) -> 0 | O8: =SUM(O10:O200) -> 0 | P8: =SUM(P10:P200) -> 0 | Q8: =SUM(Q10:Q200) -> 0 | R8: =SUM(R10:R200) -> 0
A9: Activity ID | B9: Activity Name | C9: Date | D9: Hours | E9: Principal Approval | F9: Inservice Credit | G9: County Goal | H9: School Goal | I9: Individual Goal | J9: Follow-up Date(s) | K9: Hands-on Workshop | L9: Student Group | M9: Action Research | N9: Conference | O9: Demonstration Teaching | P9: Coaching Educators | Q9: Modeling | R9: Other | S9: List Other
D10: =SUM(G10:I10) -> 0

Sheet Teacher16
A1: =NOW() -> 43857.529
A3: Name
A4: Dates to be Evaluated
A5: Completed Evaluation Dates | G5: Type Information in Hours
A6: Grade or Subject
B8: Total Hours | D8: =SUM(D10:D200) -> 0 | F8: =SUM(F10:F200) -> 0 | G8: =SUM(G10:G200) -> 0 | H8: =SUM(H10:H200) -> 0 | I8: =SUM(I10:I200) -> 0 | K8: =SUM(K10:K200) -> 0 | L8: =SUM(L10:L200) -> 0 | M8: =SUM(M10:M200) -> 0 | N8: =SUM(N10:N200) -> 0 | O8: =SUM(O10:O200) -> 0 | P8: =SUM(P10:P200) -> 0 | Q8: =SUM(Q10:Q200) -> 0 | R8: =SUM(R10:R200) -> 0
A9: Activity ID | B9: Activity Name | C9: Date | D9: Hours | E9: Principal Approval | F9: Inservice Credit | G9: County Goal | H9: School Goal | I9: Individual Goal | J9: Follow-up Date(s) | K9: Hands-on Workshop | L9: Student Group | M9: Action Research | N9: Conference | O9: Demonstration Teaching | P9: Coaching Educators | Q9: Modeling | R9: Other | S9: List Other
D10: =SUM(G10:I10) -> 0

Sheet Teacher17
A1: =NOW() -> 43857.529
A3: Name
A4: Dates to be Evaluated
A5: Completed Evaluation Dates | G5: Type Information in Hours
A6: Grade or Subject
B8: Total Hours | D8: =SUM(D10:D200) -> 0 | F8: =SUM(F10:F200) -> 0 | G8: =SUM(G10:G200) -> 0 | H8: =SUM(H10:H200) -> 0 | I8: =SUM(I10:I200) -> 0 | K8: =SUM(K10:K200) -> 0 | L8: =SUM(L10:L200) -> 0 | M8: =SUM(M10:M200) -> 0 | N8: =SUM(N10:N200) -> 0 | O8: =SUM(O10:O200) -> 0 | P8: =SUM(P10:P200) -> 0 | Q8: =SUM(Q10:Q200) -> 0 | R8: =SUM(R10:R200) -> 0
A9: Activity ID | B9: Activity Name | C9: Date | D9: Hours | E9: Principal Approval | F9: Inservice Credit | G9: County Goal | H9: School Goal | I9: Individual Goal | J9: Follow-up Date(s) | K9: Hands-on Workshop | L9: Student Group | M9: Action Research | N9: Conference | O9: Demonstration Teaching | P9: Coaching Educators | Q9: Modeling | R9: Other | S9: List Other
D10: =SUM(G10:I10) -> 0

Sheet Teacher18
A1: =NOW() -> 43857.529
A3: Name
A4: Dates to be Evaluated
A5: Completed Evaluation Dates | G5: Type Information in Hours
A6: Grade or Subject
B8: Total Hours | D8: =SUM(D10:D200) -> 0 | F8: =SUM(F10:F200) -> 0 | G8: =SUM(G10:G200) -> 0 | H8: =SUM(H10:H200) -> 0 | I8: =SUM(I10:I200) -> 0 | K8: =SUM(K10:K200) -> 0 | L8: =SUM(L10:L200) -> 0 | M8: =SUM(M10:M200) -> 0 | N8: =SUM(N10:N200) -> 0 | O8: =SUM(O10:O200) -> 0 | P8: =SUM(P10:P200) -> 0 | Q8: =SUM(Q10:Q200) -> 0 | R8: =SUM(R10:R200) -> 0
A9: Activity ID | B9: Activity Name | C9: Date | D9: Hours | E9: Principal Approval | F9: Inservice Credit | G9: County Goal | H9: School Goal | I9: Individual Goal | J9: Follow-up Date(s) | K9: Hands-on Workshop | L9: Student Group | M9: Action Research | N9: Conference | O9: Demonstration Teaching | P9: Coaching Educators | Q9: Modeling | R9: Other | S9: List Other
D10: =SUM(G10:I10) -> 0

Sheet Teacher19
A1: =NOW() -> 43857.529
A3: Name
A4: Dates to be Evaluated
A5: Completed Evaluation Dates | G5: Type Information in Hours
A6: Grade or Subject
B8: Total Hours | D8: =SUM(D10:D200) -> 0 | F8: =SUM(F10:F200) -> 0 | G8: =SUM(G10:G200) -> 0 | H8: =SUM(H10:H200) -> 0 | I8: =SUM(I10:I200) -> 0 | K8: =SUM(K10:K200) -> 0 | L8: =SUM(L10:L200) -> 0 | M8: =SUM(M10:M200) -> 0 | N8: =SUM(N10:N200) -> 0 | O8: =SUM(O10:O200) -> 0 | P8: =SUM(P10:P200) -> 0 | Q8: =SUM(Q10:Q200) -> 0 | R8: =SUM(R10:R200) -> 0
A9: Activity ID | B9: Activity Name | C9: Date | D9: Hours | E9: Principal Approval | F9: Inservice Credit | G9: County Goal | H9: School Goal | I9: Individual Goal | J9: Follow-up Date(s) | K9: Hands-on Workshop | L9: Student Group | M9: Action Research | N9: Conference | O9: Demonstration Teaching | P9: Coaching Educators | Q9: Modeling | R9: Other | S9: List Other
D10: =SUM(G10:I10) -> 0

Sheet Teacher20
A1: =NOW() -> 43857.529
A3: Name
A4: Dates to be Evaluated
A5: Completed Evaluation Dates | G5: Type Information in Hours
A6: Grade or Subject
B8: Total Hours | D8: =SUM(D10:D200) -> 0 | F8: =SUM(F10:F200) -> 0 | G8: =SUM(G10:G200) -> 0 | H8: =SUM(H10:H200) -> 0 | I8: =SUM(I10:I200) -> 0 | K8: =SUM(K10:K200) -> 0 | L8: =SUM(L10:L200) -> 0 | M8: =SUM(M10:M200) -> 0 | N8: =SUM(N10:N200) -> 0 | O8: =SUM(O10:O200) -> 0 | P8: =SUM(P10:P200) -> 0 | Q8: =SUM(Q10:Q200) -> 0 | R8: =SUM(R10:R200) -> 0
A9: Activity ID | B9: Activity Name | C9: Date | D9: Hours | E9: Principal Approval | F9: Inservice Credit | G9: County Goal | H9: School Goal | I9: Individual Goal | J9: Follow-up Date(s) | K9: Hands-on Workshop | L9: Student Group | M9: Action Research | N9: Conference | O9: Demonstration Teaching | P9: Coaching Educators | Q9: Modeling | R9: Other | S9: List Other
D10: =SUM(G10:I10) -> 0

Sheet Teacher21
A1: =NOW() -> 43857.529
A3: Name
A4: Dates to be Evaluated
A5: Completed Evaluation Dates | G5: Type Information in Hours
A6: Grade or Subject
B8: Total Hours | D8: =SUM(D10:D200) -> 0 | F8: =SUM(F10:F200) -> 0 | G8: =SUM(G10:G200) -> 0 | H8: =SUM(H10:H200) -> 0 | I8: =SUM(I10:I200) -> 0 | K8: =SUM(K10:K200) -> 0 | L8: =SUM(L10:L200) -> 0 | M8: =SUM(M10:M200) -> 0 | N8: =SUM(N10:N200) -> 0 | O8: =SUM(O10:O200) -> 0 | P8: =SUM(P10:P200) -> 0 | Q8: =SUM(Q10:Q200) -> 0 | R8: =SUM(R10:R200) -> 0
A9: Activity ID | B9: Activity Name | C9: Date | D9: Hours | E9: Principal Approval | F9: Inservice Credit | G9: County Goal | H9: School Goal | I9: Individual Goal | J9: Follow-up Date(s) | K9: Hands-on Workshop | L9: Student Group | M9: Action Research | N9: Conference | O9: Demonstration Teaching | P9: Coaching Educators | Q9: Modeling | R9: Other | S9: List Other
D10: =SUM(G10:I10) -> 0

Sheet Teacher22
A1: =NOW() -> 43857.529
A3: Name
A4: Dates to be Evaluated
A5: Completed Evaluation Dates | G5: Type Information in Hours
A6: Grade or Subject
B8: Total Hours | D8: =SUM(D10:D200) -> 0 | F8: =SUM(F10:F200) -> 0 | G8: =SUM(G10:G200) -> 0 | H8: =SUM(H10:H200) -> 0 | I8: =SUM(I10:I200) -> 0 | K8: =SUM(K10:K200) -> 0 | L8: =SUM(L10:L200) -> 0 | M8: =SUM(M10:M200) -> 0 | N8: =SUM(N10:N200) -> 0 | O8: =SUM(O10:O200) -> 0 | P8: =SUM(P10:P200) -> 0 | Q8: =SUM(Q10:Q200) -> 0 | R8: =SUM(R10:R200) -> 0
A9: Activity ID | B9: Activity Name | C9: Date | D9: Hours | E9: Principal Approval | F9: Inservice Credit | G9: County Goal | H9: School Goal | I9: Individual Goal | J9: Follow-up Date(s) | K9: Hands-on Workshop | L9: Student Group | M9: Action Research | N9: Conference | O9: Demonstration Teaching | P9: Coaching Educators | Q9: Modeling | R9: Other | S9: List Other
D10: =SUM(G10:I10) -> 0

Sheet Teacher23
A1: =NOW() -> 43857.529
A3: Name
A4: Dates to be Evaluated
A5: Completed Evaluation Dates | G5: Type Information in Hours
A6: Grade or Subject
B8: Total Hours | D8: =SUM(D10:D200) -> 0 | F8: =SUM(F10:F200) -> 0 | G8: =SUM(G10:G200) -> 0 | H8: =SUM(H10:H200) -> 0 | I8: =SUM(I10:I200) -> 0 | K8: =SUM(K10:K200) -> 0 | L8: =SUM(L10:L200) -> 0 | M8: =SUM(M10:M200) -> 0 | N8: =SUM(N10:N200) -> 0 | O8: =SUM(O10:O200) -> 0 | P8: =SUM(P10:P200) -> 0 | Q8: =SUM(Q10:Q200) -> 0 | R8: =SUM(R10:R200) -> 0
A9: Activity ID | B9: Activity Name | C9: Date | D9: Hours | E9: Principal Approval | F9: Inservice Credit | G9: County Goal | H9: School Goal | I9: Individual Goal | J9: Follow-up Date(s) | K9: Hands-on Workshop | L9: Student Group | M9: Action Research | N9: Conference | O9: Demonstration Teaching | P9: Coaching Educators | Q9: Modeling | R9: Other | S9: List Other
D10: =SUM(G10:I10) -> 0

Sheet Teacher24
A1: =NOW() -> 43857.529
A3: Name
A4: Dates to be Evaluated
A5: Completed Evaluation Dates | G5: Type Information in Hours
A6: Grade or Subject
B8: Total Hours | D8: =SUM(D10:D200) -> 0 | F8: =SUM(F10:F200) -> 0 | G8: =SUM(G10:G200) -> 0 | H8: =SUM(H10:H200) -> 0 | I8: =SUM(I10:I200) -> 0 | K8: =SUM(K10:K200) -> 0 | L8: =SUM(L10:L200) -> 0 | M8: =SUM(M10:M200) -> 0 | N8: =SUM(N10:N200) -> 0 | O8: =SUM(O10:O200) -> 0 | P8: =SUM(P10:P200) -> 0 | Q8: =SUM(Q10:Q200) -> 0 | R8: =SUM(R10:R200) -> 0
A9: Activity ID | B9: Activity Name | C9: Date | D9: Hours | E9: Principal Approval | F9: Inservice Credit | G9: County Goal | H9: School Goal | I9: Individual Goal | J9: Follow-up Date(s) | K9: Hands-on Workshop | L9: Student Group | M9: Action Research | N9: Conference | O9: Demonstration Teaching | P9: Coaching Educators | Q9: Modeling | R9: Other | S9: List Other
D10: =SUM(G10:I10) -> 0

Sheet Teacher25
A1: =NOW() -> 43857.529
A3: Name
A4: Dates to be Evaluated
A5: Completed Evaluation Dates | G5: Type Information in Hours
A6: Grade or Subject
B8: Total Hours | D8: =SUM(D10:D200) -> 0 | F8: =SUM(F10:F200) -> 0 | G8: =SUM(G10:G200) -> 0 | H8: =SUM(H10:H200) -> 0 | I8: =SUM(I10:I200) -> 0 | K8: =SUM(K10:K200) -> 0 | L8: =SUM(L10:L200) -> 0 | M8: =SUM(M10:M200) -> 0 | N8: =SUM(N10:N200) -> 0 | O8: =SUM(O10:O200) -> 0 | P8: =SUM(P10:P200) -> 0 | Q8: =SUM(Q10:Q200) -> 0 | R8: =SUM(R10:R200) -> 0
A9: Activity ID | B9: Activity Name | C9: Date | D9: Hours | E9: Principal Approval | F9: Inservice Credit | G9: County Goal | H9: School Goal | I9: Individual Goal | J9: Follow-up Date(s) | K9: Hands-on Workshop | L9: Student Group | M9: Action Research | N9: Conference | O9: Demonstration Teaching | P9: Coaching Educators | Q9: Modeling | R9: Other | S9: List Other
D10: =SUM(G10:I10) -> 0

Sheet Teacher26
A1: =NOW() -> 43857.529
A3: Name
A4: Dates to be Evaluated
A5: Completed Evaluation Dates | G5: Type Information in Hours
A6: Grade or Subject
B8: Total Hours | D8: =SUM(D10:D200) -> 0 | F8: =SUM(F10:F200) -> 0 | G8: =SUM(G10:G200) -> 0 | H8: =SUM(H10:H200) -> 0 | I8: =SUM(I10:I200) -> 0 | K8: =SUM(K10:K200) -> 0 | L8: =SUM(L10:L200) -> 0 | M8: =SUM(M10:M200) -> 0 | N8: =SUM(N10:N200) -> 0 | O8: =SUM(O10:O200) -> 0 | P8: =SUM(P10:P200) -> 0 | Q8: =SUM(Q10:Q200) -> 0 | R8: =SUM(R10:R200) -> 0
A9: Activity ID | B9: Activity Name | C9: Date | D9: Hours | E9: Principal Approval | F9: Inservice Credit | G9: County Goal | H9: School Goal | I9: Individual Goal | J9: Follow-up Date(s) | K9: Hands-on Workshop | L9: Student Group | M9: Action Research | N9: Conference | O9: Demonstration Teaching | P9: Coaching Educators | Q9: Modeling | R9: Other | S9: List Other
D10: =SUM(G10:I10) -> 0

Sheet Teacher27
A1: =NOW() -> 43857.529
A3: Name
A4: Dates to be Evaluated
A5: Completed Evaluation Dates | G5: Type Information in Hours
A6: Grade or Subject
B8: Total Hours | D8: =SUM(D10:D200) -> 0 | F8: =SUM(F10:F200) -> 0 | G8: =SUM(G10:G200) -> 0 | H8: =SUM(H10:H200) -> 0 | I8: =SUM(I10:I200) -> 0 | K8: =SUM(K10:K200) -> 0 | L8: =SUM(L10:L200) -> 0 | M8: =SUM(M10:M200) -> 0 | N8: =SUM(N10:N200) -> 0 | O8: =SUM(O10:O200) -> 0 | P8: =SUM(P10:P200) -> 0 | Q8: =SUM(Q10:Q200) -> 0 | R8: =SUM(R10:R200) -> 0
A9: Activity ID | B9: Activity Name | C9: Date | D9: Hours | E9: Principal Approval | F9: Inservice Credit | G9: County Goal | H9: School Goal | I9: Individual Goal | J9: Follow-up Date(s) | K9: Hands-on Workshop | L9: Student Group | M9: Action Research | N9: Conference | O9: Demonstration Teaching | P9: Coaching Educators | Q9: Modeling | R9: Other | S9: List Other
D10: =SUM(G10:I10) -> 0

Sheet Teacher28
A1: =NOW() -> 43857.529
A3: Name
A4: Dates to be Evaluated
A5: Completed Evaluation Dates | G5: Type Information in Hours
A6: Grade or Subject
B8: Total Hours | D8: =SUM(D10:D200) -> 0 | F8: =SUM(F10:F200) -> 0 | G8: =SUM(G10:G200) -> 0 | H8: =SUM(H10:H200) -> 0 | I8: =SUM(I10:I200) -> 0 | K8: =SUM(K10:K200) -> 0 | L8: =SUM(L10:L200) -> 0 | M8: =SUM(M10:M200) -> 0 | N8: =SUM(N10:N200) -> 0 | O8: =SUM(O10:O200) -> 0 | P8: =SUM(P10:P200) -> 0 | Q8: =SUM(Q10:Q200) -> 0 | R8: =SUM(R10:R200) -> 0
A9: Activity ID | B9: Activity Name | C9: Date | D9: Hours | E9: Principal Approval | F9: Inservice Credit | G9: County Goal | H9: School Goal | I9: Individual Goal | J9: Follow-up Date(s) | K9: Hands-on Workshop | L9: Student Group | M9: Action Research | N9: Conference | O9: Demonstration Teaching | P9: Coaching Educators | Q9: Modeling | R9: Other | S9: List Other
D10: =SUM(G10:I10) -> 0

Sheet Teacher29
A1: =NOW() -> 43857.529
A3: Name
A4: Dates to be Evaluated
A5: Completed Evaluation Dates | G5: Type Information in Hours
A6: Grade or Subject
B8: Total Hours | D8: =SUM(D10:D200) -> 0 | F8: =SUM(F10:F200) -> 0 | G8: =SUM(G10:G200) -> 0 | H8: =SUM(H10:H200) -> 0 | I8: =SUM(I10:I200) -> 0 | K8: =SUM(K10:K200) -> 0 | L8: =SUM(L10:L200) -> 0 | M8: =SUM(M10:M200) -> 0 | N8: =SUM(N10:N200) -> 0 | O8: =SUM(O10:O200) -> 0 | P8: =SUM(P10:P200) -> 0 | Q8: =SUM(Q10:Q200) -> 0 | R8: =SUM(R10:R200) -> 0
A9: Activity ID | B9: Activity Name | C9: Date | D9: Hours | E9: Principal Approval | F9: Inservice Credit | G9: County Goal | H9: School Goal | I9: Individual Goal | J9: Follow-up Date(s) | K9: Hands-on Workshop | L9: Student Group | M9: Action Research | N9: Conference | O9: Demonstration Teaching | P9: Coaching Educators | Q9: Modeling | R9: Other | S9: List Other
D10: =SUM(G10:I10) -> 0

Sheet Teacher30
A1: =NOW() -> 43857.529
A3: Name
A4: Dates to be Evaluated
A5: Completed Evaluation Dates | G5: Type Information in Hours
A6: Grade or Subject
B8: Total Hours | D8: =SUM(D10:D200) -> 0 | F8: =SUM(F10:F200) -> 0 | G8: =SUM(G10:G200) -> 0 | H8: =SUM(H10:H200) -> 0 | I8: =SUM(I10:I200) -> 0 | K8: =SUM(K10:K200) -> 0 | L8: =SUM(L10:L200) -> 0 | M8: =SUM(M10:M200) -> 0 | N8: =SUM(N10:N200) -> 0 | O8: =SUM(O10:O200) -> 0 | P8: =SUM(P10:P200) -> 0 | Q8: =SUM(Q10:Q200) -> 0 | R8: =SUM(R10:R200) -> 0
A9: Activity ID | B9: Activity Name | C9: Date | D9: Hours | E9: Principal Approval | F9: Inservice Credit | G9: County Goal | H9: School Goal | I9: Individual Goal | J9: Follow-up Date(s) | K9: Hands-on Workshop | L9: Student Group | M9: Action Research | N9: Conference | O9: Demonstration Teaching | P9: Coaching Educators | Q9: Modeling | R9: Other | S9: List Other
D10: =SUM(G10:I10) -> 0
