Workbook

Sheet Main Page
B1: NAME OF CLASS GOES HERE
B2: CLASS NUMBER GOES HERE
A3: INSTRUCTOR NAME
I4: CREDITS: | N4: 3
B6: Tests, Exams, Quizzes
D8: T1 | E8: T2 | F8: T3 | G8: T4 | H8: T5 | I8: T6 | K8: Q1 | L8: Q2 | M8: Q3 | N8: Q4 | P8: MID | Q8: FIN | S8: Earned | T8: Max. | U8: % | V8: Wght | W8: Final
B9: Maximum Points -> | D9: 42 | S9: =SUM(D9:R9) -> 42 | T9: =S9 -> 42 | U9: =(S9/S9)*100 -> 100 | V9: 0.3 | W9: =U9*V9 -> 30
D11: 41 | S11: =SUM(D11:R11) -> 41 | T11: =S9 -> 42 | U11: =(S11/T11)*100 -> 97.619048 | V11: =V9 -> 0.3 | W11: =U11*V11 -> 29.285714
B14: Homework & Assignments
D16: H1 | E16: H2 | F16: H3 | G16: H4 | H16: H5 | I16: H6 | J16: H7 | K16: H8 | L16: H9 | M16: H10 | S16: Earned | T16: Max. | U16: % | V16: Wght | W16: Final
B17: Maximum Points -> | D17: 10 | S17: =SUM(D17:R17) -> 10 | T17: =S17 -> 10 | U17: =(S17/T17)*100 -> 100 | V17: 0.3 | W17: =U17*V17 -> 30
D19: 9 | S19: =SUM(D19:R19) -> 9 | T19: =S17 -> 10 | U19: =(S19/T19)*100 -> 90 | V19: =V17 -> 0.3 | W19: =U19*V19 -> 27
B22: Lab Sheets & Projects
D24: L1 | E24: L2 | F24: L3 | G24: L4 | H24: L5 | I24: L6 | J24: L7 | K24: L8 | L24: L9 | M24: L10 | S24: Earned | T24: Max. | U24: % | V24: Wght | W24: Final
B25: Maximum Points -> | D25: 10 | S25: =SUM(D25:R25) -> 10 | T25: =S25 -> 10 | U25: =(S25/T25)*100 -> 100 | V25: 0.3 | W25: =U25*V25 -> 30
D27: 10 | S27: =SUM(D27:R27) -> 10 | T27: =S25 -> 10 | U27: =(S27/T27)*100 -> 100 | V27: =V25 -> 0.3 | W27: =U27*V27 -> 30
B30: Participation and Daily Grades
B32: The numbers to enter into | D32: Participation & Daily Grades | L32: Other Assigned Points | S32: Earned | T32: Max. | U32: % | V32: Wght | W32: Final
B33: these boxes will be provided | E33: Max ---> | G33: 1 | S33: =SUM(D33:R33) -> 1 | T33: =S33 -> 1 | U33: =(S33/T33)*100 -> 100 | V33: 0.1 | W33: =U33*V33 -> 10
B34: weekly. If you aren't sure
B35: just ask, and I will give these | G35: 1 | S35: =SUM(D35:R35) -> 1 | T35: =S33 -> 1 | U35: =(S35/T35)*100 -> 100 | V35: =V33 -> 0.1 | W35: =U35*V35 -> 10
B36: numbers to you.
B39: Final Grade
A41: Grading Scale: | K41: EXTRA CREDIT (+) | P41: ATTENDANCE (-) | S41: TEST | T41: H/W | U41: LABS | V41: DAILY | W41: FINAL
A43: A | C43: 93% - 100% | K43: ='Extra Credit'!J5 -> 0 | P43: =Attendance!G7 -> 0 | S43: =W11 -> 29.285714 | T43: =W19 -> 27 | U43: =W27 -> 30 | V43: =W35 -> 10 | W43: =SUM(D43:V43) -> 96.285714
A44: B | C44: 84% - 92%
A45: C | C45: 74% - 83% | H45: Your grade in the right hand column
A46: D | C46: 65% - 73% | H46: labeled "FINAL" is the grade you currently
A47: F | C47: < 65% | H47: hold in this class, taking into account all grading
H48: categories listed in the tables above.
A54: Gradebook Spreadsheet Template
B56: (For Microsoft Excel)
A58: by
A60: William P. Flinn
B61: Southeast Technical Institute
B62: (Electronics Department)
B63: 2320 Career Avenue
B64: Sioux Falls SD 57107
B65: (605) 782-3244, Ext 8013
A67: (C) 1998, 2000

Sheet Attendance
K4: Absences Per Week
B5: Under the "absences" column, enter the number | E5: Absences | F5: Excess | G5: Deductions | K5: 1 | L5: 2 | M5: 3 | N5: 4 | O5: 5 | P5: 6 | Q5: 7 | R5: 8 | S5: 9 | T5: 10 | U5: 11 | V5: 12 | W5: 13 | X5: 14 | Y5: 15 | Z5: 16 | AA5: 17 | AB5: 18 | AC5: TOTAL
B6: of times you have been absent. The number of
B7: absences you have will be calculated along | E7: 0 | F7: =E7-'Main Page'!N4 -> -3 | G7: =IF(F7>0,-(F7*2),0) -> 0 | K7: =SUM(#REF!) -> #REF! | L7: =SUM(#REF!) -> #REF! | M7: =SUM(#REF!) -> #REF! | N7: =SUM(#REF!) -> #REF! | O7: =SUM(#REF!) -> #REF! | P7: =SUM(#REF!) -> #REF! | Q7: =SUM(#REF!) -> #REF! | R7: =SUM(#REF!) -> #REF! | ... AB7: =SUM(#REF!) -> #REF! | AC7: =SUM(K7:AB7) -> #REF!
B8: with the number of absences you are allowed,
B9: and will result in the number of points (if any)
B10: to be deducted from your final grade.
B13: If you aren't sure how many absences you have,
B14: just ask. I will tell you how many unexcused absences
B15: you have that will count against you.

Sheet Extra Credit
B1: Extra Credit Points
B3: Use this section to enter | D3: Extra Credit #1 | E3: Points | F3: Extra Credit #2 | G3: Points | H3: Extra Credit #3 | I3: Points | J3: TOTAL
B4: any extra credit assignments
B5: or points. | J5: =E5+G5+I5 -> 0

Sheet Assignments
B1: ='Main Page'!$B$1 -> NAME OF CLASS GOES HERE
B2: ='Main Page'!$B$2 -> CLASS NUMBER GOES HERE | D2: ='Main Page'!$A$3 -> INSTRUCTOR NAME
B3: Due Date | C3: Assignment/Project
A5: 1
A6: 2
A7: 3
A8: 4
A9: 5
A10: 6
A11: 7
A12: 8
A13: 9
A14: 10
A15: 11
A16: 12
... A68: 64
