Workbook

Sheet SYSTEM WIDE 2001 - Actuals Aug
A1: School | B1: Total Students
A2: Hewitt Elementary | B2: =SUM('Hewitt Elementary 0370'!N15) -> 984
A3: Payne Elementary | B3: 0
A4: Hewitt Middle | B4: =SUM('Hewitt Middle 0380'!N15) -> 692.25
A5: Hewitt Junior | B5: =SUM('Hewitt Junior 0390'!N15) -> 465.75
A6: Hewitt-Trussville High | B6: =SUM('Hewitt-Trussville High'!N15) -> 690
A7: Total | B7: =SUM(B2:B6) -> 2832

Sheet SYSTEM WIDE 2001 - 
A1: Grades | B1: FY 90 | C1: FY 91 | D1: FY 92 | E1: FY 93 | F1: FY 94 | G1: FY 95 | H1: FY 96 | I1: FY 97 | J1: FY 98 | K1: FY 99 | L1: FY 00 | M1: FY 01 | N1: FY 02 | O1: FY 03 | P1: FY 04 | Q1: FY 05 | R1: FY 06 | S1: FY 07 | T1: FY 08
A2: K | B2: =SUM('Hewitt Elementary 0370'!B2) -> 191.25 | C2: =SUM('Hewitt Elementary 0370'!C2) -> 192.75 | D2: =SUM('Hewitt Elementary 0370'!D2) -> 178.5 | E2: =SUM('Hewitt Elementary 0370'!E2) -> 202.5 | F2: =SUM('Hewitt Elementary 0370'!F2) -> 201 | G2: =SUM('Hewitt Elementary 0370'!G2) -> 180 | H2: =SUM('Hewitt Elementary 0370'!H2) -> 208.5 | I2: =SUM('Hewitt Elementary 0370'!I2) -> 195.75 | ... O2: =SUM('Hewitt Elementary 0370'!O2) -> 196.605 | P2: =SUM('Payne Elementary 0370'!P2) -> 200.25 | Q2: =SUM('Payne Elementary 0370'!Q2) -> 204.255 | R2: =SUM('Payne Elementary 0370'!R2) -> 208.3401 | S2: =SUM('Payne Elementary 0370'!S2) -> 212.5069 | T2: =SUM('Payne Elementary 0370'!T2) -> 216.75704
A3: 1st | B3: =SUM('Hewitt Elementary 0370'!B3) -> 209.25 | C3: =SUM('Hewitt Elementary 0370'!C3) -> 207.75 | D3: =SUM('Hewitt Elementary 0370'!D3) -> 198.75 | E3: =SUM('Hewitt Elementary 0370'!E3) -> 184.5 | F3: =SUM('Hewitt Elementary 0370'!F3) -> 216.75 | G3: =SUM('Hewitt Elementary 0370'!G3) -> 207.75 | H3: =SUM('Hewitt Elementary 0370'!H3) -> 195 | I3: =SUM('Hewitt Elementary 0370'!I3) -> 209.25 | ... O3: =SUM('Hewitt Elementary 0370'!O3) -> 196.605 | P3: =SUM('Payne Elementary 0370'!P3) -> 195 | Q3: =SUM('Payne Elementary 0370'!Q3) -> 204.255 | R3: =SUM('Payne Elementary 0370'!R3) -> 208.3401 | S3: =SUM('Payne Elementary 0370'!S3) -> 212.5069 | T3: =SUM('Payne Elementary 0370'!T3) -> 216.75704
A4: 2nd | B4: =SUM('Hewitt Elementary 0370'!B4) -> 174 | C4: =SUM('Hewitt Elementary 0370'!C4) -> 207.75 | D4: =SUM('Hewitt Elementary 0370'!D4) -> 216 | E4: =SUM('Hewitt Elementary 0370'!E4) -> 189 | F4: =SUM('Hewitt Elementary 0370'!F4) -> 174.75 | G4: =SUM('Hewitt Elementary 0370'!G4) -> 209.25 | H4: =SUM('Hewitt Elementary 0370'!H4) -> 204.75 | I4: =SUM('Hewitt Elementary 0370'!I4) -> 180 | ... O4: =SUM('Hewitt Elementary 0370'!O4) -> 191.25 | P4: =SUM('Payne Elementary 0370'!P4) -> 202.5 | Q4: =SUM('Payne Elementary 0370'!Q4) -> 198.9 | R4: =SUM('Payne Elementary 0370'!R4) -> 208.3401 | S4: =SUM('Payne Elementary 0370'!S4) -> 212.5069 | T4: =SUM('Payne Elementary 0370'!T4) -> 216.75704
A5: 3rd | B5: =SUM('Hewitt Elementary 0370'!B5) -> 180 | C5: =SUM('Hewitt Elementary 0370'!C5) -> 174.75 | D5: =SUM('Hewitt Elementary 0370'!D5) -> 216.75 | E5: =SUM('Hewitt Elementary 0370'!E5) -> 214.5 | F5: =SUM('Hewitt Elementary 0370'!F5) -> 209.25 | G5: =SUM('Hewitt Elementary 0370'!G5) -> 187.5 | H5: =SUM('Hewitt Elementary 0370'!H5) -> 222.75 | I5: =SUM('Hewitt Elementary 0370'!I5) -> 216.75 | ... O5: =SUM('Hewitt Elementary 0370'!O5) -> 198.9 | P5: =SUM('Payne Elementary 0370'!P5) -> 227.25 | Q5: =SUM('Payne Elementary 0370'!Q5) -> 206.55 | R5: =SUM('Payne Elementary 0370'!R5) -> 202.878 | S5: =SUM('Payne Elementary 0370'!S5) -> 212.5069 | T5: =SUM('Payne Elementary 0370'!T5) -> 216.75704
A6: 4th | B6: =SUM('Hewitt Elementary 0370'!B6) -> 204 | C6: =SUM('Hewitt Elementary 0370'!C6) -> 186 | D6: =SUM('Hewitt Elementary 0370'!D6) -> 180.75 | E6: =SUM('Hewitt Elementary 0370'!E6) -> 212.25 | F6: =SUM('Hewitt Elementary 0370'!F6) -> 219 | G6: =SUM('Hewitt Elementary 0370'!G6) -> 205.5 | H6: =SUM('Hewitt Elementary 0370'!H6) -> 192 | I6: =SUM('Hewitt Elementary 0370'!I6) -> 214.5 | ... O6: =SUM('Hewitt Elementary 0370'!O6) -> 223.38 | P6: =SUM('Payne Elementary 0370'!P6) -> 197.25 | Q6: =SUM('Payne Elementary 0370'!Q6) -> 231.795 | R6: =SUM('Payne Elementary 0370'!R6) -> 210.681 | S6: =SUM('Payne Elementary 0370'!S6) -> 206.93556 | T6: =SUM('Payne Elementary 0370'!T6) -> 216.75704
A7: 5th | B7: =SUM('Hewitt Middle 0380'!B7) -> 187.5 | C7: =SUM('Hewitt Middle 0380'!C7) -> 207 | D7: =SUM('Hewitt Middle 0380'!D7) -> 205.5 | E7: =SUM('Hewitt Middle 0380'!E7) -> 182.25 | F7: =SUM('Hewitt Middle 0380'!F7) -> 222.75 | G7: =SUM('Hewitt Middle 0380'!G7) -> 228.75 | H7: =SUM('Hewitt Middle 0380'!H7) -> 228 | I7: =SUM('Hewitt Middle 0380'!I7) -> 197.25 | ... O7: =SUM('Hewitt Middle 0380'!O7) -> 193.5 | P7: =SUM('Payne Elementary 0370'!P7) -> 227.25 | Q7: =SUM('Payne Elementary 0370'!Q7) -> 201.195 | R7: =SUM('Payne Elementary 0370'!R7) -> 236.4309 | S7: =SUM('Payne Elementary 0370'!S7) -> 214.89462 | T7: =SUM('Payne Elementary 0370'!T7) -> 211.07427
A8: 6th | B8: =SUM('Hewitt Middle 0380'!B8) -> 186 | C8: =SUM('Hewitt Middle 0380'!C8) -> 183.75 | D8: =SUM('Hewitt Middle 0380'!D8) -> 219 | E8: =SUM('Hewitt Middle 0380'!E8) -> 204.75 | F8: =SUM('Hewitt Middle 0380'!F8) -> 186 | G8: =SUM('Hewitt Middle 0380'!G8) -> 227.25 | H8: =SUM('Hewitt Middle 0380'!H8) -> 240.75 | I8: =SUM('Hewitt Middle 0380'!I8) -> 232.5 | ... O8: =SUM('Hewitt Middle 0380'!O8) -> 221.85 | P8: =SUM('Hewitt Junior 0390'!P8) -> 197.25 | Q8: =SUM('Hewitt Junior 0390'!Q8) -> 231.75 | R8: =SUM('Hewitt Junior 0390'!R8) -> 204.75 | S8: =SUM('Hewitt Junior 0390'!S8) -> 240.75 | T8: =SUM('Hewitt Junior 0390'!T8) -> 219.75
A9: 7th | B9: =SUM('Hewitt Middle 0380'!B9) -> 400.5 | C9: =SUM('Hewitt Middle 0380'!C9) -> 435.75 | D9: =SUM('Hewitt Middle 0380'!D9) -> 415.5 | E9: =SUM('Hewitt Middle 0380'!E9) -> 470.25 | F9: =SUM('Hewitt Middle 0380'!F9) -> 474 | G9: =SUM('Hewitt Middle 0380'!G9) -> 427.5 | H9: =SUM('Hewitt Middle 0380'!H9) -> 514.5 | I9: =SUM('Hewitt Middle 0380'!I9) -> 243 | ... O9: =SUM('Hewitt Middle 0380'!O9) -> 245.565 | P9: =SUM('Hewitt Junior 0390'!P9) -> 225.75 | Q9: =SUM('Hewitt Junior 0390'!Q9) -> 201.195 | R9: =SUM('Hewitt Junior 0390'!R9) -> 236.385 | S9: =SUM('Hewitt Junior 0390'!S9) -> 208.845 | T9: =SUM('Hewitt Junior 0390'!T9) -> 245.565
A10: 8th | B10: =SUM('Hewitt Junior 0390'!B10) -> 381 | C10: =SUM('Hewitt Junior 0390'!C10) -> 418.5 | D10: =SUM('Hewitt Junior 0390'!D10) -> 432 | E10: =SUM('Hewitt Junior 0390'!E10) -> 426.75 | F10: =SUM('Hewitt Junior 0390'!F10) -> 502.5 | G10: =SUM('Hewitt Junior 0390'!G10) -> 502.5 | H10: =SUM('Hewitt Junior 0390'!H10) -> 447.75 | I10: =SUM('Hewitt Junior 0390'!I10) -> 234 | ... T10: =SUM('Hewitt Junior 0390'!T10) -> 213.0219
A11: 9th | B11: =SUM('Hewitt Junior 0390'!B11) -> 348.75 | C11: =SUM('Hewitt Junior 0390'!C11) -> 366 | D11: =SUM('Hewitt Junior 0390'!D11) -> 391.5 | E11: =SUM('Hewitt Junior 0390'!E11) -> 406.5 | F11: =SUM('Hewitt Junior 0390'!F11) -> 405 | G11: =SUM('Hewitt Junior 0390'!G11) -> 490.5 | H11: =SUM('Hewitt Junior 0390'!H11) -> 486 | I11: =SUM('Hewitt Junior 0390'!I11) -> 209.25 | ... O11: =SUM('Hewitt Junior 0390'!O11) -> 242.505 | P11: =SUM('Hewitt-Trussville High'!P11) -> 243 | Q11: =SUM('Hewitt-Trussville High'!Q11) -> 255 | R11: =SUM('Hewitt-Trussville High'!R11) -> 234.75 | S11: =SUM('Hewitt-Trussville High'!S11) -> 208.5 | T11: =SUM('Hewitt-Trussville High'!T11) -> 245.25
A12: 10th | B12: =SUM('Hewitt-Trussville High'!B12) -> 347.25 | C12: =SUM('Hewitt-Trussville High'!C12) -> 343.5 | D12: =SUM('Hewitt-Trussville High'!D12) -> 363 | E12: =SUM('Hewitt-Trussville High'!E12) -> 365.25 | F12: =SUM('Hewitt-Trussville High'!F12) -> 391.5 | G12: =SUM('Hewitt-Trussville High'!G12) -> 398.25 | H12: =SUM('Hewitt-Trussville High'!H12) -> 461.25 | I12: =SUM('Hewitt-Trussville High'!I12) -> 231 | ... T12: =SUM('Hewitt-Trussville High'!T12) -> 212.67
A13: 11th | B13: =SUM('Hewitt-Trussville High'!B13) -> 272.25 | C13: =SUM('Hewitt-Trussville High'!C13) -> 316.5 | D13: =SUM('Hewitt-Trussville High'!D13) -> 291.75 | E13: =SUM('Hewitt-Trussville High'!E13) -> 313.5 | F13: =SUM('Hewitt-Trussville High'!F13) -> 329.25 | G13: =SUM('Hewitt-Trussville High'!G13) -> 340.5 | H13: =SUM('Hewitt-Trussville High'!H13) -> 380.25 | I13: =SUM('Hewitt-Trussville High'!I13) -> 297.75 | ... T13: =SUM('Hewitt-Trussville High'!T13) -> 244.2339
A14: 12th | B14: =SUM('Hewitt-Trussville High'!B14) -> 271.5 | C14: =SUM('Hewitt-Trussville High'!C14) -> 241.5 | D14: =SUM('Hewitt-Trussville High'!D14) -> 269.25 | E14: =SUM('Hewitt-Trussville High'!E14) -> 254.25 | F14: =SUM('Hewitt-Trussville High'!F14) -> 285.75 | G14: =SUM('Hewitt-Trussville High'!G14) -> 306.75 | H14: =SUM('Hewitt-Trussville High'!H14) -> 296.25 | I14: =SUM('Hewitt-Trussville High'!I14) -> 317.25 | ... T14: =SUM('Hewitt-Trussville High'!T14) -> 270.60804
A15: Total | B15: =SUM(B2:B14) -> 3353.25 | C15: =SUM(C2:C14) -> 3481.5 | D15: =SUM(D2:D14) -> 3578.25 | E15: =SUM(E2:E14) -> 3626.25 | F15: =SUM(F2:F14) -> 3817.5 | G15: =SUM(G2:G14) -> 3912 | H15: =SUM(H2:H14) -> 4077.75 | I15: =SUM(I2:I14) -> 2978.25 | ... T15: =SUM(T2:T14) -> 2945.9583
A16: Difference | C16: =SUM(C15-B15) -> 128.25 | D16: =SUM(D15-C15) -> 96.75 | E16: =SUM(E15-D15) -> 48 | F16: =SUM(F15-E15) -> 191.25 | G16: =SUM(G15-F15) -> 94.5 | H16: =SUM(H15-G15) -> 165.75 | I16: =SUM(I15-H15) -> -1099.5 | J16: =SUM(J15-I15) -> -64.5 | ... T16: =SUM(T15-S15) -> 12.272279

Sheet Hewitt Elementary 0370
A1: Grades | B1: FY 90 | C1: FY 91 | D1: FY 92 | E1: FY 93 | F1: FY 94 | G1: FY 95 | H1: FY 96 | I1: FY 97 | J1: FY 98 | K1: FY 99 | L1: FY 00 | M1: FY 01 | N1: FY 02 | O1: FY 03 | Q1: 0.75
A2: K | B2: =SUM(B20*$Q$1) -> 191.25 | C2: =SUM(C20*$Q$1) -> 192.75 | D2: =SUM(D20*$Q$1) -> 178.5 | E2: =SUM(E20*$Q$1) -> 202.5 | F2: =SUM(F20*$Q$1) -> 201 | G2: =SUM(G20*$Q$1) -> 180 | H2: =SUM(H20*$Q$1) -> 208.5 | I2: =SUM(I20*$Q$1) -> 195.75 | ... O2: =SUM(O20*$Q$1) -> 196.605
A3: 1st | B3: =SUM(B21*$Q$1) -> 209.25 | C3: =SUM(C21*$Q$1) -> 207.75 | D3: =SUM(D21*$Q$1) -> 198.75 | E3: =SUM(E21*$Q$1) -> 184.5 | F3: =SUM(F21*$Q$1) -> 216.75 | G3: =SUM(G21*$Q$1) -> 207.75 | H3: =SUM(H21*$Q$1) -> 195 | I3: =SUM(I21*$Q$1) -> 209.25 | ... O3: =SUM(O21*$Q$1) -> 196.605
A4: 2nd | B4: =SUM(B22*$Q$1) -> 174 | C4: =SUM(C22*$Q$1) -> 207.75 | D4: =SUM(D22*$Q$1) -> 216 | E4: =SUM(E22*$Q$1) -> 189 | F4: =SUM(F22*$Q$1) -> 174.75 | G4: =SUM(G22*$Q$1) -> 209.25 | H4: =SUM(H22*$Q$1) -> 204.75 | I4: =SUM(I22*$Q$1) -> 180 | ... O4: =SUM(O22*$Q$1) -> 191.25
A5: 3rd | B5: =SUM(B23*$Q$1) -> 180 | C5: =SUM(C23*$Q$1) -> 174.75 | D5: =SUM(D23*$Q$1) -> 216.75 | E5: =SUM(E23*$Q$1) -> 214.5 | F5: =SUM(F23*$Q$1) -> 209.25 | G5: =SUM(G23*$Q$1) -> 187.5 | H5: =SUM(H23*$Q$1) -> 222.75 | I5: =SUM(I23*$Q$1) -> 216.75 | ... O5: =SUM(O23*$Q$1) -> 198.9
A6: 4th | B6: =SUM(B24*$Q$1) -> 204 | C6: =SUM(C24*$Q$1) -> 186 | D6: =SUM(D24*$Q$1) -> 180.75 | E6: =SUM(E24*$Q$1) -> 212.25 | F6: =SUM(F24*$Q$1) -> 219 | G6: =SUM(G24*$Q$1) -> 205.5 | H6: =SUM(H24*$Q$1) -> 192 | I6: =SUM(I24*$Q$1) -> 214.5 | ... O6: =SUM(O24*$Q$1) -> 223.38
A7: 5th
A8: 6th
A9: 7th
A10: 8th
A11: 9th
A12: 10th
A13: 11th
A14: 12th
A15: Total | B15: =SUM(B2:B14) -> 958.5 | C15: =SUM(C2:C14) -> 969 | D15: =SUM(D2:D14) -> 990.75 | E15: =SUM(E2:E14) -> 1002.75 | F15: =SUM(F2:F14) -> 1020.75 | G15: =SUM(G2:G14) -> 990 | H15: =SUM(H2:H14) -> 1023 | I15: =SUM(I2:I14) -> 1016.25 | ... K15: =SUM(K2:K14) -> 1014 | L15: =SUM(L2:L8) -> 1020 | M15: =SUM(M2:M8) -> 971.25 | N15: =SUM(N2:N8) -> 984 | O15: =SUM(O2:O8) -> 1006.74
A16: Difference | C16: =SUM(C15-B15) -> 10.5 | D16: =SUM(D15-C15) -> 21.75 | E16: =SUM(E15-D15) -> 12 | F16: =SUM(F15-E15) -> 18 | G16: =SUM(G15-F15) -> -30.75 | H16: =SUM(H15-G15) -> 33 | I16: =SUM(I15-H15) -> -6.75 | J16: =SUM(J15-I15) -> 24 | ... O16: =SUM(O15-N15) -> 22.74
B20: 255 | C20: 257 | D20: 238 | E20: 270 | F20: 268 | G20: 240 | H20: 278 | I20: 261 | J20: 256 | K20: 252 | L20: 252 | M20: 234 | N20: 257 | O20: =SUM(N20)*1.02 -> 262.14
B21: 279 | C21: 277 | D21: 265 | E21: 246 | F21: 289 | G21: 277 | H21: 260 | I21: 279 | J21: 264 | K21: 236 | L21: 261 | M21: 252 | N21: 250 | O21: =SUM(N20)*1.02 -> 262.14
B22: 232 | C22: 277 | D22: 288 | E22: 252 | F22: 233 | G22: 279 | H22: 273 | I22: 240 | J22: 292 | K22: 270 | L22: 241 | M22: 267 | N22: 260 | O22: =SUM(N21)*1.02 -> 255
B23: 240 | C23: 233 | D23: 289 | E23: 286 | F23: 279 | G23: 250 | H23: 297 | I23: 289 | J23: 274 | K23: 314 | L23: 296 | M23: 254 | N23: 292 | O23: =SUM(N22)*1.02 -> 265.2
B24: 272 | C24: 248 | D24: 241 | E24: 283 | F24: 292 | G24: 274 | H24: 256 | I24: 286 | J24: 301 | K24: 280 | L24: 310 | M24: 288 | N24: 253 | O24: =SUM(N23)*1.02 -> 297.84

Sheet Payne Elementary 0370
A1: Grades | B1: FY 90 | C1: FY 91 | D1: FY 92 | E1: FY 93 | F1: FY 94 | G1: FY 95 | H1: FY 96 | I1: FY 97 | J1: FY 98 | K1: FY 99 | L1: FY 00 | M1: FY 01 | N1: FY 02 | O1: FY 03 | P1: FY 04 | Q1: FY 05 | R1: FY 06 | S1: FY 07 | T1: FY 08 | U1: 0.75
A2: K | P2: =SUM(P20*$U$1) -> 200.25 | Q2: =SUM(Q20*$U$1) -> 204.255 | R2: =SUM(R20*$U$1) -> 208.3401 | S2: =SUM(S20*$U$1) -> 212.5069 | T2: =SUM(T20*$U$1) -> 216.75704
A3: 1st | P3: =SUM(P21*$U$1) -> 195 | Q3: =SUM(Q21*$U$1) -> 204.255 | R3: =SUM(R21*$U$1) -> 208.3401 | S3: =SUM(S21*$U$1) -> 212.5069 | T3: =SUM(T21*$U$1) -> 216.75704
A4: 2nd | P4: =SUM(P22*$U$1) -> 202.5 | Q4: =SUM(Q22*$U$1) -> 198.9 | R4: =SUM(R22*$U$1) -> 208.3401 | S4: =SUM(S22*$U$1) -> 212.5069 | T4: =SUM(T22*$U$1) -> 216.75704
A5: 3rd | P5: =SUM(P23*$U$1) -> 227.25 | Q5: =SUM(Q23*$U$1) -> 206.55 | R5: =SUM(R23*$U$1) -> 202.878 | S5: =SUM(S23*$U$1) -> 212.5069 | T5: =SUM(T23*$U$1) -> 216.75704
A6: 4th | P6: =SUM(P24*$U$1) -> 197.25 | Q6: =SUM(Q24*$U$1) -> 231.795 | R6: =SUM(R24*$U$1) -> 210.681 | S6: =SUM(S24*$U$1) -> 206.93556 | T6: =SUM(T24*$U$1) -> 216.75704
A7: 5th | P7: =SUM(P25*$U$1) -> 227.25 | Q7: =SUM(Q25*$U$1) -> 201.195 | R7: =SUM(R25*$U$1) -> 236.4309 | S7: =SUM(S25*$U$1) -> 214.89462 | T7: =SUM(T25*$U$1) -> 211.07427
A8: 6th
A9: 7th
A10: 8th
A11: 9th
A12: 10th
A13: 11th
A14: 12th
A15: Total | P15: =SUM(P2:P8) -> 1249.5 | Q15: =SUM(Q2:Q8) -> 1246.95 | R15: =SUM(R2:R8) -> 1275.0102 | S15: =SUM(S2:S8) -> 1271.8578 | T15: =SUM(T2:T8) -> 1294.8595
A16: Difference | P16: =SUM(P15-O15) -> 1249.5 | Q16: =SUM(Q15-P15) -> -2.55 | R16: =SUM(R15-Q15) -> 28.0602 | S16: =SUM(S15-R15) -> -3.152412 | T16: =SUM(T15-S15) -> 23.001683
P20: 267 | Q20: =SUM(P20*1.02) -> 272.34 | R20: =SUM(Q20*1.02) -> 277.7868 | S20: =SUM(R20*1.02) -> 283.34254 | T20: =SUM(S20*1.02) -> 289.00939
P21: 260 | Q21: =SUM(P20*1.02) -> 272.34 | R21: =SUM(Q20*1.02) -> 277.7868 | S21: =SUM(R20*1.02) -> 283.34254 | T21: =SUM(S20*1.02) -> 289.00939
P22: 270 | Q22: =SUM(P21*1.02) -> 265.2 | R22: =SUM(Q21*1.02) -> 277.7868 | S22: =SUM(R21*1.02) -> 283.34254 | T22: =SUM(S21*1.02) -> 289.00939
P23: 303 | Q23: =SUM(P22*1.02) -> 275.4 | R23: =SUM(Q22*1.02) -> 270.504 | S23: =SUM(R22*1.02) -> 283.34254 | T23: =SUM(S22*1.02) -> 289.00939
P24: 263 | Q24: =SUM(P23*1.02) -> 309.06 | R24: =SUM(Q23*1.02) -> 280.908 | S24: =SUM(R23*1.02) -> 275.91408 | T24: =SUM(S23*1.02) -> 289.00939
P25: 303 | Q25: =SUM(P24*1.02) -> 268.26 | R25: =SUM(Q24*1.02) -> 315.2412 | S25: =SUM(R24*1.02) -> 286.52616 | T25: =SUM(S24*1.02) -> 281.43236

Sheet Hewitt Middle 0380
A1: Grades | B1: FY 90 | C1: FY 91 | D1: FY 92 | E1: FY 93 | F1: FY 94 | G1: FY 95 | H1: FY 96 | I1: FY 97 | J1: FY 98 | K1: FY 99 | L1: FY 00 | M1: FY 01 | N1: FY 02 | O1: FY 03 | P1: 0.75
A2: K
A3: 1st
A4: 2nd
A5: 3rd
A6: 4th
A7: 5th | B7: =SUM(B20*$P$1) -> 187.5 | C7: =SUM(C20*$P$1) -> 207 | D7: =SUM(D20*$P$1) -> 205.5 | E7: =SUM(E20*$P$1) -> 182.25 | F7: =SUM(F20*$P$1) -> 222.75 | G7: =SUM(G20*$P$1) -> 228.75 | H7: =SUM(H20*$P$1) -> 228 | I7: =SUM(I20*$P$1) -> 197.25 | ... O7: =SUM(O20*$P$1) -> 193.5
A8: 6th | B8: =SUM(B21*$P$1) -> 186 | C8: =SUM(C21*$P$1) -> 183.75 | D8: =SUM(D21*$P$1) -> 219 | E8: =SUM(E21*$P$1) -> 204.75 | F8: =SUM(F21*$P$1) -> 186 | G8: =SUM(G21*$P$1) -> 227.25 | H8: =SUM(H21*$P$1) -> 240.75 | I8: =SUM(I21*$P$1) -> 232.5 | ... O8: =SUM(O21*$P$1) -> 221.85
A9: 7th | B9: =SUM(B22*$P$1) -> 400.5 | C9: =SUM(C22*$P$1) -> 435.75 | D9: =SUM(D22*$P$1) -> 415.5 | E9: =SUM(E22*$P$1) -> 470.25 | F9: =SUM(F22*$P$1) -> 474 | G9: =SUM(G22*$P$1) -> 427.5 | H9: =SUM(H22*$P$1) -> 514.5 | I9: =SUM(I22*$P$1) -> 243 | ... O9: =SUM(O22*$P$1) -> 245.565
A10: 8th
A11: 9th
A12: 10th
A13: 11th
A14: 12th
A15: Total | B15: =SUM(B2:B14) -> 774 | C15: =SUM(C2:C14) -> 826.5 | D15: =SUM(D2:D14) -> 840 | E15: =SUM(E2:E14) -> 857.25 | F15: =SUM(F2:F14) -> 882.75 | G15: =SUM(G2:G14) -> 883.5 | H15: =SUM(H2:H14) -> 983.25 | I15: =SUM(I2:I14) -> 672.75 | J15: =SUM(J2:J14) -> 693 | K15: =SUM(K7:K11) -> 682.5 | L15: =SUM(L7:L11) -> 693.75 | M15: =SUM(M7:M11) -> 708 | N15: =SUM(N7:N11) -> 692.25 | O15: =SUM(O7:O11) -> 660.915
A16: Difference | C16: =SUM(C15-B15) -> 52.5 | D16: =SUM(D15-C15) -> 13.5 | E16: =SUM(E15-D15) -> 17.25 | F16: =SUM(F15-E15) -> 25.5 | G16: =SUM(G15-F15) -> 0.75 | H16: =SUM(H15-G15) -> 99.75 | I16: =SUM(I15-H15) -> -310.5 | J16: =SUM(J15-I15) -> 20.25 | ... O16: =SUM(O15-N15) -> -31.335
B20: 250 | C20: 276 | D20: 274 | E20: 243 | F20: 297 | G20: 305 | H20: 304 | I20: 263 | J20: 307 | K20: 313 | L20: 289 | M20: 320 | N20: 290 | O20: 258
B21: 248 | C21: 245 | D21: 292 | E21: 273 | F21: 248 | G21: 303 | H21: 321 | I21: 310 | J21: 281 | K21: 314 | L21: 312 | M21: 308 | N21: 321 | O21: =SUM(N20*1.02) -> 295.8
B22: 534 | C22: 581 | D22: 554 | E22: 627 | F22: 632 | G22: 570 | H22: 686 | I22: 324 | J22: 336 | K22: 283 | L22: 324 | M22: 316 | N22: 312 | O22: =SUM(N21*1.02) -> 327.42

Sheet Hewitt Junior 0390
A1: Grades | B1: FY 90 | C1: FY 91 | D1: FY 92 | E1: FY 93 | F1: FY 94 | G1: FY 95 | H1: FY 96 | I1: FY 97 | J1: FY 98 | K1: FY 99 | L1: FY 00 | M1: FY 01 | N1: FY 02 | O1: FY 03 | P1: FY 04 | Q1: FY 05 | R1: FY 06 | S1: FY 07 | T1: FY 08 | U1: 0.75
A2: K
A3: 1st
A4: 2nd
A5: 3rd
A6: 4th
A7: 5th
A8: 6th | P8: =SUM(P20*$U$1) -> 197.25 | Q8: =SUM(Q20*$U$1) -> 231.75 | R8: =SUM(R20*$U$1) -> 204.75 | S8: =SUM(S20*$U$1) -> 240.75 | T8: =SUM(T20*$U$1) -> 219.75
A9: 7th | P9: =SUM(P21*$U$1) -> 225.75 | Q9: =SUM(Q21*$U$1) -> 201.195 | R9: =SUM(R21*$U$1) -> 236.385 | S9: =SUM(S21*$U$1) -> 208.845 | T9: =SUM(T21*$U$1) -> 245.565
A10: 8th | B10: =SUM(B22*$U$1) -> 381 | C10: =SUM(C22*$U$1) -> 418.5 | D10: =SUM(D22*$U$1) -> 432 | E10: =SUM(E22*$U$1) -> 426.75 | F10: =SUM(F22*$U$1) -> 502.5 | G10: =SUM(G22*$U$1) -> 502.5 | H10: =SUM(H22*$U$1) -> 447.75 | I10: =SUM(I22*$U$1) -> 234 | ... T10: =SUM(T22*$U$1) -> 213.0219
A11: 9th | B11: =SUM(B23*$U$1) -> 348.75 | C11: =SUM(C23*$U$1) -> 366 | D11: =SUM(D23*$U$1) -> 391.5 | E11: =SUM(E23*$U$1) -> 406.5 | F11: =SUM(F23*$U$1) -> 405 | G11: =SUM(G23*$U$1) -> 490.5 | H11: =SUM(H23*$U$1) -> 486 | I11: =SUM(I23*$U$1) -> 209.25 | ... O11: =SUM(O23*$U$1) -> 242.505
A12: 10th
A13: 11th
A14: 12th
A15: Total | B15: =SUM(B2:B14) -> 729.75 | C15: =SUM(C2:C14) -> 784.5 | D15: =SUM(D2:D14) -> 823.5 | E15: =SUM(E2:E14) -> 833.25 | F15: =SUM(F2:F14) -> 907.5 | G15: =SUM(G2:G14) -> 993 | H15: =SUM(H2:H14) -> 933.75 | I15: =SUM(I2:I14) -> 443.25 | J15: =SUM(J2:J14) -> 472.5 | K15: =SUM(K7:K11) -> 507.75 | L15: =SUM(L7:L11) -> 451.5 | M15: =SUM(M7:M11) -> 469.5 | N15: =SUM(N7:N11) -> 465.75 | O15: =SUM(O7:O11) -> 481.005 | P15: =SUM(P7:P11) -> 673.5 | Q15: =SUM(Q7:Q11) -> 663.21 | R15: =SUM(R7:R11) -> 646.3539 | ... T15: =SUM(T7:T11) -> 678.3369
A16: Difference | C16: =SUM(C15-B15) -> 54.75 | D16: =SUM(D15-C15) -> 39 | E16: =SUM(E15-D15) -> 9.75 | F16: =SUM(F15-E15) -> 74.25 | G16: =SUM(G15-F15) -> 85.5 | H16: =SUM(H15-G15) -> -59.25 | I16: =SUM(I15-H15) -> -490.5 | J16: =SUM(J15-I15) -> 29.25 | ... T16: =SUM(T15-S15) -> -12.3708
P20: 263 | Q20: 309 | R20: 273 | S20: 321 | T20: 293
P21: 301 | Q21: =SUM(P20*1.02) -> 268.26 | R21: =SUM(Q20*1.02) -> 315.18 | S21: =SUM(R20*1.02) -> 278.46 | T21: =SUM(S20*1.02) -> 327.42
B22: 508 | C22: 558 | D22: 576 | E22: 569 | F22: 670 | G22: 670 | H22: 597 | I22: 312 | J22: 326 | K22: 343 | L22: 284 | M22: 321 | N22: 317 | O22: 318 | P22: 334 | Q22: =SUM(P21*1.02) -> 307.02 | R22: =SUM(Q21*1.02) -> 273.6252 | S22: =SUM(R21*1.02) -> 321.4836 | T22: =SUM(S21*1.02) -> 284.0292
B23: 465 | C23: 488 | D23: 522 | E23: 542 | F23: 540 | G23: 654 | H23: 648 | I23: 279 | J23: 304 | K23: 334 | L23: 318 | M23: 305 | N23: 304 | O23: =SUM(N22*1.02) -> 323.34

Sheet Hewitt-Trussville High
A1: Grades | B1: FY 90 | C1: FY 91 | D1: FY 92 | E1: FY 93 | F1: FY 94 | G1: FY 95 | H1: FY 96 | I1: FY 97 | J1: FY 98 | K1: FY 99 | L1: FY 00 | M1: FY 01 | N1: FY 02 | O1: FY 03 | P1: FY 04 | Q1: FY 05 | R1: FY 06 | S1: FY 07 | T1: FY 08 | U1: 0.75
A2: K
A3: 1st
A4: 2nd
A5: 3rd
A6: 4th
A7: 5th
A8: 6th
A9: 7th
A10: 8th
A11: 9th | P11: =SUM(P20*$U$1) -> 243 | Q11: =SUM(Q20*$U$1) -> 255 | R11: =SUM(R20*$U$1) -> 234.75 | S11: =SUM(S20*$U$1) -> 208.5 | T11: =SUM(T20*$U$1) -> 245.25
A12: 10th | B12: =SUM(B21*$U$1) -> 347.25 | C12: =SUM(C21*$U$1) -> 343.5 | D12: =SUM(D21*$U$1) -> 363 | E12: =SUM(E21*$U$1) -> 365.25 | F12: =SUM(F21*$U$1) -> 391.5 | G12: =SUM(G21*$U$1) -> 398.25 | H12: =SUM(H21*$U$1) -> 461.25 | I12: =SUM(I21*$U$1) -> 231 | ... T12: =SUM(T21*$U$1) -> 212.67
A13: 11th | B13: =SUM(B22*$U$1) -> 272.25 | C13: =SUM(C22*$U$1) -> 316.5 | D13: =SUM(D22*$U$1) -> 291.75 | E13: =SUM(E22*$U$1) -> 313.5 | F13: =SUM(F22*$U$1) -> 329.25 | G13: =SUM(G22*$U$1) -> 340.5 | H13: =SUM(H22*$U$1) -> 380.25 | I13: =SUM(I22*$U$1) -> 297.75 | ... T13: =SUM(T22*$U$1) -> 244.2339
A14: 12th | B14: =SUM(B23*$U$1) -> 271.5 | C14: =SUM(C23*$U$1) -> 241.5 | D14: =SUM(D23*$U$1) -> 269.25 | E14: =SUM(E23*$U$1) -> 254.25 | F14: =SUM(F23*$U$1) -> 285.75 | G14: =SUM(G23*$U$1) -> 306.75 | H14: =SUM(H23*$U$1) -> 296.25 | I14: =SUM(I23*$U$1) -> 317.25 | ... T14: =SUM(T23*$U$1) -> 270.60804
A15: Total | B15: =SUM(B2:B14) -> 891 | C15: =SUM(C2:C14) -> 901.5 | D15: =SUM(D2:D14) -> 924 | E15: =SUM(E2:E14) -> 933 | F15: =SUM(F2:F14) -> 1006.5 | G15: =SUM(G2:G14) -> 1045.5 | H15: =SUM(H2:H14) -> 1137.75 | I15: =SUM(I2:I14) -> 846 | ... T15: =SUM(T2:T14) -> 972.76194
A16: Difference | C16: =SUM(C15-B15) -> 10.5 | D16: =SUM(D15-C15) -> 22.5 | E16: =SUM(E15-D15) -> 9 | F16: =SUM(F15-E15) -> 73.5 | G16: =SUM(G15-F15) -> 39 | H16: =SUM(H15-G15) -> 92.25 | I16: =SUM(I15-H15) -> -291.75 | J16: =SUM(J15-I15) -> -138 | ... T16: =SUM(T15-S15) -> 1.641396
P20: 324 | Q20: 340 | R20: 313 | S20: 278 | T20: 327
B21: 463 | C21: 458 | D21: 484 | E21: 487 | F21: 522 | G21: 531 | H21: 615 | I21: 308 | J21: 274 | K21: 294 | L21: 323 | M21: 311 | N21: 310 | O21: 310 | P21: 330 | Q21: =SUM(P20*1.02) -> 330.48 | R21: =SUM(Q20*1.02) -> 346.8 | S21: =SUM(R20*1.02) -> 319.26 | T21: =SUM(S20*1.02) -> 283.56
B22: 363 | C22: 422 | D22: 389 | E22: 418 | F22: 439 | G22: 454 | H22: 507 | I22: 397 | J22: 289 | K22: 263 | L22: 284 | M22: 310 | N22: 305 | O22: =SUM(N21*1.02) -> 316.2 | P22: =SUM(O21*1.02) -> 316.2 | Q22: =SUM(P21*1.02) -> 336.6 | R22: =SUM(Q21*1.02) -> 337.0896 | S22: =SUM(R21*1.02) -> 353.736 | T22: =SUM(S21*1.02) -> 325.6452
B23: 362 | C23: 322 | D23: 359 | E23: 339 | F23: 381 | G23: 409 | H23: 395 | I23: 423 | J23: 381 | K23: 283 | L23: 246 | M23: 282 | N23: 305 | O23: =SUM(N22*1.02) -> 311.1 | P23: =SUM(O22*1.02) -> 322.524 | Q23: =SUM(P22*1.02) -> 322.524 | R23: =SUM(Q22*1.02) -> 343.332 | S23: =SUM(R22*1.02) -> 343.83139 | T23: =SUM(S22*1.02) -> 360.81072

Sheet Trussville K-5
A1: Grades | B1: FY 90 | C1: FY 91 | D1: FY 92 | E1: FY 93 | F1: FY 94 | G1: FY 95 | H1: FY 96 | I1: FY 97 | J1: FY 98 | K1: FY 99 | L1: FY 00 | M1: FY 01 | N1: FY 02 | O1: FY 03 | P1: FY 04 | Q1: FY 05 | R1: FY 06 | S1: FY 07 | T1: FY 08
A2: K | B2: =SUM('Hewitt Elementary 0370'!B2) -> 191.25 | C2: =SUM('Hewitt Elementary 0370'!C2) -> 192.75 | D2: =SUM('Hewitt Elementary 0370'!D2) -> 178.5 | E2: =SUM('Hewitt Elementary 0370'!E2) -> 202.5 | F2: =SUM('Hewitt Elementary 0370'!F2) -> 201 | G2: =SUM('Hewitt Elementary 0370'!G2) -> 180 | H2: =SUM('Hewitt Elementary 0370'!H2) -> 208.5 | I2: =SUM('Hewitt Elementary 0370'!I2) -> 195.75 | ... O2: =SUM('Hewitt Elementary 0370'!O2) -> 196.605 | P2: =SUM('Payne Elementary 0370'!P2) -> 200.25 | Q2: =SUM('Payne Elementary 0370'!Q2) -> 204.255 | R2: =SUM('Payne Elementary 0370'!R2) -> 208.3401 | S2: =SUM('Payne Elementary 0370'!S2) -> 212.5069 | T2: =SUM('Payne Elementary 0370'!T2) -> 216.75704
A3: 1st | B3: =SUM('Hewitt Elementary 0370'!B3) -> 209.25 | C3: =SUM('Hewitt Elementary 0370'!C3) -> 207.75 | D3: =SUM('Hewitt Elementary 0370'!D3) -> 198.75 | E3: =SUM('Hewitt Elementary 0370'!E3) -> 184.5 | F3: =SUM('Hewitt Elementary 0370'!F3) -> 216.75 | G3: =SUM('Hewitt Elementary 0370'!G3) -> 207.75 | H3: =SUM('Hewitt Elementary 0370'!H3) -> 195 | I3: =SUM('Hewitt Elementary 0370'!I3) -> 209.25 | ... O3: =SUM('Hewitt Elementary 0370'!O3) -> 196.605 | P3: =SUM('Payne Elementary 0370'!P3) -> 195 | Q3: =SUM('Payne Elementary 0370'!Q3) -> 204.255 | R3: =SUM('Payne Elementary 0370'!R3) -> 208.3401 | S3: =SUM('Payne Elementary 0370'!S3) -> 212.5069 | T3: =SUM('Payne Elementary 0370'!T3) -> 216.75704
A4: 2nd | B4: =SUM('Hewitt Elementary 0370'!B4) -> 174 | C4: =SUM('Hewitt Elementary 0370'!C4) -> 207.75 | D4: =SUM('Hewitt Elementary 0370'!D4) -> 216 | E4: =SUM('Hewitt Elementary 0370'!E4) -> 189 | F4: =SUM('Hewitt Elementary 0370'!F4) -> 174.75 | G4: =SUM('Hewitt Elementary 0370'!G4) -> 209.25 | H4: =SUM('Hewitt Elementary 0370'!H4) -> 204.75 | I4: =SUM('Hewitt Elementary 0370'!I4) -> 180 | ... O4: =SUM('Hewitt Elementary 0370'!O4) -> 191.25 | P4: =SUM('Payne Elementary 0370'!P4) -> 202.5 | Q4: =SUM('Payne Elementary 0370'!Q4) -> 198.9 | R4: =SUM('Payne Elementary 0370'!R4) -> 208.3401 | S4: =SUM('Payne Elementary 0370'!S4) -> 212.5069 | T4: =SUM('Payne Elementary 0370'!T4) -> 216.75704
A5: 3rd | B5: =SUM('Hewitt Elementary 0370'!B5) -> 180 | C5: =SUM('Hewitt Elementary 0370'!C5) -> 174.75 | D5: =SUM('Hewitt Elementary 0370'!D5) -> 216.75 | E5: =SUM('Hewitt Elementary 0370'!E5) -> 214.5 | F5: =SUM('Hewitt Elementary 0370'!F5) -> 209.25 | G5: =SUM('Hewitt Elementary 0370'!G5) -> 187.5 | H5: =SUM('Hewitt Elementary 0370'!H5) -> 222.75 | I5: =SUM('Hewitt Elementary 0370'!I5) -> 216.75 | ... O5: =SUM('Hewitt Elementary 0370'!O5) -> 198.9 | P5: =SUM('Payne Elementary 0370'!P5) -> 227.25 | Q5: =SUM('Payne Elementary 0370'!Q5) -> 206.55 | R5: =SUM('Payne Elementary 0370'!R5) -> 202.878 | S5: =SUM('Payne Elementary 0370'!S5) -> 212.5069 | T5: =SUM('Payne Elementary 0370'!T5) -> 216.75704
A6: 4th | B6: =SUM('Hewitt Elementary 0370'!B6) -> 204 | C6: =SUM('Hewitt Elementary 0370'!C6) -> 186 | D6: =SUM('Hewitt Elementary 0370'!D6) -> 180.75 | E6: =SUM('Hewitt Elementary 0370'!E6) -> 212.25 | F6: =SUM('Hewitt Elementary 0370'!F6) -> 219 | G6: =SUM('Hewitt Elementary 0370'!G6) -> 205.5 | H6: =SUM('Hewitt Elementary 0370'!H6) -> 192 | I6: =SUM('Hewitt Elementary 0370'!I6) -> 214.5 | ... O6: =SUM('Hewitt Elementary 0370'!O6) -> 223.38 | P6: =SUM('Payne Elementary 0370'!P6) -> 197.25 | Q6: =SUM('Payne Elementary 0370'!Q6) -> 231.795 | R6: =SUM('Payne Elementary 0370'!R6) -> 210.681 | S6: =SUM('Payne Elementary 0370'!S6) -> 206.93556 | T6: =SUM('Payne Elementary 0370'!T6) -> 216.75704
A7: 5th | B7: =SUM('Hewitt Middle 0380'!B7) -> 187.5 | C7: =SUM('Hewitt Middle 0380'!C7) -> 207 | D7: =SUM('Hewitt Middle 0380'!D7) -> 205.5 | E7: =SUM('Hewitt Middle 0380'!E7) -> 182.25 | F7: =SUM('Hewitt Middle 0380'!F7) -> 222.75 | G7: =SUM('Hewitt Middle 0380'!G7) -> 228.75 | H7: =SUM('Hewitt Middle 0380'!H7) -> 228 | I7: =SUM('Hewitt Middle 0380'!I7) -> 197.25 | ... O7: =SUM('Hewitt Middle 0380'!O7) -> 193.5 | P7: =SUM('Payne Elementary 0370'!P7) -> 227.25 | Q7: =SUM('Payne Elementary 0370'!Q7) -> 201.195 | R7: =SUM('Payne Elementary 0370'!R7) -> 236.4309 | S7: =SUM('Payne Elementary 0370'!S7) -> 214.89462 | T7: =SUM('Payne Elementary 0370'!T7) -> 211.07427
A8: Total | B8: =SUM(B2:B7) -> 1146 | C8: =SUM(C2:C7) -> 1176 | D8: =SUM(D2:D7) -> 1196.25 | E8: =SUM(E2:E7) -> 1185 | F8: =SUM(F2:F7) -> 1243.5 | G8: =SUM(G2:G7) -> 1218.75 | H8: =SUM(H2:H7) -> 1251 | I8: =SUM(I2:I7) -> 1213.5 | ... T8: =SUM(T2:T7) -> 1294.8595
A9: Difference | C9: =SUM(C8-B8) -> 30 | D9: =SUM(D8-C8) -> 20.25 | E9: =SUM(E8-D8) -> -11.25 | F9: =SUM(F8-E8) -> 58.5 | G9: =SUM(G8-F8) -> -24.75 | H9: =SUM(H8-G8) -> 32.25 | I9: =SUM(I8-H8) -> -37.5 | J9: =SUM(J8-I8) -> 57 | ... T9: =SUM(T8-S8) -> 23.001683

Sheet Trussville 6-8
A1: Grades | B1: FY 90 | C1: FY 91 | D1: FY 92 | E1: FY 93 | F1: FY 94 | G1: FY 95 | H1: FY 96 | I1: FY 97 | J1: FY 98 | K1: FY 99 | L1: FY 00 | M1: FY 01 | N1: FY 02 | O1: FY 03 | P1: FY 04 | Q1: FY 05 | R1: FY 06 | S1: FY 07 | T1: FY 08
A2: 6th | B2: =SUM('Hewitt Middle 0380'!B8) -> 186 | C2: =SUM('Hewitt Middle 0380'!C8) -> 183.75 | D2: =SUM('Hewitt Middle 0380'!D8) -> 219 | E2: =SUM('Hewitt Middle 0380'!E8) -> 204.75 | F2: =SUM('Hewitt Middle 0380'!F8) -> 186 | G2: =SUM('Hewitt Middle 0380'!G8) -> 227.25 | H2: =SUM('Hewitt Middle 0380'!H8) -> 240.75 | I2: =SUM('Hewitt Middle 0380'!I8) -> 232.5 | ... O2: =SUM('Hewitt Middle 0380'!O8) -> 221.85 | P2: =SUM('Hewitt Junior 0390'!P8) -> 197.25 | Q2: =SUM('Hewitt Junior 0390'!Q8) -> 231.75 | R2: =SUM('Hewitt Junior 0390'!R8) -> 204.75 | S2: =SUM('Hewitt Junior 0390'!S8) -> 240.75 | T2: =SUM('Hewitt Junior 0390'!T8) -> 219.75
A3: 7th | B3: =SUM('Hewitt Middle 0380'!B9) -> 400.5 | C3: =SUM('Hewitt Middle 0380'!C9) -> 435.75 | D3: =SUM('Hewitt Middle 0380'!D9) -> 415.5 | E3: =SUM('Hewitt Middle 0380'!E9) -> 470.25 | F3: =SUM('Hewitt Middle 0380'!F9) -> 474 | G3: =SUM('Hewitt Middle 0380'!G9) -> 427.5 | H3: =SUM('Hewitt Middle 0380'!H9) -> 514.5 | I3: =SUM('Hewitt Middle 0380'!I9) -> 243 | ... O3: =SUM('Hewitt Middle 0380'!O9) -> 245.565 | P3: =SUM('Hewitt Junior 0390'!P9) -> 225.75 | Q3: =SUM('Hewitt Junior 0390'!Q9) -> 201.195 | R3: =SUM('Hewitt Junior 0390'!R9) -> 236.385 | S3: =SUM('Hewitt Junior 0390'!S9) -> 208.845 | T3: =SUM('Hewitt Junior 0390'!T9) -> 245.565
A4: 8th | B4: =SUM('Hewitt Junior 0390'!B10) -> 381 | C4: =SUM('Hewitt Junior 0390'!C10) -> 418.5 | D4: =SUM('Hewitt Junior 0390'!D10) -> 432 | E4: =SUM('Hewitt Junior 0390'!E10) -> 426.75 | F4: =SUM('Hewitt Junior 0390'!F10) -> 502.5 | G4: =SUM('Hewitt Junior 0390'!G10) -> 502.5 | H4: =SUM('Hewitt Junior 0390'!H10) -> 447.75 | I4: =SUM('Hewitt Junior 0390'!I10) -> 234 | ... T4: =SUM('Hewitt Junior 0390'!T10) -> 213.0219
A5: Total | B5: =SUM(B2:B4) -> 967.5 | C5: =SUM(C2:C4) -> 1038 | D5: =SUM(D2:D4) -> 1066.5 | E5: =SUM(E2:E4) -> 1101.75 | F5: =SUM(F2:F4) -> 1162.5 | G5: =SUM(G2:G4) -> 1157.25 | H5: =SUM(H2:H4) -> 1203 | I5: =SUM(I2:I4) -> 709.5 | ... T5: =SUM(T2:T4) -> 678.3369
A6: Difference | C6: =SUM(C5-B5) -> 70.5 | D6: =SUM(D5-C5) -> 28.5 | E6: =SUM(E5-D5) -> 35.25 | F6: =SUM(F5-E5) -> 60.75 | G6: =SUM(G5-F5) -> -5.25 | H6: =SUM(H5-G5) -> 45.75 | I6: =SUM(I5-H5) -> -493.5 | J6: =SUM(J5-I5) -> -2.25 | ... T6: =SUM(T5-S5) -> -12.3708

Sheet Trussville 9-12
A1: Grades | B1: FY 90 | C1: FY 91 | D1: FY 92 | E1: FY 93 | F1: FY 94 | G1: FY 95 | H1: FY 96 | I1: FY 97 | J1: FY 98 | K1: FY 99 | L1: FY 00 | M1: FY 01 | N1: FY 02 | O1: FY 03 | P1: FY 04 | Q1: FY 05 | R1: FY 06 | S1: FY 07 | T1: FY 08
A2: 9th | B2: =SUM('Hewitt Junior 0390'!B11) -> 348.75 | C2: =SUM('Hewitt Junior 0390'!C11) -> 366 | D2: =SUM('Hewitt Junior 0390'!D11) -> 391.5 | E2: =SUM('Hewitt Junior 0390'!E11) -> 406.5 | F2: =SUM('Hewitt Junior 0390'!F11) -> 405 | G2: =SUM('Hewitt Junior 0390'!G11) -> 490.5 | H2: =SUM('Hewitt Junior 0390'!H11) -> 486 | I2: =SUM('Hewitt Junior 0390'!I11) -> 209.25 | ... O2: =SUM('Hewitt Junior 0390'!O11) -> 242.505 | P2: =SUM('Hewitt-Trussville High'!P11) -> 243 | Q2: =SUM('Hewitt-Trussville High'!Q11) -> 255 | R2: =SUM('Hewitt-Trussville High'!R11) -> 234.75 | S2: =SUM('Hewitt-Trussville High'!S11) -> 208.5 | T2: =SUM('Hewitt-Trussville High'!T11) -> 245.25
A3: 10th | B3: =SUM('Hewitt-Trussville High'!B12) -> 347.25 | C3: =SUM('Hewitt-Trussville High'!C12) -> 343.5 | D3: =SUM('Hewitt-Trussville High'!D12) -> 363 | E3: =SUM('Hewitt-Trussville High'!E12) -> 365.25 | F3: =SUM('Hewitt-Trussville High'!F12) -> 391.5 | G3: =SUM('Hewitt-Trussville High'!G12) -> 398.25 | H3: =SUM('Hewitt-Trussville High'!H12) -> 461.25 | I3: =SUM('Hewitt-Trussville High'!I12) -> 231 | ... T3: =SUM('Hewitt-Trussville High'!T12) -> 212.67
A4: 11th | B4: =SUM('Hewitt-Trussville High'!B13) -> 272.25 | C4: =SUM('Hewitt-Trussville High'!C13) -> 316.5 | D4: =SUM('Hewitt-Trussville High'!D13) -> 291.75 | E4: =SUM('Hewitt-Trussville High'!E13) -> 313.5 | F4: =SUM('Hewitt-Trussville High'!F13) -> 329.25 | G4: =SUM('Hewitt-Trussville High'!G13) -> 340.5 | H4: =SUM('Hewitt-Trussville High'!H13) -> 380.25 | I4: =SUM('Hewitt-Trussville High'!I13) -> 297.75 | ... T4: =SUM('Hewitt-Trussville High'!T13) -> 244.2339
A5: 12th | B5: =SUM('Hewitt-Trussville High'!B14) -> 271.5 | C5: =SUM('Hewitt-Trussville High'!C14) -> 241.5 | D5: =SUM('Hewitt-Trussville High'!D14) -> 269.25 | E5: =SUM('Hewitt-Trussville High'!E14) -> 254.25 | F5: =SUM('Hewitt-Trussville High'!F14) -> 285.75 | G5: =SUM('Hewitt-Trussville High'!G14) -> 306.75 | H5: =SUM('Hewitt-Trussville High'!H14) -> 296.25 | I5: =SUM('Hewitt-Trussville High'!I14) -> 317.25 | ... T5: =SUM('Hewitt-Trussville High'!T14) -> 270.60804
A6: Total | B6: =SUM(B2:B5) -> 1239.75 | C6: =SUM(C2:C5) -> 1267.5 | D6: =SUM(D2:D5) -> 1315.5 | E6: =SUM(E2:E5) -> 1339.5 | F6: =SUM(F2:F5) -> 1411.5 | G6: =SUM(G2:G5) -> 1536 | H6: =SUM(H2:H5) -> 1623.75 | I6: =SUM(I2:I5) -> 1055.25 | ... T6: =SUM(T2:T5) -> 972.76194
A7: Difference | C7: =SUM(C6-B6) -> 27.75 | D7: =SUM(D6-C6) -> 48 | E7: =SUM(E6-D6) -> 24 | F7: =SUM(F6-E6) -> 72 | G7: =SUM(G6-F6) -> 124.5 | H7: =SUM(H6-G6) -> 87.75 | I7: =SUM(I6-H6) -> -568.5 | J7: =SUM(J6-I6) -> -119.25 | ... T7: =SUM(T6-S6) -> 1.641396
