Workbook

Sheet 1st MP
A1: Enter Class Title Here
A2: Name | B2: Current Average | C2: Status | D2: classwork or homework 1 | E2: classwork or homework 2 | F2: classwork or homework 3 | G2: classwork or homework 4 | H2: classwork or homework 5 | I2: classwork or homework 6 | J2: classwork or homework 7 | K2: classwork or homework 8 | L2: classwork or homework 9 | M2: classwork or homework 10 | N2: classwork or homework 11 | O2: classwork or homework 12 | P2: classwork or homework 13 | Q2: classwork or homework 14 | R2: classwork or homework 15 | S2: classwork or homework 16 | T2: classwork or homework 17 | U2: classwork or homework 18 | V2: classwork or homework 19 | W2: classwork or homework 20 | X2: classwork or homework 21 | Y2: classwork or homework 22 | Z2: classwork or homework 23 | AA2: classwork or homework 24 | AB2: ADD COLUMN NOW | AC2: test 1 | AD2: test 2 | AE2: test 3 | AF2: test 4 | AG2: test 5 | AH2: ADD COLUMN NOW | AI2: quiz 1 | AJ2: quiz 2 | AK2: quiz 3 | AL2: quiz 4 | AM2: quiz 5 | AN2: quiz 6 | AO2: quiz 7 | AP2: quiz 8 | AQ2: quiz 9 | AR2: quiz 10 | AS2: ADD COLUMN NOW | AT2: Extra Credit Raw Points | AU2: Penalty Points (will subtract)
B3: =IF(D3+AC3+AI3>0,AVERAGE(D3:AB3)*50%+AVERAGE(AC3:AH3)*30%+AVERAGE(AI3:AR3)*20%+AT3-AU3,"") | C3: =IF(B3>=89.5,"Passing A",IF(B3>=79.5,"Passing B",IF(B3>=69.5,"Passing C",IF(B3>=59.5,"Passing D",IF(B3<59.5,"Failing",""))))) -> Passing A
B4: =IF(D4+AC4+AI4>0,AVERAGE(D4:AB4)*50%+AVERAGE(AC4:AH4)*30%+AVERAGE(AI4:AR4)*20%+AT4-AU4,"") | C4: =IF(B4>=89.5,"Passing A",IF(B4>=79.5,"Passing B",IF(B4>=69.5,"Passing C",IF(B4>=59.5,"Passing D",IF(B4<59.5,"Failing",""))))) -> Passing A
B5: =IF(D5+AC5+AI5>0,AVERAGE(D5:AB5)*50%+AVERAGE(AC5:AH5)*30%+AVERAGE(AI5:AR5)*20%+AT5-AU5,"") | C5: =IF(B5>=89.5,"Passing A",IF(B5>=79.5,"Passing B",IF(B5>=69.5,"Passing C",IF(B5>=59.5,"Passing D",IF(B5<59.5,"Failing",""))))) -> Passing A
B6: =IF(D6+AC6+AI6>0,AVERAGE(D6:AB6)*50%+AVERAGE(AC6:AH6)*30%+AVERAGE(AI6:AR6)*20%+AT6-AU6,"") | C6: =IF(B6>=89.5,"Passing A",IF(B6>=79.5,"Passing B",IF(B6>=69.5,"Passing C",IF(B6>=59.5,"Passing D",IF(B6<59.5,"Failing",""))))) -> Passing A
B7: =IF(D7+AC7+AI7>0,AVERAGE(D7:AB7)*50%+AVERAGE(AC7:AH7)*30%+AVERAGE(AI7:AR7)*20%+AT7-AU7,"") | C7: =IF(B7>=89.5,"Passing A",IF(B7>=79.5,"Passing B",IF(B7>=69.5,"Passing C",IF(B7>=59.5,"Passing D",IF(B7<59.5,"Failing",""))))) -> Passing A
B8: =IF(D8+AC8+AI8>0,AVERAGE(D8:AB8)*50%+AVERAGE(AC8:AH8)*30%+AVERAGE(AI8:AR8)*20%+AT8-AU8,"") | C8: =IF(B8>=89.5,"Passing A",IF(B8>=79.5,"Passing B",IF(B8>=69.5,"Passing C",IF(B8>=59.5,"Passing D",IF(B8<59.5,"Failing",""))))) -> Passing A
B9: =IF(D9+AC9+AI9>0,AVERAGE(D9:AB9)*50%+AVERAGE(AC9:AH9)*30%+AVERAGE(AI9:AR9)*20%+AT9-AU9,"") | C9: =IF(B9>=89.5,"Passing A",IF(B9>=79.5,"Passing B",IF(B9>=69.5,"Passing C",IF(B9>=59.5,"Passing D",IF(B9<59.5,"Failing",""))))) -> Passing A
B10: =IF(D10+AC10+AI10>0,AVERAGE(D10:AB10)*50%+AVERAGE(AC10:AH10)*30%+AVERAGE(AI10:AR10)*20%+AT10-AU10,"") | C10: =IF(B10>=89.5,"Passing A",IF(B10>=79.5,"Passing B",IF(B10>=69.5,"Passing C",IF(B10>=59.5,"Passing D",IF(B10<59.5,"Failing",""))))) -> Passing A
B11: =IF(D11+AC11+AI11>0,AVERAGE(D11:AB11)*50%+AVERAGE(AC11:AH11)*30%+AVERAGE(AI11:AR11)*20%+AT11-AU11,"") | C11: =IF(B11>=89.5,"Passing A",IF(B11>=79.5,"Passing B",IF(B11>=69.5,"Passing C",IF(B11>=59.5,"Passing D",IF(B11<59.5,"Failing",""))))) -> Passing A
B12: =IF(D12+AC12+AI12>0,AVERAGE(D12:AB12)*50%+AVERAGE(AC12:AH12)*30%+AVERAGE(AI12:AR12)*20%+AT12-AU12,"") | C12: =IF(B12>=89.5,"Passing A",IF(B12>=79.5,"Passing B",IF(B12>=69.5,"Passing C",IF(B12>=59.5,"Passing D",IF(B12<59.5,"Failing",""))))) -> Passing A
B13: =IF(D13+AC13+AI13>0,AVERAGE(D13:AB13)*50%+AVERAGE(AC13:AH13)*30%+AVERAGE(AI13:AR13)*20%+AT13-AU13,"") | C13: =IF(B13>=89.5,"Passing A",IF(B13>=79.5,"Passing B",IF(B13>=69.5,"Passing C",IF(B13>=59.5,"Passing D",IF(B13<59.5,"Failing",""))))) -> Passing A
B14: =IF(D14+AC14+AI14>0,AVERAGE(D14:AB14)*50%+AVERAGE(AC14:AH14)*30%+AVERAGE(AI14:AR14)*20%+AT14-AU14,"") | C14: =IF(B14>=89.5,"Passing A",IF(B14>=79.5,"Passing B",IF(B14>=69.5,"Passing C",IF(B14>=59.5,"Passing D",IF(B14<59.5,"Failing",""))))) -> Passing A
... B32: =IF(D32+AC32+AI32>0,AVERAGE(D32:AB32)*50%+AVERAGE(AC32:AH32)*30%+AVERAGE(AI32:AR32)*20%+AT32-AU32,"") | C32: =IF(B32>=89.5,"Passing A",IF(B32>=79.5,"Passing B",IF(B32>=69.5,"Passing C",IF(B32>=59.5,"Passing D",IF(B32<59.5,"Failing",""))))) -> Passing A
A33: class average | B33: =IF(SUM(B3:B32)>0,AVERAGE(B3:B32),"") | C33: =IF(B33>=89.5,"Passing A",IF(B33>=79.5,"Passing B",IF(B33>=69.5,"Passing C",IF(B33>=59.5,"Passing D",IF(B33<59.5,"Failing",""))))) -> Passing A | D33: =IF(SUM(D3:D32)>0,AVERAGE(D3:D32),"") | E33: =IF(SUM(E3:E32)>0,AVERAGE(E3:E32),"") | F33: =IF(SUM(F3:F32)>0,AVERAGE(F3:F32),"") | G33: =IF(SUM(G3:G32)>0,AVERAGE(G3:G32),"") | H33: =IF(SUM(H3:H32)>0,AVERAGE(H3:H32),"") | I33: =IF(SUM(I3:I32)>0,AVERAGE(I3:I32),"") | J33: =IF(SUM(J3:J32)>0,AVERAGE(J3:J32),"") | K33: =IF(SUM(K3:K32)>0,AVERAGE(K3:K32),"") | ... AU33: =IF(SUM(AU3:AU32)>0,AVERAGE(AU3:AU32),"")
A35: Grade Book Template by
A36: Gene Gugliotta
A37: thinnmann@yahoo.com
A38: http://thinnmann.com

Sheet 2nd MP
A1: Enter Class Title Here
A2: Name | B2: Current Average | C2: Year's Average | D2: Status | E2: classwork or homework 1 | F2: classwork or homework 2 | G2: classwork or homework 3 | H2: classwork or homework 4 | I2: classwork or homework 5 | J2: classwork or homework 6 | K2: classwork or homework 7 | L2: classwork or homework 8 | M2: classwork or homework 9 | N2: classwork or homework 10 | O2: classwork or homework 11 | P2: classwork or homework 12 | Q2: classwork or homework 13 | R2: classwork or homework 14 | S2: classwork or homework 15 | T2: classwork or homework 16 | U2: classwork or homework 17 | V2: classwork or homework 18 | W2: classwork or homework 19 | X2: classwork or homework 20 | Y2: classwork or homework 21 | Z2: classwork or homework 22 | AA2: classwork or homework 23 | AB2: classwork or homework 24 | AC2: ADD COLUMN NOW | AD2: test 1 | AE2: test 2 | AF2: test 3 | AG2: test 4 | AH2: test 5 | AI2: ADD COLUMN NOW | AJ2: quiz 1 | AK2: quiz 2 | AL2: quiz 3 | AM2: quiz 4 | AN2: quiz 5 | AO2: quiz 6 | AP2: quiz 7 | AQ2: quiz 8 | AR2: quiz 9 | AS2: quiz 10 | AT2: ADD COLUMN NOW | AU2: Extra Credit Raw Points | AV2: Penalty Points (will subtract)
B3: =IF(E3+AD3+AJ3>0,AVERAGE(E3:AC3)*50%+AVERAGE(AD3:AI3)*30%+AVERAGE(AJ3:AS3)*20%+AU3-AV3,"") | C3: =(B3+'1st MP'!B3)/2 -> #VALUE! | D3: =IF(B3>=89.5,"Passing A",IF(B3>=79.5,"Passing B",IF(B3>=69.5,"Passing C",IF(B3>=59.5,"Passing D",IF(B3<59.5,"Failing",""))))) -> Passing A
B4: =IF(E4+AD4+AJ4>0,AVERAGE(E4:AC4)*50%+AVERAGE(AD4:AI4)*30%+AVERAGE(AJ4:AS4)*20%+AU4-AV4,"") | C4: =(B4+'1st MP'!B4)/2 -> #VALUE! | D4: =IF(B4>=89.5,"Passing A",IF(B4>=79.5,"Passing B",IF(B4>=69.5,"Passing C",IF(B4>=59.5,"Passing D",IF(B4<59.5,"Failing",""))))) -> Passing A
B5: =IF(E5+AD5+AJ5>0,AVERAGE(E5:AC5)*50%+AVERAGE(AD5:AI5)*30%+AVERAGE(AJ5:AS5)*20%+AU5-AV5,"") | C5: =(B5+'1st MP'!B5)/2 -> #VALUE! | D5: =IF(B5>=89.5,"Passing A",IF(B5>=79.5,"Passing B",IF(B5>=69.5,"Passing C",IF(B5>=59.5,"Passing D",IF(B5<59.5,"Failing",""))))) -> Passing A
B6: =IF(E6+AD6+AJ6>0,AVERAGE(E6:AC6)*50%+AVERAGE(AD6:AI6)*30%+AVERAGE(AJ6:AS6)*20%+AU6-AV6,"") | C6: =(B6+'1st MP'!B6)/2 -> #VALUE! | D6: =IF(B6>=89.5,"Passing A",IF(B6>=79.5,"Passing B",IF(B6>=69.5,"Passing C",IF(B6>=59.5,"Passing D",IF(B6<59.5,"Failing",""))))) -> Passing A
B7: =IF(E7+AD7+AJ7>0,AVERAGE(E7:AC7)*50%+AVERAGE(AD7:AI7)*30%+AVERAGE(AJ7:AS7)*20%+AU7-AV7,"") | C7: =(B7+'1st MP'!B7)/2 -> #VALUE! | D7: =IF(B7>=89.5,"Passing A",IF(B7>=79.5,"Passing B",IF(B7>=69.5,"Passing C",IF(B7>=59.5,"Passing D",IF(B7<59.5,"Failing",""))))) -> Passing A
B8: =IF(E8+AD8+AJ8>0,AVERAGE(E8:AC8)*50%+AVERAGE(AD8:AI8)*30%+AVERAGE(AJ8:AS8)*20%+AU8-AV8,"") | C8: =(B8+'1st MP'!B8)/2 -> #VALUE! | D8: =IF(B8>=89.5,"Passing A",IF(B8>=79.5,"Passing B",IF(B8>=69.5,"Passing C",IF(B8>=59.5,"Passing D",IF(B8<59.5,"Failing",""))))) -> Passing A
B9: =IF(E9+AD9+AJ9>0,AVERAGE(E9:AC9)*50%+AVERAGE(AD9:AI9)*30%+AVERAGE(AJ9:AS9)*20%+AU9-AV9,"") | C9: =(B9+'1st MP'!B9)/2 -> #VALUE! | D9: =IF(B9>=89.5,"Passing A",IF(B9>=79.5,"Passing B",IF(B9>=69.5,"Passing C",IF(B9>=59.5,"Passing D",IF(B9<59.5,"Failing",""))))) -> Passing A
B10: =IF(E10+AD10+AJ10>0,AVERAGE(E10:AC10)*50%+AVERAGE(AD10:AI10)*30%+AVERAGE(AJ10:AS10)*20%+AU10-AV10,"") | C10: =(B10+'1st MP'!B10)/2 -> #VALUE! | D10: =IF(B10>=89.5,"Passing A",IF(B10>=79.5,"Passing B",IF(B10>=69.5,"Passing C",IF(B10>=59.5,"Passing D",IF(B10<59.5,"Failing",""))))) -> Passing A
B11: =IF(E11+AD11+AJ11>0,AVERAGE(E11:AC11)*50%+AVERAGE(AD11:AI11)*30%+AVERAGE(AJ11:AS11)*20%+AU11-AV11,"") | C11: =(B11+'1st MP'!B11)/2 -> #VALUE! | D11: =IF(B11>=89.5,"Passing A",IF(B11>=79.5,"Passing B",IF(B11>=69.5,"Passing C",IF(B11>=59.5,"Passing D",IF(B11<59.5,"Failing",""))))) -> Passing A
B12: =IF(E12+AD12+AJ12>0,AVERAGE(E12:AC12)*50%+AVERAGE(AD12:AI12)*30%+AVERAGE(AJ12:AS12)*20%+AU12-AV12,"") | C12: =(B12+'1st MP'!B12)/2 -> #VALUE! | D12: =IF(B12>=89.5,"Passing A",IF(B12>=79.5,"Passing B",IF(B12>=69.5,"Passing C",IF(B12>=59.5,"Passing D",IF(B12<59.5,"Failing",""))))) -> Passing A
B13: =IF(E13+AD13+AJ13>0,AVERAGE(E13:AC13)*50%+AVERAGE(AD13:AI13)*30%+AVERAGE(AJ13:AS13)*20%+AU13-AV13,"") | C13: =(B13+'1st MP'!B13)/2 -> #VALUE! | D13: =IF(B13>=89.5,"Passing A",IF(B13>=79.5,"Passing B",IF(B13>=69.5,"Passing C",IF(B13>=59.5,"Passing D",IF(B13<59.5,"Failing",""))))) -> Passing A
B14: =IF(E14+AD14+AJ14>0,AVERAGE(E14:AC14)*50%+AVERAGE(AD14:AI14)*30%+AVERAGE(AJ14:AS14)*20%+AU14-AV14,"") | C14: =(B14+'1st MP'!B14)/2 -> #VALUE! | D14: =IF(B14>=89.5,"Passing A",IF(B14>=79.5,"Passing B",IF(B14>=69.5,"Passing C",IF(B14>=59.5,"Passing D",IF(B14<59.5,"Failing",""))))) -> Passing A
... B32: =IF(E32+AD32+AJ32>0,AVERAGE(E32:AC32)*50%+AVERAGE(AD32:AI32)*30%+AVERAGE(AJ32:AS32)*20%+AU32-AV32,"") | C32: =(B32+'1st MP'!B32)/2 -> #VALUE! | D32: =IF(B32>=89.5,"Passing A",IF(B32>=79.5,"Passing B",IF(B32>=69.5,"Passing C",IF(B32>=59.5,"Passing D",IF(B32<59.5,"Failing",""))))) -> Passing A
A33: class average | B33: =IF(SUM(B3:B32)>0,AVERAGE(B3:B32),"") | C33: =IF(SUM(C3:C32)>0,AVERAGE(C3:C32),"") -> #VALUE! | D33: =IF(B33>=89.5,"Passing A",IF(B33>=79.5,"Passing B",IF(B33>=69.5,"Passing C",IF(B33>=59.5,"Passing D",IF(B33<59.5,"Failing",""))))) -> Passing A | E33: =IF(SUM(E3:E32)>0,AVERAGE(E3:E32),"") | F33: =IF(SUM(F3:F32)>0,AVERAGE(F3:F32),"") | G33: =IF(SUM(G3:G32)>0,AVERAGE(G3:G32),"") | H33: =IF(SUM(H3:H32)>0,AVERAGE(H3:H32),"") | I33: =IF(SUM(I3:I32)>0,AVERAGE(I3:I32),"") | J33: =IF(SUM(J3:J32)>0,AVERAGE(J3:J32),"") | K33: =IF(SUM(K3:K32)>0,AVERAGE(K3:K32),"") | L33: =IF(SUM(L3:L32)>0,AVERAGE(L3:L32),"") | ... AV33: =IF(SUM(AV3:AV32)>0,AVERAGE(AV3:AV32),"")
A35: Grade Book Template by
A36: Gene Gugliotta
A37: thinnmann@yahoo.com
A38: http://thinnmann.com

Sheet 3rd MP
A1: Enter Class Title Here
A2: Name | B2: Current Average | C2: Year's Average | D2: Status | E2: classwork or homework 1 | F2: classwork or homework 2 | G2: classwork or homework 3 | H2: classwork or homework 4 | I2: classwork or homework 5 | J2: classwork or homework 6 | K2: classwork or homework 7 | L2: classwork or homework 8 | M2: classwork or homework 9 | N2: classwork or homework 10 | O2: classwork or homework 11 | P2: classwork or homework 12 | Q2: classwork or homework 13 | R2: classwork or homework 14 | S2: classwork or homework 15 | T2: classwork or homework 16 | U2: classwork or homework 17 | V2: classwork or homework 18 | W2: classwork or homework 19 | X2: classwork or homework 20 | Y2: classwork or homework 21 | Z2: classwork or homework 22 | AA2: classwork or homework 23 | AB2: classwork or homework 24 | AC2: ADD COLUMN NOW | AD2: test 1 | AE2: test 2 | AF2: test 3 | AG2: test 4 | AH2: test 5 | AI2: ADD COLUMN NOW | AJ2: quiz 1 | AK2: quiz 2 | AL2: quiz 3 | AM2: quiz 4 | AN2: quiz 5 | AO2: quiz 6 | AP2: quiz 7 | AQ2: quiz 8 | AR2: quiz 9 | AS2: quiz 10 | AT2: ADD COLUMN NOW | AU2: Extra Credit Raw Points | AV2: Penalty Points (will subtract)
B3: =IF(E3+AD3+AJ3>0,AVERAGE(E3:AC3)*50%+AVERAGE(AD3:AI3)*30%+AVERAGE(AJ3:AS3)*20%+AU3-AV3,"") | C3: =(B3+'2nd MP'!B3+'1st MP'!B3)/3 -> #VALUE! | D3: =IF(B3>=89.5,"Passing A",IF(B3>=79.5,"Passing B",IF(B3>=69.5,"Passing C",IF(B3>=59.5,"Passing D",IF(B3<59.5,"Failing",""))))) -> Passing A
B4: =IF(E4+AD4+AJ4>0,AVERAGE(E4:AC4)*50%+AVERAGE(AD4:AI4)*30%+AVERAGE(AJ4:AS4)*20%+AU4-AV4,"") | C4: =(B4+'2nd MP'!B4+'1st MP'!B4)/3 -> #VALUE! | D4: =IF(B4>=89.5,"Passing A",IF(B4>=79.5,"Passing B",IF(B4>=69.5,"Passing C",IF(B4>=59.5,"Passing D",IF(B4<59.5,"Failing",""))))) -> Passing A
B5: =IF(E5+AD5+AJ5>0,AVERAGE(E5:AC5)*50%+AVERAGE(AD5:AI5)*30%+AVERAGE(AJ5:AS5)*20%+AU5-AV5,"") | C5: =(B5+'2nd MP'!B5+'1st MP'!B5)/3 -> #VALUE! | D5: =IF(B5>=89.5,"Passing A",IF(B5>=79.5,"Passing B",IF(B5>=69.5,"Passing C",IF(B5>=59.5,"Passing D",IF(B5<59.5,"Failing",""))))) -> Passing A
B6: =IF(E6+AD6+AJ6>0,AVERAGE(E6:AC6)*50%+AVERAGE(AD6:AI6)*30%+AVERAGE(AJ6:AS6)*20%+AU6-AV6,"") | C6: =(B6+'2nd MP'!B6+'1st MP'!B6)/3 -> #VALUE! | D6: =IF(B6>=89.5,"Passing A",IF(B6>=79.5,"Passing B",IF(B6>=69.5,"Passing C",IF(B6>=59.5,"Passing D",IF(B6<59.5,"Failing",""))))) -> Passing A
B7: =IF(E7+AD7+AJ7>0,AVERAGE(E7:AC7)*50%+AVERAGE(AD7:AI7)*30%+AVERAGE(AJ7:AS7)*20%+AU7-AV7,"") | C7: =(B7+'2nd MP'!B7+'1st MP'!B7)/3 -> #VALUE! | D7: =IF(B7>=89.5,"Passing A",IF(B7>=79.5,"Passing B",IF(B7>=69.5,"Passing C",IF(B7>=59.5,"Passing D",IF(B7<59.5,"Failing",""))))) -> Passing A
B8: =IF(E8+AD8+AJ8>0,AVERAGE(E8:AC8)*50%+AVERAGE(AD8:AI8)*30%+AVERAGE(AJ8:AS8)*20%+AU8-AV8,"") | C8: =(B8+'2nd MP'!B8+'1st MP'!B8)/3 -> #VALUE! | D8: =IF(B8>=89.5,"Passing A",IF(B8>=79.5,"Passing B",IF(B8>=69.5,"Passing C",IF(B8>=59.5,"Passing D",IF(B8<59.5,"Failing",""))))) -> Passing A
B9: =IF(E9+AD9+AJ9>0,AVERAGE(E9:AC9)*50%+AVERAGE(AD9:AI9)*30%+AVERAGE(AJ9:AS9)*20%+AU9-AV9,"") | C9: =(B9+'2nd MP'!B9+'1st MP'!B9)/3 -> #VALUE! | D9: =IF(B9>=89.5,"Passing A",IF(B9>=79.5,"Passing B",IF(B9>=69.5,"Passing C",IF(B9>=59.5,"Passing D",IF(B9<59.5,"Failing",""))))) -> Passing A
B10: =IF(E10+AD10+AJ10>0,AVERAGE(E10:AC10)*50%+AVERAGE(AD10:AI10)*30%+AVERAGE(AJ10:AS10)*20%+AU10-AV10,"") | C10: =(B10+'2nd MP'!B10+'1st MP'!B10)/3 -> #VALUE! | D10: =IF(B10>=89.5,"Passing A",IF(B10>=79.5,"Passing B",IF(B10>=69.5,"Passing C",IF(B10>=59.5,"Passing D",IF(B10<59.5,"Failing",""))))) -> Passing A
B11: =IF(E11+AD11+AJ11>0,AVERAGE(E11:AC11)*50%+AVERAGE(AD11:AI11)*30%+AVERAGE(AJ11:AS11)*20%+AU11-AV11,"") | C11: =(B11+'2nd MP'!B11+'1st MP'!B11)/3 -> #VALUE! | D11: =IF(B11>=89.5,"Passing A",IF(B11>=79.5,"Passing B",IF(B11>=69.5,"Passing C",IF(B11>=59.5,"Passing D",IF(B11<59.5,"Failing",""))))) -> Passing A
B12: =IF(E12+AD12+AJ12>0,AVERAGE(E12:AC12)*50%+AVERAGE(AD12:AI12)*30%+AVERAGE(AJ12:AS12)*20%+AU12-AV12,"") | C12: =(B12+'2nd MP'!B12+'1st MP'!B12)/3 -> #VALUE! | D12: =IF(B12>=89.5,"Passing A",IF(B12>=79.5,"Passing B",IF(B12>=69.5,"Passing C",IF(B12>=59.5,"Passing D",IF(B12<59.5,"Failing",""))))) -> Passing A
B13: =IF(E13+AD13+AJ13>0,AVERAGE(E13:AC13)*50%+AVERAGE(AD13:AI13)*30%+AVERAGE(AJ13:AS13)*20%+AU13-AV13,"") | C13: =(B13+'2nd MP'!B13+'1st MP'!B13)/3 -> #VALUE! | D13: =IF(B13>=89.5,"Passing A",IF(B13>=79.5,"Passing B",IF(B13>=69.5,"Passing C",IF(B13>=59.5,"Passing D",IF(B13<59.5,"Failing",""))))) -> Passing A
B14: =IF(E14+AD14+AJ14>0,AVERAGE(E14:AC14)*50%+AVERAGE(AD14:AI14)*30%+AVERAGE(AJ14:AS14)*20%+AU14-AV14,"") | C14: =(B14+'2nd MP'!B14+'1st MP'!B14)/3 -> #VALUE! | D14: =IF(B14>=89.5,"Passing A",IF(B14>=79.5,"Passing B",IF(B14>=69.5,"Passing C",IF(B14>=59.5,"Passing D",IF(B14<59.5,"Failing",""))))) -> Passing A
... B32: =IF(E32+AD32+AJ32>0,AVERAGE(E32:AC32)*50%+AVERAGE(AD32:AI32)*30%+AVERAGE(AJ32:AS32)*20%+AU32-AV32,"") | C32: =(B32+'2nd MP'!B32+'1st MP'!B32)/3 -> #VALUE! | D32: =IF(B32>=89.5,"Passing A",IF(B32>=79.5,"Passing B",IF(B32>=69.5,"Passing C",IF(B32>=59.5,"Passing D",IF(B32<59.5,"Failing",""))))) -> Passing A
A33: class average | B33: =IF(SUM(B3:B32)>0,AVERAGE(B3:B32),"") | C33: =IF(SUM(C3:C32)>0,AVERAGE(C3:C32),"") -> #VALUE! | D33: =IF(B33>=89.5,"Passing A",IF(B33>=79.5,"Passing B",IF(B33>=69.5,"Passing C",IF(B33>=59.5,"Passing D",IF(B33<59.5,"Failing",""))))) -> Passing A | E33: =IF(SUM(E3:E32)>0,AVERAGE(E3:E32),"") | F33: =IF(SUM(F3:F32)>0,AVERAGE(F3:F32),"") | G33: =IF(SUM(G3:G32)>0,AVERAGE(G3:G32),"") | H33: =IF(SUM(H3:H32)>0,AVERAGE(H3:H32),"") | I33: =IF(SUM(I3:I32)>0,AVERAGE(I3:I32),"") | J33: =IF(SUM(J3:J32)>0,AVERAGE(J3:J32),"") | K33: =IF(SUM(K3:K32)>0,AVERAGE(K3:K32),"") | L33: =IF(SUM(L3:L32)>0,AVERAGE(L3:L32),"") | ... AV33: =IF(SUM(AV3:AV32)>0,AVERAGE(AV3:AV32),"")
A35: Grade Book Template by
A36: Gene Gugliotta
A37: thinnmann@yahoo.com
A38: http://thinnmann.com

Sheet 4th MP
A1: Enter Class Title Here
A2: Name | B2: Current Average | C2: Year's Average | D2: Status | E2: classwork or homework 1 | F2: classwork or homework 2 | G2: classwork or homework 3 | H2: classwork or homework 4 | I2: classwork or homework 5 | J2: classwork or homework 6 | K2: classwork or homework 7 | L2: classwork or homework 8 | M2: classwork or homework 9 | N2: classwork or homework 10 | O2: classwork or homework 11 | P2: classwork or homework 12 | Q2: classwork or homework 13 | R2: classwork or homework 14 | S2: classwork or homework 15 | T2: classwork or homework 16 | U2: classwork or homework 17 | V2: classwork or homework 18 | W2: classwork or homework 19 | X2: classwork or homework 20 | Y2: classwork or homework 21 | Z2: classwork or homework 22 | AA2: classwork or homework 23 | AB2: classwork or homework 24 | AC2: ADD COLUMN NOW | AD2: test 1 | AE2: test 2 | AF2: test 3 | AG2: test 4 | AH2: test 5 | AI2: ADD COLUMN NOW | AJ2: quiz 1 | AK2: quiz 2 | AL2: quiz 3 | AM2: quiz 4 | AN2: quiz 5 | AO2: quiz 6 | AP2: quiz 7 | AQ2: quiz 8 | AR2: quiz 9 | AS2: quiz 10 | AT2: ADD COLUMN NOW | AU2: Extra Credit Raw Points | AV2: Penalty Points (will subtract)
B3: =IF(E3+AD3+AJ3>0,AVERAGE(E3:AC3)*50%+AVERAGE(AD3:AI3)*30%+AVERAGE(AJ3:AS3)*20%+AU3-AV3,"") | C3: =(B3+'3rd MP'!B3+'2nd MP'!B3+'1st MP'!B3)/4 -> #VALUE! | D3: =IF(B3>=89.5,"Passing A",IF(B3>=79.5,"Passing B",IF(B3>=69.5,"Passing C",IF(B3>=59.5,"Passing D",IF(B3<59.5,"Failing",""))))) -> Passing A
B4: =IF(E4+AD4+AJ4>0,AVERAGE(E4:AC4)*50%+AVERAGE(AD4:AI4)*30%+AVERAGE(AJ4:AS4)*20%+AU4-AV4,"") | C4: =(B4+'3rd MP'!B4+'2nd MP'!B4+'1st MP'!B4)/4 -> #VALUE! | D4: =IF(B4>=89.5,"Passing A",IF(B4>=79.5,"Passing B",IF(B4>=69.5,"Passing C",IF(B4>=59.5,"Passing D",IF(B4<59.5,"Failing",""))))) -> Passing A
B5: =IF(E5+AD5+AJ5>0,AVERAGE(E5:AC5)*50%+AVERAGE(AD5:AI5)*30%+AVERAGE(AJ5:AS5)*20%+AU5-AV5,"") | C5: =(B5+'3rd MP'!B5+'2nd MP'!B5+'1st MP'!B5)/4 -> #VALUE! | D5: =IF(B5>=89.5,"Passing A",IF(B5>=79.5,"Passing B",IF(B5>=69.5,"Passing C",IF(B5>=59.5,"Passing D",IF(B5<59.5,"Failing",""))))) -> Passing A
B6: =IF(E6+AD6+AJ6>0,AVERAGE(E6:AC6)*50%+AVERAGE(AD6:AI6)*30%+AVERAGE(AJ6:AS6)*20%+AU6-AV6,"") | C6: =(B6+'3rd MP'!B6+'2nd MP'!B6+'1st MP'!B6)/4 -> #VALUE! | D6: =IF(B6>=89.5,"Passing A",IF(B6>=79.5,"Passing B",IF(B6>=69.5,"Passing C",IF(B6>=59.5,"Passing D",IF(B6<59.5,"Failing",""))))) -> Passing A
B7: =IF(E7+AD7+AJ7>0,AVERAGE(E7:AC7)*50%+AVERAGE(AD7:AI7)*30%+AVERAGE(AJ7:AS7)*20%+AU7-AV7,"") | C7: =(B7+'3rd MP'!B7+'2nd MP'!B7+'1st MP'!B7)/4 -> #VALUE! | D7: =IF(B7>=89.5,"Passing A",IF(B7>=79.5,"Passing B",IF(B7>=69.5,"Passing C",IF(B7>=59.5,"Passing D",IF(B7<59.5,"Failing",""))))) -> Passing A
B8: =IF(E8+AD8+AJ8>0,AVERAGE(E8:AC8)*50%+AVERAGE(AD8:AI8)*30%+AVERAGE(AJ8:AS8)*20%+AU8-AV8,"") | C8: =(B8+'3rd MP'!B8+'2nd MP'!B8+'1st MP'!B8)/4 -> #VALUE! | D8: =IF(B8>=89.5,"Passing A",IF(B8>=79.5,"Passing B",IF(B8>=69.5,"Passing C",IF(B8>=59.5,"Passing D",IF(B8<59.5,"Failing",""))))) -> Passing A
B9: =IF(E9+AD9+AJ9>0,AVERAGE(E9:AC9)*50%+AVERAGE(AD9:AI9)*30%+AVERAGE(AJ9:AS9)*20%+AU9-AV9,"") | C9: =(B9+'3rd MP'!B9+'2nd MP'!B9+'1st MP'!B9)/4 -> #VALUE! | D9: =IF(B9>=89.5,"Passing A",IF(B9>=79.5,"Passing B",IF(B9>=69.5,"Passing C",IF(B9>=59.5,"Passing D",IF(B9<59.5,"Failing",""))))) -> Passing A
B10: =IF(E10+AD10+AJ10>0,AVERAGE(E10:AC10)*50%+AVERAGE(AD10:AI10)*30%+AVERAGE(AJ10:AS10)*20%+AU10-AV10,"") | C10: =(B10+'3rd MP'!B10+'2nd MP'!B10+'1st MP'!B10)/4 -> #VALUE! | D10: =IF(B10>=89.5,"Passing A",IF(B10>=79.5,"Passing B",IF(B10>=69.5,"Passing C",IF(B10>=59.5,"Passing D",IF(B10<59.5,"Failing",""))))) -> Passing A
B11: =IF(E11+AD11+AJ11>0,AVERAGE(E11:AC11)*50%+AVERAGE(AD11:AI11)*30%+AVERAGE(AJ11:AS11)*20%+AU11-AV11,"") | C11: =(B11+'3rd MP'!B11+'2nd MP'!B11+'1st MP'!B11)/4 -> #VALUE! | D11: =IF(B11>=89.5,"Passing A",IF(B11>=79.5,"Passing B",IF(B11>=69.5,"Passing C",IF(B11>=59.5,"Passing D",IF(B11<59.5,"Failing",""))))) -> Passing A
B12: =IF(E12+AD12+AJ12>0,AVERAGE(E12:AC12)*50%+AVERAGE(AD12:AI12)*30%+AVERAGE(AJ12:AS12)*20%+AU12-AV12,"") | C12: =(B12+'3rd MP'!B12+'2nd MP'!B12+'1st MP'!B12)/4 -> #VALUE! | D12: =IF(B12>=89.5,"Passing A",IF(B12>=79.5,"Passing B",IF(B12>=69.5,"Passing C",IF(B12>=59.5,"Passing D",IF(B12<59.5,"Failing",""))))) -> Passing A
B13: =IF(E13+AD13+AJ13>0,AVERAGE(E13:AC13)*50%+AVERAGE(AD13:AI13)*30%+AVERAGE(AJ13:AS13)*20%+AU13-AV13,"") | C13: =(B13+'3rd MP'!B13+'2nd MP'!B13+'1st MP'!B13)/4 -> #VALUE! | D13: =IF(B13>=89.5,"Passing A",IF(B13>=79.5,"Passing B",IF(B13>=69.5,"Passing C",IF(B13>=59.5,"Passing D",IF(B13<59.5,"Failing",""))))) -> Passing A
B14: =IF(E14+AD14+AJ14>0,AVERAGE(E14:AC14)*50%+AVERAGE(AD14:AI14)*30%+AVERAGE(AJ14:AS14)*20%+AU14-AV14,"") | C14: =(B14+'3rd MP'!B14+'2nd MP'!B14+'1st MP'!B14)/4 -> #VALUE! | D14: =IF(B14>=89.5,"Passing A",IF(B14>=79.5,"Passing B",IF(B14>=69.5,"Passing C",IF(B14>=59.5,"Passing D",IF(B14<59.5,"Failing",""))))) -> Passing A
... B32: =IF(E32+AD32+AJ32>0,AVERAGE(E32:AC32)*50%+AVERAGE(AD32:AI32)*30%+AVERAGE(AJ32:AS32)*20%+AU32-AV32,"") | C32: =(B32+'3rd MP'!B32+'2nd MP'!B32+'1st MP'!B32)/4 -> #VALUE! | D32: =IF(B32>=89.5,"Passing A",IF(B32>=79.5,"Passing B",IF(B32>=69.5,"Passing C",IF(B32>=59.5,"Passing D",IF(B32<59.5,"Failing",""))))) -> Passing A
A33: class average | B33: =IF(SUM(B3:B32)>0,AVERAGE(B3:B32),"") | C33: =IF(SUM(C3:C32)>0,AVERAGE(C3:C32),"") -> #VALUE! | D33: =IF(B33>=89.5,"Passing A",IF(B33>=79.5,"Passing B",IF(B33>=69.5,"Passing C",IF(B33>=59.5,"Passing D",IF(B33<59.5,"Failing",""))))) -> Passing A | E33: =IF(SUM(E3:E32)>0,AVERAGE(E3:E32),"") | F33: =IF(SUM(F3:F32)>0,AVERAGE(F3:F32),"") | G33: =IF(SUM(G3:G32)>0,AVERAGE(G3:G32),"") | H33: =IF(SUM(H3:H32)>0,AVERAGE(H3:H32),"") | I33: =IF(SUM(I3:I32)>0,AVERAGE(I3:I32),"") | J33: =IF(SUM(J3:J32)>0,AVERAGE(J3:J32),"") | K33: =IF(SUM(K3:K32)>0,AVERAGE(K3:K32),"") | L33: =IF(SUM(L3:L32)>0,AVERAGE(L3:L32),"") | ... AV33: =IF(SUM(AV3:AV32)>0,AVERAGE(AV3:AV32),"")
A35: Grade Book Template by
A36: Gene Gugliotta
A37: thinnmann@yahoo.com
A38: http://thinnmann.com

Sheet Summary
A1: Enter Class Title Here
A2: Name | B2: MP 1 Average | C2: MP 2 Average | D2: MP 3 Average | E2: MP 4 Average | F2: Final Exam | G2: Final Average | H2: Final Status
B3: ='1st MP'!B3 | C3: ='2nd MP'!B3 | D3: ='3rd MP'!B3 | E3: ='3rd MP'!B3 | G3: =AVERAGE(B3:F3) -> #DIV/0! | H3: =IF(G3>=89.5,"Passing A",IF(G3>=79.5,"Passing B",IF(G3>=69.5,"Passing C",IF(G3>=59.5,"Passing D",IF(G3<59.5,"Failing",""))))) -> #DIV/0!
B4: ='1st MP'!B4 | C4: ='2nd MP'!B4 | D4: ='3rd MP'!B4 | E4: ='3rd MP'!B4 | G4: =AVERAGE(B4:F4) -> #DIV/0! | H4: =IF(G4>=89.5,"Passing A",IF(G4>=79.5,"Passing B",IF(G4>=69.5,"Passing C",IF(G4>=59.5,"Passing D",IF(G4<59.5,"Failing",""))))) -> #DIV/0!
B5: ='1st MP'!B5 | C5: ='2nd MP'!B5 | D5: ='3rd MP'!B5 | E5: ='3rd MP'!B5 | G5: =AVERAGE(B5:F5) -> #DIV/0! | H5: =IF(G5>=89.5,"Passing A",IF(G5>=79.5,"Passing B",IF(G5>=69.5,"Passing C",IF(G5>=59.5,"Passing D",IF(G5<59.5,"Failing",""))))) -> #DIV/0!
B6: ='1st MP'!B6 | C6: ='2nd MP'!B6 | D6: ='3rd MP'!B6 | E6: ='3rd MP'!B6 | G6: =AVERAGE(B6:F6) -> #DIV/0! | H6: =IF(G6>=89.5,"Passing A",IF(G6>=79.5,"Passing B",IF(G6>=69.5,"Passing C",IF(G6>=59.5,"Passing D",IF(G6<59.5,"Failing",""))))) -> #DIV/0!
B7: ='1st MP'!B7 | C7: ='2nd MP'!B7 | D7: ='3rd MP'!B7 | E7: ='3rd MP'!B7 | G7: =AVERAGE(B7:F7) -> #DIV/0! | H7: =IF(G7>=89.5,"Passing A",IF(G7>=79.5,"Passing B",IF(G7>=69.5,"Passing C",IF(G7>=59.5,"Passing D",IF(G7<59.5,"Failing",""))))) -> #DIV/0!
B8: ='1st MP'!B8 | C8: ='2nd MP'!B8 | D8: ='3rd MP'!B8 | E8: ='3rd MP'!B8 | G8: =AVERAGE(B8:F8) -> #DIV/0! | H8: =IF(G8>=89.5,"Passing A",IF(G8>=79.5,"Passing B",IF(G8>=69.5,"Passing C",IF(G8>=59.5,"Passing D",IF(G8<59.5,"Failing",""))))) -> #DIV/0!
B9: ='1st MP'!B9 | C9: ='2nd MP'!B9 | D9: ='3rd MP'!B9 | E9: ='3rd MP'!B9 | G9: =AVERAGE(B9:F9) -> #DIV/0! | H9: =IF(G9>=89.5,"Passing A",IF(G9>=79.5,"Passing B",IF(G9>=69.5,"Passing C",IF(G9>=59.5,"Passing D",IF(G9<59.5,"Failing",""))))) -> #DIV/0!
B10: ='1st MP'!B10 | C10: ='2nd MP'!B10 | D10: ='3rd MP'!B10 | E10: ='3rd MP'!B10 | G10: =AVERAGE(B10:F10) -> #DIV/0! | H10: =IF(G10>=89.5,"Passing A",IF(G10>=79.5,"Passing B",IF(G10>=69.5,"Passing C",IF(G10>=59.5,"Passing D",IF(G10<59.5,"Failing",""))))) -> #DIV/0!
B11: ='1st MP'!B11 | C11: ='2nd MP'!B11 | D11: ='3rd MP'!B11 | E11: ='3rd MP'!B11 | G11: =AVERAGE(B11:F11) -> #DIV/0! | H11: =IF(G11>=89.5,"Passing A",IF(G11>=79.5,"Passing B",IF(G11>=69.5,"Passing C",IF(G11>=59.5,"Passing D",IF(G11<59.5,"Failing",""))))) -> #DIV/0!
B12: ='1st MP'!B12 | C12: ='2nd MP'!B12 | D12: ='3rd MP'!B12 | E12: ='3rd MP'!B12 | G12: =AVERAGE(B12:F12) -> #DIV/0! | H12: =IF(G12>=89.5,"Passing A",IF(G12>=79.5,"Passing B",IF(G12>=69.5,"Passing C",IF(G12>=59.5,"Passing D",IF(G12<59.5,"Failing",""))))) -> #DIV/0!
B13: ='1st MP'!B13 | C13: ='2nd MP'!B13 | D13: ='3rd MP'!B13 | E13: ='3rd MP'!B13 | G13: =AVERAGE(B13:F13) -> #DIV/0! | H13: =IF(G13>=89.5,"Passing A",IF(G13>=79.5,"Passing B",IF(G13>=69.5,"Passing C",IF(G13>=59.5,"Passing D",IF(G13<59.5,"Failing",""))))) -> #DIV/0!
B14: ='1st MP'!B14 | C14: ='2nd MP'!B14 | D14: ='3rd MP'!B14 | E14: ='3rd MP'!B14 | G14: =AVERAGE(B14:F14) -> #DIV/0! | H14: =IF(G14>=89.5,"Passing A",IF(G14>=79.5,"Passing B",IF(G14>=69.5,"Passing C",IF(G14>=59.5,"Passing D",IF(G14<59.5,"Failing",""))))) -> #DIV/0!
... B32: ='1st MP'!B32 | C32: ='2nd MP'!B32 | D32: ='3rd MP'!B32 | E32: ='3rd MP'!B32 | G32: =AVERAGE(B32:F32) -> #DIV/0! | H32: =IF(G32>=89.5,"Passing A",IF(G32>=79.5,"Passing B",IF(G32>=69.5,"Passing C",IF(G32>=59.5,"Passing D",IF(G32<59.5,"Failing",""))))) -> #DIV/0!
A33: class average | B33: ='1st MP'!B33 | C33: ='2nd MP'!B33 | D33: ='3rd MP'!B33 | E33: ='4th MP'!B33 | F33: =AVERAGE(F3:F32) -> #DIV/0! | G33: =AVERAGE(B33:F33) -> #DIV/0!
E34: count | F34: =COUNT(F3:F32) -> 0
A35: Grade Book Template by
A36: Gene Gugliotta
A37: thinnmann@yahoo.com
A38: http://thinnmann.com

Sheet Instructions
A1: How to use this Grade Book Spreadsheet:
A3: 1. Assumptions you have to agree with
A4: a. You use numerical grades (i.e. 0 – 100%).
A5: b. You understand your own system of finding a marking period average based on percentages of grade categories (for example 70% classwork + 30% tests + 20% quizzes).
A7: 2. Excel file issues
A8: a. You have to use a separate Excel file for each class.
A9: b. You must back-up your files daily.
A11: 3. Protected cells
A12: a. To prevent you from damaging formulas in the gradebook, the worksheets are protected so you can only enter data in certain cells.
A13: b. If you need to change protected cells, use the Tools menu à Protection à Unprotect Sheet (there is no password).
A15: 4. Adding students when you first set-up the spreadsheet
A16: a. Add students in the column labeled Name.
... A60: e. Consider printing grades for individual students for progress reports or before any conferences involving a particular student.
