Workbook
Name abscence: Attendance!$BD$1:$BE$14
Name Grades: grades!$Y$2:$Z$14
Name Letters: grades!$Y$2:$Z$3

Sheet grades
A1: FINAL GRADE COMPUTATION SHEET: FRENCH 21, 22, 23 | Y1: letter grades
Y2: 0 | Z2: F
A3: Instructor's Name: | D3: French | H3: Section | K3: Section | M3: Quarter | N3: Quarter | Q3: Year | Y3: 60 | Z3: D-
B4: Excercises/Labs | D4: Composi-tions | F4: Exams | H4: Participa-tion | J4: Attendance | L4: GPA Subtotal | M4: Final Exam | P4: Course Grade | S4: Running Grade (before Final) | Y4: 63 | Z4: D
A5: Student | B5: 0.15 | D5: 0.2 | F5: 0.3 | H5: 0.1 | J5: 0.05 | M5: 0.2 | P5: Total | Q5: Grade | S5: Subtotal | T5: Grade | Y5: 67 | Z5: D+
B6: =Exercises!AB7 -> #DIV/0! | C6: =(B6*0.15) -> #DIV/0! | D6: =Compositions!R4 -> #DIV/0! | E6: =(D6*0.2) -> #DIV/0! | F6: =Exams!G7 -> #DIV/0! | G6: =(F6*0.3) -> #DIV/0! | H6: =PrepParticipation!M7 -> #DIV/0! | I6: =(H6*0.1) -> #DIV/0! | J6: =Attendance!BB4 -> 100 | K6: =SUM(J6*0.05) -> 5 | L6: =(C6+E6+G6+I6+K6) -> #DIV/0! | N6: =M6*0.2 -> 0 | P6: =(L6+N6) -> #DIV/0! | Q6: =VLOOKUP(P6,Letters,2,TRUE) -> #DIV/0! | S6: =(L6*100)/80 -> #DIV/0! | T6: =VLOOKUP(S6,Grades,2,TRUE) -> #DIV/0! | Y6: 70 | Z6: C-
B7: =Exercises!AB8 -> #DIV/0! | C7: =(B7*0.15) -> #DIV/0! | D7: =Compositions!R5 -> #DIV/0! | E7: =(D7*0.2) -> #DIV/0! | F7: =Exams!G8 -> #DIV/0! | G7: =(F7*0.3) -> #DIV/0! | H7: =PrepParticipation!M8 -> #DIV/0! | I7: =(H7*0.1) -> #DIV/0! | J7: =Attendance!BB5 -> 100 | K7: =SUM(J7*0.05) -> 5 | L7: =(C7+E7+G7+I7+K7) -> #DIV/0! | N7: =M7*0.2 -> 0 | P7: =(L7+N7) -> #DIV/0! | Q7: =VLOOKUP(P7,Letters,2,TRUE) -> #DIV/0! | S7: =(L7*100)/80 -> #DIV/0! | T7: =VLOOKUP(S7,Grades,2,TRUE) -> #DIV/0! | Y7: 73 | Z7: C
B8: =Exercises!AB9 -> #DIV/0! | C8: =(B8*0.15) -> #DIV/0! | D8: =Compositions!R6 -> #DIV/0! | E8: =(D8*0.2) -> #DIV/0! | F8: =Exams!G9 -> #DIV/0! | G8: =(F8*0.3) -> #DIV/0! | H8: =PrepParticipation!M9 -> #DIV/0! | I8: =(H8*0.1) -> #DIV/0! | J8: =Attendance!BB6 -> 100 | K8: =SUM(J8*0.05) -> 5 | L8: =(C8+E8+G8+I8+K8) -> #DIV/0! | N8: =M8*0.2 -> 0 | P8: =(L8+N8) -> #DIV/0! | Q8: =VLOOKUP(P8,Letters,2,TRUE) -> #DIV/0! | S8: =(L8*100)/80 -> #DIV/0! | T8: =VLOOKUP(S8,Grades,2,TRUE) -> #DIV/0! | Y8: 77 | Z8: C+
B9: =Exercises!AB10 -> #DIV/0! | C9: =(B9*0.15) -> #DIV/0! | D9: =Compositions!R7 -> #DIV/0! | E9: =(D9*0.2) -> #DIV/0! | F9: =Exams!G10 -> #DIV/0! | G9: =(F9*0.3) -> #DIV/0! | H9: =PrepParticipation!M10 -> #DIV/0! | I9: =(H9*0.1) -> #DIV/0! | J9: =Attendance!BB7 -> 100 | K9: =SUM(J9*0.05) -> 5 | L9: =(C9+E9+G9+I9+K9) -> #DIV/0! | N9: =M9*0.2 -> 0 | P9: =(L9+N9) -> #DIV/0! | Q9: =VLOOKUP(P9,Letters,2,TRUE) -> #DIV/0! | S9: =(L9*100)/80 -> #DIV/0! | T9: =VLOOKUP(S9,Grades,2,TRUE) -> #DIV/0! | Y9: 80 | Z9: B-
B10: =Exercises!AB11 -> #DIV/0! | C10: =(B10*0.15) -> #DIV/0! | D10: =Compositions!R8 -> #DIV/0! | E10: =(D10*0.2) -> #DIV/0! | F10: =Exams!G11 -> #DIV/0! | G10: =(F10*0.3) -> #DIV/0! | H10: =PrepParticipation!M11 -> #DIV/0! | I10: =(H10*0.1) -> #DIV/0! | J10: =Attendance!BB8 -> 100 | K10: =SUM(J10*0.05) -> 5 | L10: =(C10+E10+G10+I10+K10) -> #DIV/0! | N10: =M10*0.2 -> 0 | P10: =(L10+N10) -> #DIV/0! | Q10: =VLOOKUP(P10,Letters,2,TRUE) -> #DIV/0! | S10: =(L10*100)/80 -> #DIV/0! | T10: =VLOOKUP(S10,Grades,2,TRUE) -> #DIV/0! | Y10: 83 | Z10: B
B11: =Exercises!AB12 -> #DIV/0! | C11: =(B11*0.15) -> #DIV/0! | D11: =Compositions!R9 -> #DIV/0! | E11: =(D11*0.2) -> #DIV/0! | F11: =Exams!G12 -> #DIV/0! | G11: =(F11*0.3) -> #DIV/0! | H11: =PrepParticipation!M12 -> #DIV/0! | I11: =(H11*0.1) -> #DIV/0! | J11: =Attendance!BB9 -> 100 | K11: =SUM(J11*0.05) -> 5 | L11: =(C11+E11+G11+I11+K11) -> #DIV/0! | N11: =M11*0.2 -> 0 | P11: =(L11+N11) -> #DIV/0! | Q11: =VLOOKUP(P11,Letters,2,TRUE) -> #DIV/0! | S11: =(L11*100)/80 -> #DIV/0! | T11: =VLOOKUP(S11,Grades,2,TRUE) -> #DIV/0! | Y11: 87 | Z11: B+
B12: =Exercises!AB13 -> #DIV/0! | C12: =(B12*0.15) -> #DIV/0! | D12: =Compositions!R10 -> #DIV/0! | E12: =(D12*0.2) -> #DIV/0! | F12: =Exams!G13 -> #DIV/0! | G12: =(F12*0.3) -> #DIV/0! | H12: =PrepParticipation!M13 -> #DIV/0! | I12: =(H12*0.1) -> #DIV/0! | J12: =Attendance!BB10 -> 100 | K12: =SUM(J12*0.05) -> 5 | L12: =(C12+E12+G12+I12+K12) -> #DIV/0! | N12: =M12*0.2 -> 0 | P12: =(L12+N12) -> #DIV/0! | Q12: =VLOOKUP(P12,Letters,2,TRUE) -> #DIV/0! | S12: =(L12*100)/80 -> #DIV/0! | T12: =VLOOKUP(S12,Grades,2,TRUE) -> #DIV/0! | Y12: 90 | Z12: A-
B13: =Exercises!AB14 -> #DIV/0! | C13: =(B13*0.15) -> #DIV/0! | D13: =Compositions!R11 -> #DIV/0! | E13: =(D13*0.2) -> #DIV/0! | F13: =Exams!G14 -> #DIV/0! | G13: =(F13*0.3) -> #DIV/0! | H13: =PrepParticipation!M14 -> #DIV/0! | I13: =(H13*0.1) -> #DIV/0! | J13: =Attendance!BB11 -> 100 | K13: =SUM(J13*0.05) -> 5 | L13: =(C13+E13+G13+I13+K13) -> #DIV/0! | N13: =M13*0.2 -> 0 | P13: =(L13+N13) -> #DIV/0! | Q13: =VLOOKUP(P13,Letters,2,TRUE) -> #DIV/0! | S13: =(L13*100)/80 -> #DIV/0! | T13: =VLOOKUP(S13,Grades,2,TRUE) -> #DIV/0! | Y13: 93 | Z13: A
B14: =Exercises!AB15 -> #DIV/0! | C14: =(B14*0.15) -> #DIV/0! | D14: =Compositions!R12 -> #DIV/0! | E14: =(D14*0.2) -> #DIV/0! | F14: =Exams!G15 -> #DIV/0! | G14: =(F14*0.3) -> #DIV/0! | H14: =PrepParticipation!M15 -> #DIV/0! | I14: =(H14*0.1) -> #DIV/0! | J14: =Attendance!BB12 -> 100 | K14: =SUM(J14*0.05) -> 5 | L14: =(C14+E14+G14+I14+K14) -> #DIV/0! | N14: =M14*0.2 -> 0 | P14: =(L14+N14) -> #DIV/0! | Q14: =VLOOKUP(P14,Letters,2,TRUE) -> #DIV/0! | S14: =(L14*100)/80 -> #DIV/0! | T14: =VLOOKUP(S14,Grades,2,TRUE) -> #DIV/0! | Y14: 99 | Z14: A+
B15: =Exercises!AB16 -> #DIV/0! | C15: =(B15*0.15) -> #DIV/0! | D15: =Compositions!R13 -> #DIV/0! | E15: =(D15*0.2) -> #DIV/0! | F15: =Exams!G16 -> #DIV/0! | G15: =(F15*0.3) -> #DIV/0! | H15: =PrepParticipation!M16 -> #DIV/0! | I15: =(H15*0.1) -> #DIV/0! | J15: =Attendance!BB13 -> 100 | K15: =SUM(J15*0.05) -> 5 | L15: =(C15+E15+G15+I15+K15) -> #DIV/0! | N15: =M15*0.2 -> 0 | P15: =(L15+N15) -> #DIV/0! | Q15: =VLOOKUP(P15,Letters,2,TRUE) -> #DIV/0! | S15: =(L15*100)/80 -> #DIV/0! | T15: =VLOOKUP(S15,Grades,2,TRUE) -> #DIV/0!
B16: =Exercises!AB17 -> #DIV/0! | C16: =(B16*0.15) -> #DIV/0! | D16: =Compositions!R14 -> #DIV/0! | E16: =(D16*0.2) -> #DIV/0! | F16: =Exams!G17 -> #DIV/0! | G16: =(F16*0.3) -> #DIV/0! | H16: =PrepParticipation!M17 -> #DIV/0! | I16: =(H16*0.1) -> #DIV/0! | J16: =Attendance!BB14 -> 100 | K16: =SUM(J16*0.05) -> 5 | L16: =(C16+E16+G16+I16+K16) -> #DIV/0! | N16: =M16*0.2 -> 0 | P16: =(L16+N16) -> #DIV/0! | Q16: =VLOOKUP(P16,Letters,2,TRUE) -> #DIV/0! | S16: =(L16*100)/80 -> #DIV/0! | T16: =VLOOKUP(S16,Grades,2,TRUE) -> #DIV/0!
B17: =Exercises!AB18 -> #DIV/0! | C17: =(B17*0.15) -> #DIV/0! | D17: =Compositions!R15 -> #DIV/0! | E17: =(D17*0.2) -> #DIV/0! | F17: =Exams!G18 -> #DIV/0! | G17: =(F17*0.3) -> #DIV/0! | H17: =PrepParticipation!M18 -> #DIV/0! | I17: =(H17*0.1) -> #DIV/0! | J17: =Attendance!BB15 -> 100 | K17: =SUM(J17*0.05) -> 5 | L17: =(C17+E17+G17+I17+K17) -> #DIV/0! | N17: =M17*0.2 -> 0 | P17: =(L17+N17) -> #DIV/0! | Q17: =VLOOKUP(P17,Letters,2,TRUE) -> #DIV/0! | S17: =(L17*100)/80 -> #DIV/0! | T17: =VLOOKUP(S17,Grades,2,TRUE) -> #DIV/0!
B18: =Exercises!AB19 -> #DIV/0! | C18: =(B18*0.15) -> #DIV/0! | D18: =Compositions!R16 -> #DIV/0! | E18: =(D18*0.2) -> #DIV/0! | F18: =Exams!G19 -> #DIV/0! | G18: =(F18*0.3) -> #DIV/0! | H18: =PrepParticipation!M19 -> #DIV/0! | I18: =(H18*0.1) -> #DIV/0! | J18: =Attendance!BB16 -> 100 | K18: =SUM(J18*0.05) -> 5 | L18: =(C18+E18+G18+I18+K18) -> #DIV/0! | N18: =M18*0.2 -> 0 | P18: =(L18+N18) -> #DIV/0! | Q18: =VLOOKUP(P18,Letters,2,TRUE) -> #DIV/0! | S18: =(L18*100)/80 -> #DIV/0! | T18: =VLOOKUP(S18,Grades,2,TRUE) -> #DIV/0!
B19: =Exercises!AB20 -> #DIV/0! | C19: =(B19*0.15) -> #DIV/0! | D19: =Compositions!R17 -> #DIV/0! | E19: =(D19*0.2) -> #DIV/0! | F19: =Exams!G20 -> #DIV/0! | G19: =(F19*0.3) -> #DIV/0! | H19: =PrepParticipation!M20 -> #DIV/0! | I19: =(H19*0.1) -> #DIV/0! | J19: =Attendance!BB17 -> 100 | K19: =SUM(J19*0.05) -> 5 | L19: =(C19+E19+G19+I19+K19) -> #DIV/0! | N19: =M19*0.2 -> 0 | P19: =(L19+N19) -> #DIV/0! | Q19: =VLOOKUP(P19,Letters,2,TRUE) -> #DIV/0! | S19: =(L19*100)/80 -> #DIV/0! | T19: =VLOOKUP(S19,Grades,2,TRUE) -> #DIV/0!
B20: =Exercises!AB21 -> #DIV/0! | C20: =(B20*0.15) -> #DIV/0! | D20: =Compositions!R18 -> #DIV/0! | E20: =(D20*0.2) -> #DIV/0! | F20: =Exams!G21 -> #DIV/0! | G20: =(F20*0.3) -> #DIV/0! | H20: =PrepParticipation!M21 -> #DIV/0! | I20: =(H20*0.1) -> #DIV/0! | J20: =Attendance!BB18 -> 100 | K20: =SUM(J20*0.05) -> 5 | L20: =(C20+E20+G20+I20+K20) -> #DIV/0! | N20: =M20*0.2 -> 0 | P20: =(L20+N20) -> #DIV/0! | Q20: =VLOOKUP(P20,Letters,2,TRUE) -> #DIV/0! | S20: =(L20*100)/80 -> #DIV/0! | T20: =VLOOKUP(S20,Grades,2,TRUE) -> #DIV/0!
B21: =Exercises!AB22 -> #DIV/0! | C21: =(B21*0.15) -> #DIV/0! | D21: =Compositions!R19 -> #DIV/0! | E21: =(D21*0.2) -> #DIV/0! | F21: =Exams!G22 -> #DIV/0! | G21: =(F21*0.3) -> #DIV/0! | H21: =PrepParticipation!M22 -> #DIV/0! | I21: =(H21*0.1) -> #DIV/0! | J21: =Attendance!BB19 -> 100 | K21: =SUM(J21*0.05) -> 5 | L21: =(C21+E21+G21+I21+K21) -> #DIV/0! | N21: =M21*0.2 -> 0 | P21: =(L21+N21) -> #DIV/0! | Q21: =VLOOKUP(P21,Letters,2,TRUE) -> #DIV/0! | S21: =(L21*100)/80 -> #DIV/0! | T21: =VLOOKUP(S21,Grades,2,TRUE) -> #DIV/0!
B22: =Exercises!AB23 -> #DIV/0! | C22: =(B22*0.15) -> #DIV/0! | D22: =Compositions!R20 -> #DIV/0! | E22: =(D22*0.2) -> #DIV/0! | F22: =Exams!G23 -> #DIV/0! | G22: =(F22*0.3) -> #DIV/0! | H22: =PrepParticipation!M23 -> #DIV/0! | I22: =(H22*0.1) -> #DIV/0! | J22: =Attendance!BB20 -> 100 | K22: =SUM(J22*0.05) -> 5 | L22: =(C22+E22+G22+I22+K22) -> #DIV/0! | N22: =M22*0.2 -> 0 | P22: =(L22+N22) -> #DIV/0! | Q22: =VLOOKUP(P22,Letters,2,TRUE) -> #DIV/0! | S22: =(L22*100)/80 -> #DIV/0! | T22: =VLOOKUP(S22,Grades,2,TRUE) -> #DIV/0!
B23: =Exercises!AB24 -> #DIV/0! | C23: =(B23*0.15) -> #DIV/0! | D23: =Compositions!R21 -> #DIV/0! | E23: =(D23*0.2) -> #DIV/0! | F23: =Exams!G24 -> #DIV/0! | G23: =(F23*0.3) -> #DIV/0! | H23: =PrepParticipation!M24 -> #DIV/0! | I23: =(H23*0.1) -> #DIV/0! | J23: =Attendance!BB21 -> 100 | K23: =SUM(J23*0.05) -> 5 | L23: =(C23+E23+G23+I23+K23) -> #DIV/0! | N23: =M23*0.2 -> 0 | P23: =(L23+N23) -> #DIV/0! | Q23: =VLOOKUP(P23,Letters,2,TRUE) -> #DIV/0! | S23: =(L23*100)/80 -> #DIV/0! | T23: =VLOOKUP(S23,Grades,2,TRUE) -> #DIV/0!
B24: =Exercises!AB25 -> #DIV/0! | C24: =(B24*0.15) -> #DIV/0! | D24: =Compositions!R22 -> #DIV/0! | E24: =(D24*0.2) -> #DIV/0! | F24: =Exams!G25 -> #DIV/0! | G24: =(F24*0.3) -> #DIV/0! | H24: =PrepParticipation!M25 -> #DIV/0! | I24: =(H24*0.1) -> #DIV/0! | J24: =Attendance!BB22 -> 100 | K24: =SUM(J24*0.05) -> 5 | L24: =(C24+E24+G24+I24+K24) -> #DIV/0! | N24: =M24*0.2 -> 0 | P24: =(L24+N24) -> #DIV/0! | Q24: =VLOOKUP(P24,Letters,2,TRUE) -> #DIV/0! | S24: =(L24*100)/80 -> #DIV/0! | T24: =VLOOKUP(S24,Grades,2,TRUE) -> #DIV/0!
B25: =Exercises!AB26 -> #DIV/0! | C25: =(B25*0.15) -> #DIV/0! | D25: =Compositions!R23 -> #DIV/0! | E25: =(D25*0.2) -> #DIV/0! | F25: =Exams!G26 -> #DIV/0! | G25: =(F25*0.3) -> #DIV/0! | H25: =PrepParticipation!M26 -> #DIV/0! | I25: =(H25*0.1) -> #DIV/0! | J25: =Attendance!BB23 -> 100 | K25: =SUM(J25*0.05) -> 5 | L25: =(C25+E25+G25+I25+K25) -> #DIV/0! | N25: =M25*0.2 -> 0 | P25: =(L25+N25) -> #DIV/0! | Q25: =VLOOKUP(P25,Letters,2,TRUE) -> #DIV/0! | S25: =(L25*100)/80 -> #DIV/0! | T25: =VLOOKUP(S25,Grades,2,TRUE) -> #DIV/0!
B26: =Exercises!AB27 -> #DIV/0! | C26: =(B26*0.15) -> #DIV/0! | D26: =Compositions!R24 -> #DIV/0! | E26: =(D26*0.2) -> #DIV/0! | F26: =Exams!G27 -> #DIV/0! | G26: =(F26*0.3) -> #DIV/0! | H26: =PrepParticipation!M27 -> #DIV/0! | I26: =(H26*0.1) -> #DIV/0! | J26: =Attendance!BB24 -> 100 | K26: =SUM(J26*0.05) -> 5 | L26: =(C26+E26+G26+I26+K26) -> #DIV/0! | N26: =M26*0.2 -> 0 | P26: =(L26+N26) -> #DIV/0! | Q26: =VLOOKUP(P26,Letters,2,TRUE) -> #DIV/0! | S26: =(L26*100)/80 -> #DIV/0! | T26: =VLOOKUP(S26,Grades,2,TRUE) -> #DIV/0!
... B35: =Exercises!AB36 -> #DIV/0! | C35: =(B35*0.15) -> #DIV/0! | D35: =Compositions!R33 -> #DIV/0! | E35: =(D35*0.2) -> #DIV/0! | F35: =Exams!G36 -> #DIV/0! | G35: =(F35*0.3) -> #DIV/0! | H35: =PrepParticipation!M36 -> #DIV/0! | I35: =(H35*0.1) -> #DIV/0! | J35: =Attendance!BB33 -> 100 | K35: =SUM(J35*0.05) -> 5 | L35: =(C35+E35+G35+I35+K35) -> #DIV/0! | N35: =M35*0.2 -> 0 | P35: =(L35+N35) -> #DIV/0! | Q35: =VLOOKUP(P35,Letters,2,TRUE) -> #DIV/0! | S35: =(L35*100)/80 -> #DIV/0! | T35: =VLOOKUP(S35,Grades,2,TRUE) -> #DIV/0!

Sheet Exercises
A1: GRADE RECORDING SHEET A - EXERCISES & LABS
A3: INSTRUCTOR: | I3: FRENCH | O3: Section: | T3: Quarter: | AB3: Year
A4: Student’s Name | C4: Exercises & Labs 15%
A5: Lesson Number | AB5: Qtr
A6: =NOW() -> 43857.533 | AB6: Avg
A7: 1 | B7: =grades!A6 -> 0 | AB7: =AVERAGE(C7:AA7) -> #DIV/0!
A8: 2 | B8: =grades!A7 -> 0 | AB8: =AVERAGE(C8:AA8) -> #DIV/0!
A9: 3 | B9: =grades!A8 -> 0 | AB9: =AVERAGE(C9:AA9) -> #DIV/0!
A10: 4 | B10: =grades!A9 -> 0 | AB10: =AVERAGE(C10:AA10) -> #DIV/0!
A11: 5 | B11: =grades!A10 -> 0 | AB11: =AVERAGE(C11:AA11) -> #DIV/0!
A12: 6 | B12: =grades!A11 -> 0 | AB12: =AVERAGE(C12:AA12) -> #DIV/0!
A13: 7 | B13: =grades!A12 -> 0 | AB13: =AVERAGE(C13:AA13) -> #DIV/0!
A14: 8 | B14: =grades!A13 -> 0 | AB14: =AVERAGE(C14:AA14) -> #DIV/0!
A15: 9 | B15: =grades!A14 -> 0 | AB15: =AVERAGE(C15:AA15) -> #DIV/0!
A16: 10 | B16: =grades!A15 -> 0 | AB16: =AVERAGE(C16:AA16) -> #DIV/0!
A17: 11 | B17: =grades!A16 -> 0 | AB17: =AVERAGE(C17:AA17) -> #DIV/0!
A18: 12 | B18: =grades!A17 -> 0 | AB18: =AVERAGE(C18:AA18) -> #DIV/0!
... A36: 30 | B36: =grades!A35 -> 0 | AB36: =AVERAGE(C36:AA36) -> #DIV/0!

Sheet Compositions
C2: Take Home Compositions 10% | J2: Avg. | L2: In class Compositions 10% | P2: Avg. | R2: All Compositions
A3: Student | C3: 1 | D3: 2 | E3: 3 | F3: 1R | G3: 2R | H3: 3R | I3: 4 | L3: 1 | M3: 2 | N3: 3 | O3: 4 | R3: Average
A4: 1 | B4: =grades!A6 -> 0 | J4: =AVERAGE(F4:I4) -> #DIV/0! | P4: =AVERAGE(L4:O4) -> #DIV/0! | R4: =(J4+P4)/2 -> #DIV/0!
A5: 2 | B5: =grades!A7 -> 0 | J5: =AVERAGE(F5:I5) -> #DIV/0! | P5: =AVERAGE(L5:O5) -> #DIV/0! | R5: =(J5+P5)/2 -> #DIV/0!
A6: 3 | B6: =grades!A8 -> 0 | J6: =AVERAGE(F6:I6) -> #DIV/0! | P6: =AVERAGE(L6:O6) -> #DIV/0! | R6: =(J6+P6)/2 -> #DIV/0!
A7: 4 | B7: =grades!A9 -> 0 | J7: =AVERAGE(F7:I7) -> #DIV/0! | P7: =AVERAGE(L7:O7) -> #DIV/0! | R7: =(J7+P7)/2 -> #DIV/0!
A8: 5 | B8: =grades!A10 -> 0 | J8: =AVERAGE(F8:I8) -> #DIV/0! | P8: =AVERAGE(L8:O8) -> #DIV/0! | R8: =(J8+P8)/2 -> #DIV/0!
A9: 6 | B9: =grades!A11 -> 0 | J9: =AVERAGE(F9:I9) -> #DIV/0! | P9: =AVERAGE(L9:O9) -> #DIV/0! | R9: =(J9+P9)/2 -> #DIV/0!
A10: 7 | B10: =grades!A12 -> 0 | J10: =AVERAGE(F10:I10) -> #DIV/0! | P10: =AVERAGE(L10:O10) -> #DIV/0! | R10: =(J10+P10)/2 -> #DIV/0!
A11: 8 | B11: =grades!A13 -> 0 | J11: =AVERAGE(F11:I11) -> #DIV/0! | P11: =AVERAGE(L11:O11) -> #DIV/0! | R11: =(J11+P11)/2 -> #DIV/0!
A12: 9 | B12: =grades!A14 -> 0 | J12: =AVERAGE(F12:I12) -> #DIV/0! | P12: =AVERAGE(L12:O12) -> #DIV/0! | R12: =(J12+P12)/2 -> #DIV/0!
A13: 10 | B13: =grades!A15 -> 0 | J13: =AVERAGE(F13:I13) -> #DIV/0! | P13: =AVERAGE(L13:O13) -> #DIV/0! | R13: =(J13+P13)/2 -> #DIV/0!
A14: 11 | B14: =grades!A16 -> 0 | J14: =AVERAGE(F14:I14) -> #DIV/0! | P14: =AVERAGE(L14:O14) -> #DIV/0! | R14: =(J14+P14)/2 -> #DIV/0!
A15: 12 | B15: =grades!A17 -> 0 | J15: =AVERAGE(F15:I15) -> #DIV/0! | P15: =AVERAGE(L15:O15) -> #DIV/0! | R15: =(J15+P15)/2 -> #DIV/0!
... A33: 30 | B33: =grades!A35 -> 0 | J33: =AVERAGE(F33:I33) -> #DIV/0! | P33: =AVERAGE(L33:O33) -> #DIV/0! | R33: =(J33+P33)/2 -> #DIV/0!

Sheet Exams
A1: GRADE RECORDING SHEET B - EXAMS
A3: INSTRUCTOR:
A4: Student’s Name | C4: EXAMS 30%
A5: Lesson Number | C5: 1 | D5: 2 | E5: 3 | F5: 4 | G5: Qtr
A6: =NOW() -> 43857.533 | F6: (22 only) | G6: Avg
A7: 1 | B7: =grades!A6 -> 0 | G7: =AVERAGE(C7:F7) -> #DIV/0!
A8: 2 | B8: =grades!A7 -> 0 | G8: =AVERAGE(C8:F8) -> #DIV/0!
A9: 3 | B9: =grades!A8 -> 0 | G9: =AVERAGE(C9:F9) -> #DIV/0!
A10: 4 | B10: =grades!A9 -> 0 | G10: =AVERAGE(C10:F10) -> #DIV/0!
A11: 5 | B11: =grades!A10 -> 0 | G11: =AVERAGE(C11:F11) -> #DIV/0!
A12: 6 | B12: =grades!A11 -> 0 | G12: =AVERAGE(C12:F12) -> #DIV/0!
A13: 7 | B13: =grades!A12 -> 0 | G13: =AVERAGE(C13:F13) -> #DIV/0!
A14: 8 | B14: =grades!A13 -> 0 | G14: =AVERAGE(C14:F14) -> #DIV/0!
A15: 9 | B15: =grades!A14 -> 0 | G15: =AVERAGE(C15:F15) -> #DIV/0!
A16: 10 | B16: =grades!A15 -> 0 | G16: =AVERAGE(C16:F16) -> #DIV/0!
A17: 11 | B17: =grades!A16 -> 0 | G17: =AVERAGE(C17:F17) -> #DIV/0!
A18: 12 | B18: =grades!A17 -> 0 | G18: =AVERAGE(C18:F18) -> #DIV/0!
... A36: 30 | B36: =grades!A35 -> 0 | G36: =AVERAGE(C36:F36) -> #DIV/0!

Sheet Attendance
B1: ATTENDANCE RECORDING SHEET - enter a 1 for every absence | BD1: 0 | BE1: 100
B3: student | BA3: total | BB3: score | BD3: 1 | BE3: 96
A4: 1 | B4: =grades!A6 -> 0 | BA4: =SUM(C4:AZ4) -> 0 | BB4: =VLOOKUP(BA4,abscence,2,TRUE) -> 100 | BD4: 2 | BE4: 93
A5: 2 | B5: =grades!A7 -> 0 | BA5: =SUM(C5:AZ5) -> 0 | BB5: =VLOOKUP(BA5,abscence,2,TRUE) -> 100 | BD5: 3 | BE5: 90
A6: 3 | B6: =grades!A8 -> 0 | BA6: =SUM(C6:AZ6) -> 0 | BB6: =VLOOKUP(BA6,abscence,2,TRUE) -> 100 | BD6: 4 | BE6: 85
A7: 4 | B7: =grades!A9 -> 0 | BA7: =SUM(C7:AZ7) -> 0 | BB7: =VLOOKUP(BA7,abscence,2,TRUE) -> 100 | BD7: 5 | BE7: 80
A8: 5 | B8: =grades!A10 -> 0 | BA8: =SUM(C8:AZ8) -> 0 | BB8: =VLOOKUP(BA8,abscence,2,TRUE) -> 100 | BD8: 6 | BE8: 75
A9: 6 | B9: =grades!A11 -> 0 | BA9: =SUM(C9:AZ9) -> 0 | BB9: =VLOOKUP(BA9,abscence,2,TRUE) -> 100 | BD9: 7 | BE9: 70
A10: 7 | B10: =grades!A12 -> 0 | BA10: =SUM(C10:AZ10) -> 0 | BB10: =VLOOKUP(BA10,abscence,2,TRUE) -> 100 | BD10: 8 | BE10: 65
A11: 8 | B11: =grades!A13 -> 0 | BA11: =SUM(C11:AZ11) -> 0 | BB11: =VLOOKUP(BA11,abscence,2,TRUE) -> 100 | BD11: 9 | BE11: 60
A12: 9 | B12: =grades!A14 -> 0 | BA12: =SUM(C12:AZ12) -> 0 | BB12: =VLOOKUP(BA12,abscence,2,TRUE) -> 100 | BD12: 10 | BE12: 55
A13: 10 | B13: =grades!A15 -> 0 | BA13: =SUM(C13:AZ13) -> 0 | BB13: =VLOOKUP(BA13,abscence,2,TRUE) -> 100 | BD13: 11 | BE13: 50
A14: 11 | B14: =grades!A16 -> 0 | BA14: =SUM(C14:AZ14) -> 0 | BB14: =VLOOKUP(BA14,abscence,2,TRUE) -> 100 | BD14: 12 | BE14: 0
A15: 12 | B15: =grades!A17 -> 0 | BA15: =SUM(C15:AZ15) -> 0 | BB15: =VLOOKUP(BA15,abscence,2,TRUE) -> 100
A16: 13 | B16: =grades!A18 -> 0 | BA16: =SUM(C16:AZ16) -> 0 | BB16: =VLOOKUP(BA16,abscence,2,TRUE) -> 100
A17: 14 | B17: =grades!A19 -> 0 | BA17: =SUM(C17:AZ17) -> 0 | BB17: =VLOOKUP(BA17,abscence,2,TRUE) -> 100
A18: 15 | B18: =grades!A20 -> 0 | BA18: =SUM(C18:AZ18) -> 0 | BB18: =VLOOKUP(BA18,abscence,2,TRUE) -> 100
A19: 16 | B19: =grades!A21 -> 0 | BA19: =SUM(C19:AZ19) -> 0 | BB19: =VLOOKUP(BA19,abscence,2,TRUE) -> 100
A20: 17 | B20: =grades!A22 -> 0 | BA20: =SUM(C20:AZ20) -> 0 | BB20: =VLOOKUP(BA20,abscence,2,TRUE) -> 100
A21: 18 | B21: =grades!A23 -> 0 | BA21: =SUM(C21:AZ21) -> 0 | BB21: =VLOOKUP(BA21,abscence,2,TRUE) -> 100
A22: 19 | B22: =grades!A24 -> 0 | BA22: =SUM(C22:AZ22) -> 0 | BB22: =VLOOKUP(BA22,abscence,2,TRUE) -> 100
A23: 20 | B23: =grades!A25 -> 0 | BA23: =SUM(C23:AZ23) -> 0 | BB23: =VLOOKUP(BA23,abscence,2,TRUE) -> 100
A24: 21 | B24: =grades!A26 -> 0 | BA24: =SUM(C24:AZ24) -> 0 | BB24: =VLOOKUP(BA24,abscence,2,TRUE) -> 100
A25: 22 | B25: =grades!A27 -> 0 | BA25: =SUM(C25:AZ25) -> 0 | BB25: =VLOOKUP(BA25,abscence,2,TRUE) -> 100
A26: 23 | B26: =grades!A28 -> 0 | BA26: =SUM(C26:AZ26) -> 0 | BB26: =VLOOKUP(BA26,abscence,2,TRUE) -> 100
... A33: 30 | B33: =grades!A35 -> 0 | BA33: =SUM(C33:AZ33) -> 0 | BB33: =VLOOKUP(BA33,abscence,2,TRUE) -> 100

Sheet PrepParticipation
A1: GRADE RECORDING SHEET B - Preparation / Participation
A4: Student’s Name | E4: Participation 10%
A5: Lesson Number | C5: 1 | D5: 2 | E5: 3 | F5: 4 | G5: 5 | H5: 6 | I5: 7 | J5: 8 | K5: 9 | L5: 10 | M5: Qtr
A6: =NOW() -> 43857.533 | M6: Avg
A7: 1 | B7: =grades!A6 -> 0 | M7: =AVERAGE(C7:L7) -> #DIV/0!
A8: 2 | B8: =grades!A7 -> 0 | M8: =AVERAGE(C8:L8) -> #DIV/0!
A9: 3 | B9: =grades!A8 -> 0 | M9: =AVERAGE(C9:L9) -> #DIV/0!
A10: 4 | B10: =grades!A9 -> 0 | M10: =AVERAGE(C10:L10) -> #DIV/0!
A11: 5 | B11: =grades!A10 -> 0 | M11: =AVERAGE(C11:L11) -> #DIV/0!
A12: 6 | B12: =grades!A11 -> 0 | M12: =AVERAGE(C12:L12) -> #DIV/0!
A13: 7 | B13: =grades!A12 -> 0 | M13: =AVERAGE(C13:L13) -> #DIV/0!
A14: 8 | B14: =grades!A13 -> 0 | M14: =AVERAGE(C14:L14) -> #DIV/0!
A15: 9 | B15: =grades!A14 -> 0 | M15: =AVERAGE(C15:L15) -> #DIV/0!
A16: 10 | B16: =grades!A15 -> 0 | M16: =AVERAGE(C16:L16) -> #DIV/0!
A17: 11 | B17: =grades!A16 -> 0 | M17: =AVERAGE(C17:L17) -> #DIV/0!
A18: 12 | B18: =grades!A17 -> 0 | M18: =AVERAGE(C18:L18) -> #DIV/0!
... A36: 30 | B36: =grades!A35 -> 0 | M36: =AVERAGE(C36:L36) -> #DIV/0!
