Workbook

Sheet Instructions
B2: HIPAA EDI TRANSACTION RISK SELF ASSESSMENT CHECKLIST
B4: Checklist Information
B5: This risk assessment checklist is provided as a self-assessment tool to allow States or agencies to gauge where they are in the overall picture of HIPAA implementation. This checklist is intended to be used by the HIPAA Coordinator, HIPAA Project Lead, or other key agency representative in the State, Medicaid agency, or other agency. Use of this checklist is voluntary; it is intended to assist the agency and is not required to be submitted to CMS.
B7: It is in the organization’s best interest to answer the questions as honestly and accurately as possible. The HIPAA Project Lead or HIPAA Project Coordinator is usually in the best position to provide accurate answers to the questions and can act as the best judge of the status of each project area in the checklist. The Green, Yellow, and Red indicators correspond to levels of risk. The intent of this tool is to highlight areas within the HIPAA project that may be in need of attention. If a segment of the checklist is not green, then each question for which a "No" answer was supplied should be examined, and the reason for which the "No" was given should be understood.
B9: "Yes" Criteria
B10: The "Yes" box following each item can be checked if the person completing the checklist can respond positively to the question (i.e., the item is completed or in progress). The "Yes" box can also be checked if adequate resources and planning have been allocated for future efforts. If these criteria are not met, the "No" column should be checked.
B12: Using the Checklist
B13: To begin using the tool, click on the "Data Input" tab at the lower left hand corner of this spreadsheet. Scroll through the sections and answer each question "yes" or "no" as appropriate by clicking in the corresponding box. There is a color-coded cell in the header of each section that will change according to the risk associated with that section. When all sections have been completed, you may scroll back through the sections and look for the yellow and red cells or proceeed to the results worksheet by clicking on the "Results" tab at the bottom of the screen.
B15: Results
B16: Each question in the checklist has been individually weighted (i.e., answering yes to 3 out of 4 questions in one section may yield a different score than answering 3 out of 4 in another section). These individually weighted scores are then combined to produce a score for that section. The results worksheet provides a bar graph and table that display the risk score for each part of the checklist. Very low scores indicate areas of probable high risk. High scores do not indicate no risk, rather areas of the project that, based on the answers given, should not be a problem for the project.
B18: Help
B19: For technical assistance with this checklist you may contact Bob Guenther (robert.guenther@titan.com). For general questions, or for more information regarding the tool you may contact Henry Chao in the CMS Central Office (hchao@cms.hhs.gov).

Sheet Data Input
B2: HIPAA EDI Transaction Risk Assessment Checklist
C6: =SUM(C8,C66,C82,C129,C160,C195,C212,C225,C261,C291)/10 -> 0
B8: Part A – HIPAA Project Office, Budgets, Resources, Contracts, and Plans | C8: =SUM(C10,C19,C40,C53)/46*100 -> 0
B9: Part A | C9: =SUM(C10,C19,C40,C53)/46*100 -> 0
B10: 1.0 HIPAA Project Office (HPO) Established | C10: =SUM(F11,F13,F15,F17) -> 0 | J10: =SUM(C10,C19,C40,C53)/46*100 -> 0 | K10: Part A
B11: Is an HPO established? | D11: FALSE | E11: FALSE | F11: =IF(D11,3,0) -> 0 | G11: =IF(E11,1,0) -> 0 | J11: =SUM(C69)/10*100 -> 0 | K11: Part B
J12: =SUM(C85,C96,C103,C112,C119)/31*100 -> 0 | K12: Part C
B13: Does the HPO have a written charter and a defined role? | D13: FALSE | E13: FALSE | F13: =IF(D13,1,0) -> 0 | G13: =IF(E13,1,0) -> 0 | J13: =SUM(C131,C148)/27*100 -> 0 | K13: Part D
J14: =SUM(C163,C174,C185)/32*100 -> 0 | K14: Part E
B15: Does the HPO have support at the highest State executive levels? | D15: FALSE | E15: FALSE | F15: =IF(D15,1,0) -> 0 | G15: =IF(E15,1,0) -> 0 | J15: =SUM(C198)/16*100 -> 0 | K15: Part F
J16: =SUM(C215)/9*100 -> 0 | K16: Part G
B17: Is there a current Organization chart and Charter document? | D17: FALSE | E17: FALSE | F17: =IF(D17,1,0) -> 0 | G17: =IF(E17,1,0) -> 0 | J17: =SUM(C228,C243)/30*100 -> 0 | K17: Part H
J18: =SUM(C264,C275)/31*100 -> 0 | K18: Part I
B19: 2.0 HIPAA Budgets, Resources, And Contracts | C19: =SUM(F20,F22,F24,F26,F28,F30,F32,F34,F36,F38) -> 0 | J19: =SUM(C294)/13*100 -> 0 | K19: Part J
B20: Are the HIPAA budget requirements known in detail? | D20: FALSE | E20: FALSE | F20: =IF(D20,3,0) -> 0 | G20: =IF(E20,1,0) -> 0
B22: Are the needed APDs submitted and approved for HIPAA? | D22: FALSE | E22: FALSE | F22: =IF(D22,3,0) -> 0 | G22: =IF(E22,1,0) -> 0
B24: Is there a resource plan? | D24: FALSE | E24: FALSE | F24: =IF(D24,3,0) -> 0 | G24: =IF(E24,1,0) -> 0
B26: Are the staffing requirements assessed for the entire project? | D26: FALSE | E26: FALSE | F26: =IF(D26,2,0) -> 0 | G26: =IF(E26,1,0) -> 0
B28: Are staffing resources available when needed? | D28: FALSE | E28: FALSE | F28: =IF(D28,2,0) -> 0 | G28: =IF(E28,1,0) -> 0
B30: Does the HPO have a firm commitment of resources and staff to meet the requirements? | D30: FALSE | E30: FALSE | F30: =IF(D30,1,0) -> 0 | G30: =IF(E30,1,0) -> 0
B32: Are all necessary RFPs for resources and staff completed? | D32: FALSE | E32: FALSE | F32: =IF(D32,1,0) -> 0 | G32: =IF(E32,1,0) -> 0
E33: FALSE
B34: Are contracts in place for additional resources and staff? | D34: FALSE | E34: FALSE | F34: =IF(D34,1,0) -> 0 | G34: =IF(E34,1,0) -> 0
B36: Are contracts in place for needed software (translators, for example)? | D36: FALSE | E36: FALSE | F36: =IF(D36,1,0) -> 0 | G36: =IF(E36,1,0) -> 0
B38: Are other needed services and support contracts in place? | D38: FALSE | E38: FALSE | F38: =IF(D38,1,0) -> 0 | G38: =IF(E38,1,0) -> 0
B40: 3.0 State or Agency HIPAA Plan | C40: =SUM(F41,F43,F45,F47,F49,F51) -> 0
B41: Is there an overall State or Agency (or comparable) HIPAA plan? | D41: FALSE | E41: FALSE | F41: =IF(D41,3,0) -> 0 | G41: =IF(E41,1,0) -> 0
B43: If needed, are there individual department plans? | D43: FALSE | E43: FALSE | F43: =IF(D43,3,0) -> 0 | G43: =IF(E43,1,0) -> 0
B45: Are reasonable timelines established for critical activities? | D45: FALSE | E45: FALSE | F45: =IF(D45,3,0) -> 0 | G45: =IF(E45,1,0) -> 0
B47: Are specific individuals responsible for updating the plan? | D47: FALSE | E47: FALSE | F47: =IF(D47,2,0) -> 0 | G47: =IF(E47,1,0) -> 0
B49: Does the plan include outreach activities? | D49: FALSE | E49: FALSE | F49: =IF(D49,2,0) -> 0 | G49: =IF(E49,1,0) -> 0
B51: Is there a plan for implementation of future HIPAA rules (NPI, Transaction Version Changes, Plan ID, Claims Attachments)? | D51: FALSE | E51: FALSE | F51: =IF(D51,1,0) -> 0 | G51: =IF(E51,1,0) -> 0
B53: 4.0 Scheduling and Tracking Project Activities | C53: =SUM(F54,F56,F58,F60,F62) -> 0
B54: Do HIPAA schedules define tasks and milestones, indicating responsible entities and dependencies? | D54: FALSE | E54: FALSE | F54: =IF(D54,3,0) -> 0 | G54: =IF(E54,1,0) -> 0
B56: Is there a process and tools to support maintaining HIPAA project plans and schedules? | D56: FALSE | E56: FALSE | F56: =IF(D56,1,0) -> 0 | G56: =IF(E56,1,0) -> 0
B58: Do all departments, divisions, and units report to the HPO on HIPAA progress? | D58: FALSE | E58: FALSE | F58: =IF(D58,2,0) -> 0 | G58: =IF(E58,1,0) -> 0
B60: Is there periodic Executive level review of progress and deadlines? | D60: FALSE | E60: FALSE | F60: =IF(D60,1,0) -> 0 | G60: =IF(E60,1,0) -> 0
B62: Has a request for a one-year implementation delay been submitted (by Oct 16, 2002)? | D62: FALSE | E62: FALSE | F62: =IF(D62,1,0) -> 0 | G62: =IF(E62,1,0) -> 0
B66: Part B - Definition of Covered Entity Status | C66: =SUM(F70,F72,F74,F76,F78)/10*100 -> 0
B68: Part B | C68: =SUM(F70,F72,F74,F76,F78)/10*100 -> 0
B69: 5.0 Definition of Covered Entity Status | C69: =SUM(F70,F72,F74,F76,F78) -> 0
B70: Has the Medicaid State agency defined its own Covered Entity boundaries? | D70: FALSE | E70: FALSE | F70: =IF(D70,2,0) -> 0 | G70: =IF(E70,1,0) -> 0
B72: Have any exempt components been identified? | D72: FALSE | E72: FALSE | F72: =IF(D72,2,0) -> 0 | G72: =IF(E72,1,0) -> 0
B74: Does the agency have any components, (e.g., Provider role, Clearinghouse role, or Sponsor role) which would qualify it as another type of Covered Entity? | D74: FALSE | E74: FALSE | F74: =IF(D74,2,0) -> 0 | G74: =IF(E74,1,0) -> 0
B76: Does the Medicaid agency know the Covered Entity status of the other State agencies with which it does business? | D76: FALSE | E76: FALSE | F76: =IF(D76,2,0) -> 0 | G76: =IF(E76,1,0) -> 0
B78: Does the HIPAA Project Plan cover all relationships? | D78: FALSE | E78: FALSE | F78: =IF(D78,2,0) -> 0 | G78: =IF(E78,1,0) -> 0
B82: Part C - Coordination of State Medicaid (or Other Agency) Enterprise | C82: =SUM(C85,C96,C103,C112,C119)/31*100 -> 0
B84: Part C | C84: =SUM(C85,C96,C103,C112,C119)/31*100 -> 0
B85: 6.0 Outreach To Trading Partners | C85: =SUM(F86,F88,F90,F92,F94) -> 0
B86: Does the agency have an Outreach Plan? | D86: FALSE | E86: FALSE | F86: =IF(D86,2,0) -> 0 | G86: =IF(E86,1,0) -> 0
B88: Is the execution of the plan on schedule? | D88: FALSE | E88: FALSE | F88: =IF(D88,1,0) -> 0 | G88: =IF(E88,1,0) -> 0
B90: Have issues related to testing with Partners been identified and resolved? | D90: FALSE | E90: FALSE | F90: =IF(D90,2,0) -> 0 | G90: =IF(E90,1,0) -> 0
B92: Have transition issues been identified and resolved? | D92: FALSE | E92: FALSE | F92: =IF(D92,1,0) -> 0 | G92: =IF(E92,1,0) -> 0
B94: Has the MHCCM (Medicaid HIPAA Compliant Concept Model) Enterprise Perspective been used to verify that all trading partners are included? | D94: FALSE | E94: FALSE | F94: =IF(D94,1,0) -> 0 | G94: =IF(E94,1,0) -> 0
B96: 7.0 Provider Survey | C96: =SUM(F97,F99,F101) -> 0
B97: Has a survey been sent to providers to determine their HIPAA readiness? | D97: FALSE | E97: FALSE | F97: =IF(D97,1,0) -> 0 | G97: =IF(E97,1,0) -> 0
B99: Has the potential EDI volume been determined? | D99: FALSE | E99: FALSE | F99: =IF(D99,2,0) -> 0 | G99: =IF(E99,1,0) -> 0
B101: Is the system able to handle all incoming data via all routes of data submission? | D101: FALSE | E101: FALSE | F101: =IF(D101,1,0) -> 0 | G101: =IF(E101,1,0) -> 0
B103: 8.0 Inventory Of Data Exchange Partners And Data Exchanged | C103: =SUM(F104,F106,F108,F110) -> 0
B104: Was the Y2K inventory of data exchange partners and data reviewed and used as a starting point? | D104: FALSE | E104: FALSE | F104: =IF(D104,1,0) -> 0 | G104: =IF(E104,1,0) -> 0
B106: Have the inventories been updated for HIPAA? | D106: FALSE | E106: FALSE | F106: =IF(D106,2,0) -> 0 | G106: =IF(E106,1,0) -> 0
B108: For covered entities, have the data exchanges that require the use of standard transactions been identified? | D108: FALSE | E108: FALSE | F108: =IF(D108,3,0) -> 0 | G108: =IF(E108,1,0) -> 0
B110: Is the opportunity to use any non-mandated standards (277 unsolicited, 275, 997) being considered? | D110: FALSE | E110: FALSE | F110: =IF(D110,1,0) -> 0 | G110: =IF(E110,1,0) -> 0
B112: 9.0 Trading Partner Agreements | C112: =SUM(F113,F115,F117) -> 0
B113: Have trading partner and Chain of Trust agreements been developed? | D113: FALSE | E113: FALSE | F113: =IF(D113,1,0) -> 0 | G113: =IF(E113,1,0) -> 0
B115: Was a model agreement used? | D115: FALSE | E115: FALSE | F115: =IF(D115,1,0) -> 0 | G115: =IF(E115,1,0) -> 0
B117: Was legal counsel involved in developing the contract language? | D117: FALSE | E117: FALSE | F117: =IF(D117,2,0) -> 0 | G117: =IF(E117,1,0) -> 0
B119: 10.0 Business Associate Agreements | C119: =SUM(F120,F122,F124,F126) -> 0
B120: Have all business associate contracts been examined in light of the Transaction rule? | D120: FALSE | E120: FALSE | F120: =IF(D120,3,0) -> 0 | G120: =IF(E120,1,0) -> 0
B122: Are all needed parts of these contracts rewritten to ensure HIPAA compliance? | D122: FALSE | E122: FALSE | F122: =IF(D122,3,0) -> 0 | G122: =IF(E122,1,0) -> 0
B124: Was a model contract used as an example? | D124: FALSE | E124: FALSE | F124: =IF(D124,1,0) -> 0 | G124: =IF(E124,1,0) -> 0
B126: Was legal counsel involved in developing the contract changes? | D126: FALSE | E126: FALSE | F126: =IF(D126,2,0) -> 0 | G126: =IF(E126,1,0) -> 0
B129: Part D - Impact on Medicaid (or Other Agency) Business Processes | C129: =SUM(C131,C148)/27*100 -> 0
B130: Part D | C130: =SUM(C131,C148)/27*100 -> 0
B131: 11.0 Business Process Identification, Review, And Re-Engineering | C131: =SUM(F132,F134,F136,F138,F140,F142,F144,F146) -> 0
B132: Have the business functions been inventoried? | D132: FALSE | E132: FALSE | F132: =IF(D132,2,0) -> 0 | G132: =IF(E132,1,0) -> 0
B134: Has the inventory been verified against the business functions identified in the MHCCM Operations Perspective? | D134: FALSE | E134: FALSE | F134: =IF(D134,1,0) -> 0 | G134: =IF(E134,1,0) -> 0
B136: Have the business processes been assessed for HIPAA impact? | D136: FALSE | E136: FALSE | F136: =IF(D136,2,0) -> 0 | G136: =IF(E136,1,0) -> 0
B138: In particular, has the electronic availability of eligibility determination been assessed to determine required changes in day-to-day operations? | D138: FALSE | E138: FALSE | F138: =IF(D138,3,0) -> 0 | G138: =IF(E138,1,0) -> 0
B140: Have the processes been prioritized for re-engineering? | D140: FALSE | E140: FALSE | F140: =IF(D140,1,0) -> 0 | G140: =IF(E140,1,0) -> 0
B142: Have the processes been prioritized for contingency planning? | D142: FALSE | E142: FALSE | F142: =IF(D142,1,0) -> 0 | G142: =IF(E142,1,0) -> 0
B144: Are specific plans in place for critical/top priority business processes? | D144: FALSE | E144: FALSE | F144: =IF(D144,2,0) -> 0 | G144: =IF(E144,1,0) -> 0
B146: Can all impacted business processes be ready by the transition date? | D146: FALSE | E146: FALSE | F146: =IF(D146,2,0) -> 0 | G146: =IF(E146,1,0) -> 0
B148: 12.0 HIPAA Standard Code Sets (Loss of Local Codes) | C148: =SUM(F149,F151,F153,F155,F157) -> 0
B149: Has the impact of the loss of local codes and adoption of standard codes on business processes been assessed? | D149: FALSE | E149: FALSE | F149: =IF(D149,3,0) -> 0 | G149: =IF(E149,1,0) -> 0
B151: Has the impact of the loss of local codes and adoption of standard codes on systems been assessed? | D151: FALSE | E151: FALSE | F151: =IF(D151,3,0) -> 0 | G151: =IF(E151,1,0) -> 0
B153: Can required legal and policy changes to support the loss of local codes be implemented in a timely manner? | D153: FALSE | E153: FALSE | F153: =IF(D153,2,0) -> 0 | G153: =IF(E153,1,0) -> 0
B155: Have needed requests for code set changes been submitted and coordinated with the NMEH sub-workgroups (local codes, taxonomy, prior auth, EOB, etc.)? | D155: FALSE | E155: FALSE | F155: =IF(D155,2,0) -> 0 | G155: =IF(E155,1,0) -> 0
B157: Is the impact that switching to standard codes will have on policies, procedures, retraining of staff, and communication with providers known? | D157: FALSE | E157: FALSE | F157: =IF(D157,3,0) -> 0 | G157: =IF(E157,1,0) -> 0
B160: Part E - System Impact Assessment | C160: =SUM(C163,C174,C185)/32*100 -> 0
B162: Part E | C162: =SUM(C163,C174,C185)/32*100 -> 0
B163: 13.0 System Assessments | C163: =SUM(F164,F166,F168,F170,F172) -> 0
B164: Has a Gap Analysis been performed? | D164: FALSE | E164: FALSE | F164: =IF(D164,2,0) -> 0 | G164: =IF(E164,1,0) -> 0
B166: Have mandated standard HIPAA transactions been mapped (270, 271, 276, 277, 278 request, 278 response, 820, 834, 835, 837, 837 COB)? | D166: FALSE | E166: FALSE | F166: =IF(D166,3,0) -> 0 | G166: =IF(E166,1,0) -> 0
B168: Have all non-mandated X12 transactions that are planned to be implemented been mapped (e.g., 277 UNSOLICITED, 275, 997)? | D168: FALSE | E168: FALSE | F168: =IF(D168,2,0) -> 0 | G168: =IF(E168,1,0) -> 0
B170: Have all affected system components been identified? | D170: FALSE | E170: FALSE | F170: =IF(D170,2,0) -> 0 | G170: =IF(E170,1,0) -> 0
B172: Has system assessment been completed? | D172: FALSE | E172: FALSE | F172: =IF(D172,3,0) -> 0 | G172: =IF(E172,1,0) -> 0
B174: 14.0 Input Modes | C174: =SUM(F175,F177,F179,F181,F183) -> 0
B175: Have all modes of input for all types of transactions been identified? | D175: FALSE | E175: FALSE | F175: =IF(D175,3,0) -> 0 | G175: =IF(E175,1,0) -> 0
B177: Has a plan been developed to maintain or implement each type of input? | D177: FALSE | E177: FALSE | F177: =IF(D177,3,0) -> 0 | G177: =IF(E177,1,0) -> 0
...

Sheet Results
C3: Overall Self Assessment Score Is: | E3: ='Data Input'!$C6 -> 0
D30: Risk by Section
C32: Part A | D32: HIPAA Project Office, Budgets, Resources, Contracts, and Plans | E32: ='Data Input'!$C8 -> 0
C34: Part B | D34: Definition of Covered Entity Status | E34: ='Data Input'!$C66 -> 0
C36: Part C | D36: Coordination of State Medicaid (or Other Agency) Enterprise | E36: ='Data Input'!$C82 -> 0
C38: Part D | D38: Impact on Medicaid (or Other Agency) Business Processes | E38: ='Data Input'!$C129 -> 0
C40: Part E | D40: System Impact Assessment | E40: ='Data Input'!$C160 -> 0
C42: Part F | D42: Design of System and Business Process Changes | E42: ='Data Input'!$C195 -> 0
C44: Part G | D44: System Renovation | E44: ='Data Input'!$C212 -> 0
C46: Part H | D46: Validation and Testing | E46: ='Data Input'!$C225 -> 0
C48: Part I | D48: Implementation and Transition | E48: ='Data Input'!$C261 -> 0
C50: Part J | D50: Contingency Planning | E50: ='Data Input'!$C291 -> 0
